ISO-10303-21;
HEADER;
/* Generated by software containing ST-Developer
 * from STEP Tools, Inc. (www.steptools.com) 
 */

FILE_DESCRIPTION(
/* description */ (''),
/* implementation_level */ '2;1');

FILE_NAME(
/* name */ 'P:\\E-Switch Secure\\3D_MODELS_STP_FORMAT\\100SPxT2B4M6xE.
stp',
/* time_stamp */ '2023-09-20T10:29:46-05:00',
/* author */ ('mwilliams'),
/* organization */ (''),
/* preprocessor_version */ 'ST-DEVELOPER v18.1',
/* originating_system */ 'Autodesk Inventor 2022',
/* authorisation */ '');

FILE_SCHEMA (('AUTOMOTIVE_DESIGN { 1 0 10303 214 3 1 1 }'));
ENDSEC;

DATA;
#10=MECHANICAL_DESIGN_GEOMETRIC_PRESENTATION_REPRESENTATION('',(#96,#97,
#98,#99,#100,#101),#7037);
#11=SHAPE_REPRESENTATION_RELATIONSHIP('SRR','None',#7047,#12);
#12=ADVANCED_BREP_SHAPE_REPRESENTATION('',(#102,#103,#104,#105,#106,#107),
#7036);
#13=ELLIPSE('',#4350,0.027276390670376,0.015748031496063);
#14=ELLIPSE('',#4354,0.027276390670376,0.015748031496063);
#15=ELLIPSE('',#4357,0.027276390670376,0.015748031496063);
#16=ELLIPSE('',#4360,0.027276390670376,0.015748031496063);
#17=ELLIPSE('',#4401,0.027276390670376,0.015748031496063);
#18=ELLIPSE('',#4402,0.027276390670376,0.015748031496063);
#19=ELLIPSE('',#4405,0.027276390670376,0.015748031496063);
#20=ELLIPSE('',#4406,0.027276390670376,0.015748031496063);
#21=ELLIPSE('',#4409,0.027276390670376,0.015748031496063);
#22=ELLIPSE('',#4410,0.027276390670376,0.015748031496063);
#23=ELLIPSE('',#4413,0.027276390670376,0.015748031496063);
#24=ELLIPSE('',#4414,0.027276390670376,0.015748031496063);
#25=ELLIPSE('',#4455,0.027276390670376,0.015748031496063);
#26=ELLIPSE('',#4458,0.027276390670376,0.015748031496063);
#27=ELLIPSE('',#4461,0.027276390670376,0.015748031496063);
#28=ELLIPSE('',#4464,0.027276390670376,0.015748031496063);
#29=ELLIPSE('',#4494,0.0160819200711398,0.015748031496063);
#30=ELLIPSE('',#4496,0.0160819200711397,0.015748031496063);
#31=ELLIPSE('',#4498,0.0160819200711397,0.015748031496063);
#32=ELLIPSE('',#4500,0.0160819200711399,0.015748031496063);
#33=ELLIPSE('',#4506,0.0160819200711397,0.015748031496063);
#34=ELLIPSE('',#4509,0.0160819200711397,0.015748031496063);
#35=ELLIPSE('',#4512,0.0160819200711398,0.015748031496063);
#36=ELLIPSE('',#4516,0.0160819200711396,0.015748031496063);
#37=(
BOUNDED_CURVE()
B_SPLINE_CURVE(2,(#6091,#6092,#6093),.UNSPECIFIED.,.F.,.F.)
B_SPLINE_CURVE_WITH_KNOTS((3,3),(-0.415536311211577,-0.306643204032212),
 .UNSPECIFIED.)
CURVE()
GEOMETRIC_REPRESENTATION_ITEM()
RATIONAL_B_SPLINE_CURVE((1.20506205550094,1.19205446182709,1.1717821389639))
REPRESENTATION_ITEM('')
);
#38=(
BOUNDED_CURVE()
B_SPLINE_CURVE(2,(#6624,#6625,#6626),.UNSPECIFIED.,.F.,.F.)
B_SPLINE_CURVE_WITH_KNOTS((3,3),(0.306643204032326,0.415536311211743),
 .UNSPECIFIED.)
CURVE()
GEOMETRIC_REPRESENTATION_ITEM()
RATIONAL_B_SPLINE_CURVE((1.17178213896444,1.19205446182769,1.20506205550157))
REPRESENTATION_ITEM('')
);
#39=FACE_BOUND('',#1500,.T.);
#40=FACE_BOUND('',#1546,.T.);
#41=FACE_BOUND('',#1577,.T.);
#42=FACE_BOUND('',#1608,.T.);
#43=FACE_BOUND('',#1617,.T.);
#44=FACE_BOUND('',#1620,.T.);
#45=FACE_BOUND('',#1625,.T.);
#46=FACE_BOUND('',#1678,.T.);
#47=FACE_BOUND('',#1680,.T.);
#48=CYLINDRICAL_SURFACE('',#4251,0.0277234080265106);
#49=CYLINDRICAL_SURFACE('',#4259,0.0277234080265106);
#50=CYLINDRICAL_SURFACE('',#4268,0.0277234080265106);
#51=CYLINDRICAL_SURFACE('',#4275,0.0277234080265106);
#52=CYLINDRICAL_SURFACE('',#4300,0.00984251968503937);
#53=CYLINDRICAL_SURFACE('',#4302,0.00984251968503937);
#54=CYLINDRICAL_SURFACE('',#4304,0.00984251968503937);
#55=CYLINDRICAL_SURFACE('',#4306,0.00984251968503937);
#56=CYLINDRICAL_SURFACE('',#4309,0.0240157480314961);
#57=CYLINDRICAL_SURFACE('',#4313,0.0240157480314961);
#58=CYLINDRICAL_SURFACE('',#4319,0.0893700787401575);
#59=CYLINDRICAL_SURFACE('',#4325,0.0393700787401575);
#60=CYLINDRICAL_SURFACE('',#4349,0.015748031496063);
#61=CYLINDRICAL_SURFACE('',#4351,0.015748031496063);
#62=CYLINDRICAL_SURFACE('',#4352,0.015748031496063);
#63=CYLINDRICAL_SURFACE('',#4353,0.015748031496063);
#64=CYLINDRICAL_SURFACE('',#4355,0.015748031496063);
#65=CYLINDRICAL_SURFACE('',#4356,0.015748031496063);
#66=CYLINDRICAL_SURFACE('',#4358,0.015748031496063);
#67=CYLINDRICAL_SURFACE('',#4359,0.015748031496063);
#68=CYLINDRICAL_SURFACE('',#4369,0.0893700787401575);
#69=CYLINDRICAL_SURFACE('',#4375,0.0393700787401575);
#70=CYLINDRICAL_SURFACE('',#4399,0.015748031496063);
#71=CYLINDRICAL_SURFACE('',#4400,0.015748031496063);
#72=CYLINDRICAL_SURFACE('',#4403,0.015748031496063);
#73=CYLINDRICAL_SURFACE('',#4404,0.015748031496063);
#74=CYLINDRICAL_SURFACE('',#4407,0.015748031496063);
#75=CYLINDRICAL_SURFACE('',#4408,0.015748031496063);
#76=CYLINDRICAL_SURFACE('',#4411,0.015748031496063);
#77=CYLINDRICAL_SURFACE('',#4412,0.015748031496063);
#78=CYLINDRICAL_SURFACE('',#4423,0.0893700787401575);
#79=CYLINDRICAL_SURFACE('',#4429,0.0393700787401575);
#80=CYLINDRICAL_SURFACE('',#4453,0.015748031496063);
#81=CYLINDRICAL_SURFACE('',#4454,0.015748031496063);
#82=CYLINDRICAL_SURFACE('',#4456,0.015748031496063);
#83=CYLINDRICAL_SURFACE('',#4457,0.015748031496063);
#84=CYLINDRICAL_SURFACE('',#4459,0.015748031496063);
#85=CYLINDRICAL_SURFACE('',#4460,0.015748031496063);
#86=CYLINDRICAL_SURFACE('',#4462,0.015748031496063);
#87=CYLINDRICAL_SURFACE('',#4463,0.015748031496063);
#88=CYLINDRICAL_SURFACE('',#4489,0.0826771653543307);
#89=CYLINDRICAL_SURFACE('',#4491,0.12244094488189);
#90=CYLINDRICAL_SURFACE('',#4505,0.015748031496063);
#91=CYLINDRICAL_SURFACE('',#4508,0.015748031496063);
#92=CYLINDRICAL_SURFACE('',#4511,0.015748031496063);
#93=CYLINDRICAL_SURFACE('',#4515,0.015748031496063);
#94=CYLINDRICAL_SURFACE('',#4562,0.0299212598425201);
#95=CYLINDRICAL_SURFACE('',#4565,0.0299212598425201);
#96=STYLED_ITEM('',(#7056),#102);
#97=STYLED_ITEM('',(#7056),#103);
#98=STYLED_ITEM('',(#7056),#104);
#99=STYLED_ITEM('',(#7056),#105);
#100=STYLED_ITEM('',(#7056),#106);
#101=STYLED_ITEM('',(#7056),#107);
#102=MANIFOLD_SOLID_BREP('Solid1',#4213);
#103=MANIFOLD_SOLID_BREP('Solid4',#4214);
#104=MANIFOLD_SOLID_BREP('Solid5',#4215);
#105=MANIFOLD_SOLID_BREP('Solid6',#4216);
#106=MANIFOLD_SOLID_BREP('Solid7',#4217);
#107=MANIFOLD_SOLID_BREP('Solid8',#4218);
#108=PLANE('',#4247);
#109=PLANE('',#4248);
#110=PLANE('',#4249);
#111=PLANE('',#4253);
#112=PLANE('',#4254);
#113=PLANE('',#4255);
#114=PLANE('',#4256);
#115=PLANE('',#4258);
#116=PLANE('',#4261);
#117=PLANE('',#4262);
#118=PLANE('',#4263);
#119=PLANE('',#4264);
#120=PLANE('',#4265);
#121=PLANE('',#4267);
#122=PLANE('',#4270);
#123=PLANE('',#4271);
#124=PLANE('',#4272);
#125=PLANE('',#4274);
#126=PLANE('',#4277);
#127=PLANE('',#4278);
#128=PLANE('',#4279);
#129=PLANE('',#4280);
#130=PLANE('',#4286);
#131=PLANE('',#4290);
#132=PLANE('',#4298);
#133=PLANE('',#4301);
#134=PLANE('',#4303);
#135=PLANE('',#4305);
#136=PLANE('',#4307);
#137=PLANE('',#4308);
#138=PLANE('',#4310);
#139=PLANE('',#4311);
#140=PLANE('',#4312);
#141=PLANE('',#4314);
#142=PLANE('',#4315);
#143=PLANE('',#4316);
#144=PLANE('',#4317);
#145=PLANE('',#4318);
#146=PLANE('',#4322);
#147=PLANE('',#4324);
#148=PLANE('',#4327);
#149=PLANE('',#4328);
#150=PLANE('',#4329);
#151=PLANE('',#4330);
#152=PLANE('',#4331);
#153=PLANE('',#4332);
#154=PLANE('',#4361);
#155=PLANE('',#4362);
#156=PLANE('',#4363);
#157=PLANE('',#4364);
#158=PLANE('',#4365);
#159=PLANE('',#4366);
#160=PLANE('',#4367);
#161=PLANE('',#4368);
#162=PLANE('',#4372);
#163=PLANE('',#4374);
#164=PLANE('',#4377);
#165=PLANE('',#4378);
#166=PLANE('',#4379);
#167=PLANE('',#4380);
#168=PLANE('',#4381);
#169=PLANE('',#4382);
#170=PLANE('',#4415);
#171=PLANE('',#4416);
#172=PLANE('',#4417);
#173=PLANE('',#4418);
#174=PLANE('',#4419);
#175=PLANE('',#4420);
#176=PLANE('',#4421);
#177=PLANE('',#4422);
#178=PLANE('',#4426);
#179=PLANE('',#4428);
#180=PLANE('',#4431);
#181=PLANE('',#4432);
#182=PLANE('',#4433);
#183=PLANE('',#4434);
#184=PLANE('',#4435);
#185=PLANE('',#4436);
#186=PLANE('',#4465);
#187=PLANE('',#4466);
#188=PLANE('',#4467);
#189=PLANE('',#4468);
#190=PLANE('',#4469);
#191=PLANE('',#4470);
#192=PLANE('',#4471);
#193=PLANE('',#4472);
#194=PLANE('',#4473);
#195=PLANE('',#4475);
#196=PLANE('',#4477);
#197=PLANE('',#4480);
#198=PLANE('',#4481);
#199=PLANE('',#4482);
#200=PLANE('',#4483);
#201=PLANE('',#4487);
#202=PLANE('',#4490);
#203=PLANE('',#4492);
#204=PLANE('',#4493);
#205=PLANE('',#4495);
#206=PLANE('',#4497);
#207=PLANE('',#4499);
#208=PLANE('',#4501);
#209=PLANE('',#4503);
#210=PLANE('',#4507);
#211=PLANE('',#4510);
#212=PLANE('',#4513);
#213=PLANE('',#4514);
#214=PLANE('',#4517);
#215=PLANE('',#4518);
#216=PLANE('',#4519);
#217=PLANE('',#4520);
#218=PLANE('',#4521);
#219=PLANE('',#4522);
#220=PLANE('',#4523);
#221=PLANE('',#4524);
#222=PLANE('',#4525);
#223=PLANE('',#4527);
#224=PLANE('',#4528);
#225=PLANE('',#4529);
#226=PLANE('',#4530);
#227=PLANE('',#4531);
#228=PLANE('',#4532);
#229=PLANE('',#4533);
#230=PLANE('',#4534);
#231=PLANE('',#4535);
#232=PLANE('',#4536);
#233=PLANE('',#4537);
#234=PLANE('',#4538);
#235=PLANE('',#4539);
#236=PLANE('',#4540);
#237=PLANE('',#4541);
#238=PLANE('',#4542);
#239=PLANE('',#4543);
#240=PLANE('',#4544);
#241=PLANE('',#4545);
#242=PLANE('',#4546);
#243=PLANE('',#4547);
#244=PLANE('',#4548);
#245=PLANE('',#4549);
#246=PLANE('',#4550);
#247=PLANE('',#4551);
#248=PLANE('',#4552);
#249=PLANE('',#4553);
#250=PLANE('',#4554);
#251=PLANE('',#4555);
#252=PLANE('',#4556);
#253=PLANE('',#4557);
#254=PLANE('',#4558);
#255=PLANE('',#4559);
#256=PLANE('',#4561);
#257=PLANE('',#4568);
#258=PLANE('',#4569);
#259=PLANE('',#4570);
#260=PLANE('',#4571);
#261=PLANE('',#4572);
#262=PLANE('',#4573);
#263=PLANE('',#4574);
#264=PLANE('',#4575);
#265=PLANE('',#4576);
#266=PLANE('',#4577);
#267=PLANE('',#4578);
#268=PLANE('',#4579);
#269=PLANE('',#4580);
#270=PLANE('',#4581);
#271=PLANE('',#4582);
#272=PLANE('',#4583);
#273=PLANE('',#4584);
#274=PLANE('',#4585);
#275=PLANE('',#4586);
#276=PLANE('',#4587);
#277=PLANE('',#4588);
#278=PLANE('',#4589);
#279=PLANE('',#4590);
#280=PLANE('',#4591);
#281=PLANE('',#4592);
#282=PLANE('',#4593);
#283=LINE('',#5841,#755);
#284=LINE('',#5846,#756);
#285=LINE('',#5848,#757);
#286=LINE('',#5850,#758);
#287=LINE('',#5851,#759);
#288=LINE('',#5854,#760);
#289=LINE('',#5857,#761);
#290=LINE('',#5860,#762);
#291=LINE('',#5863,#763);
#292=LINE('',#5865,#764);
#293=LINE('',#5867,#765);
#294=LINE('',#5872,#766);
#295=LINE('',#5874,#767);
#296=LINE('',#5876,#768);
#297=LINE('',#5880,#769);
#298=LINE('',#5882,#770);
#299=LINE('',#5883,#771);
#300=LINE('',#5886,#772);
#301=LINE('',#5889,#773);
#302=LINE('',#5891,#774);
#303=LINE('',#5893,#775);
#304=LINE('',#5898,#776);
#305=LINE('',#5900,#777);
#306=LINE('',#5902,#778);
#307=LINE('',#5903,#779);
#308=LINE('',#5906,#780);
#309=LINE('',#5908,#781);
#310=LINE('',#5912,#782);
#311=LINE('',#5913,#783);
#312=LINE('',#5917,#784);
#313=LINE('',#5919,#785);
#314=LINE('',#5924,#786);
#315=LINE('',#5926,#787);
#316=LINE('',#5929,#788);
#317=LINE('',#5933,#789);
#318=LINE('',#5934,#790);
#319=LINE('',#5935,#791);
#320=LINE('',#5939,#792);
#321=LINE('',#5942,#793);
#322=LINE('',#5943,#794);
#323=LINE('',#5945,#795);
#324=LINE('',#5950,#796);
#325=LINE('',#5952,#797);
#326=LINE('',#5956,#798);
#327=LINE('',#5958,#799);
#328=LINE('',#5962,#800);
#329=LINE('',#5964,#801);
#330=LINE('',#5966,#802);
#331=LINE('',#5970,#803);
#332=LINE('',#5972,#804);
#333=LINE('',#5976,#805);
#334=LINE('',#5978,#806);
#335=LINE('',#5983,#807);
#336=LINE('',#5987,#808);
#337=LINE('',#5989,#809);
#338=LINE('',#5993,#810);
#339=LINE('',#5996,#811);
#340=LINE('',#6002,#812);
#341=LINE('',#6006,#813);
#342=LINE('',#6010,#814);
#343=LINE('',#6014,#815);
#344=LINE('',#6016,#816);
#345=LINE('',#6020,#817);
#346=LINE('',#6022,#818);
#347=LINE('',#6024,#819);
#348=LINE('',#6028,#820);
#349=LINE('',#6029,#821);
#350=LINE('',#6032,#822);
#351=LINE('',#6034,#823);
#352=LINE('',#6036,#824);
#353=LINE('',#6042,#825);
#354=LINE('',#6043,#826);
#355=LINE('',#6045,#827);
#356=LINE('',#6046,#828);
#357=LINE('',#6048,#829);
#358=LINE('',#6049,#830);
#359=LINE('',#6051,#831);
#360=LINE('',#6053,#832);
#361=LINE('',#6055,#833);
#362=LINE('',#6057,#834);
#363=LINE('',#6059,#835);
#364=LINE('',#6061,#836);
#365=LINE('',#6063,#837);
#366=LINE('',#6065,#838);
#367=LINE('',#6067,#839);
#368=LINE('',#6069,#840);
#369=LINE('',#6071,#841);
#370=LINE('',#6073,#842);
#371=LINE('',#6077,#843);
#372=LINE('',#6079,#844);
#373=LINE('',#6081,#845);
#374=LINE('',#6083,#846);
#375=LINE('',#6084,#847);
#376=LINE('',#6087,#848);
#377=LINE('',#6089,#849);
#378=LINE('',#6094,#850);
#379=LINE('',#6097,#851);
#380=LINE('',#6098,#852);
#381=LINE('',#6104,#853);
#382=LINE('',#6107,#854);
#383=LINE('',#6110,#855);
#384=LINE('',#6112,#856);
#385=LINE('',#6114,#857);
#386=LINE('',#6116,#858);
#387=LINE('',#6118,#859);
#388=LINE('',#6120,#860);
#389=LINE('',#6122,#861);
#390=LINE('',#6126,#862);
#391=LINE('',#6128,#863);
#392=LINE('',#6129,#864);
#393=LINE('',#6132,#865);
#394=LINE('',#6133,#866);
#395=LINE('',#6136,#867);
#396=LINE('',#6139,#868);
#397=LINE('',#6142,#869);
#398=LINE('',#6143,#870);
#399=LINE('',#6146,#871);
#400=LINE('',#6147,#872);
#401=LINE('',#6150,#873);
#402=LINE('',#6151,#874);
#403=LINE('',#6153,#875);
#404=LINE('',#6156,#876);
#405=LINE('',#6157,#877);
#406=LINE('',#6160,#878);
#407=LINE('',#6161,#879);
#408=LINE('',#6194,#880);
#409=LINE('',#6195,#881);
#410=LINE('',#6197,#882);
#411=LINE('',#6198,#883);
#412=LINE('',#6200,#884);
#413=LINE('',#6201,#885);
#414=LINE('',#6206,#886);
#415=LINE('',#6207,#887);
#416=LINE('',#6209,#888);
#417=LINE('',#6210,#889);
#418=LINE('',#6215,#890);
#419=LINE('',#6216,#891);
#420=LINE('',#6218,#892);
#421=LINE('',#6219,#893);
#422=LINE('',#6224,#894);
#423=LINE('',#6225,#895);
#424=LINE('',#6227,#896);
#425=LINE('',#6229,#897);
#426=LINE('',#6232,#898);
#427=LINE('',#6234,#899);
#428=LINE('',#6235,#900);
#429=LINE('',#6237,#901);
#430=LINE('',#6239,#902);
#431=LINE('',#6242,#903);
#432=LINE('',#6244,#904);
#433=LINE('',#6250,#905);
#434=LINE('',#6253,#906);
#435=LINE('',#6256,#907);
#436=LINE('',#6258,#908);
#437=LINE('',#6260,#909);
#438=LINE('',#6262,#910);
#439=LINE('',#6264,#911);
#440=LINE('',#6266,#912);
#441=LINE('',#6268,#913);
#442=LINE('',#6272,#914);
#443=LINE('',#6274,#915);
#444=LINE('',#6275,#916);
#445=LINE('',#6278,#917);
#446=LINE('',#6279,#918);
#447=LINE('',#6282,#919);
#448=LINE('',#6285,#920);
#449=LINE('',#6288,#921);
#450=LINE('',#6289,#922);
#451=LINE('',#6292,#923);
#452=LINE('',#6293,#924);
#453=LINE('',#6296,#925);
#454=LINE('',#6297,#926);
#455=LINE('',#6299,#927);
#456=LINE('',#6302,#928);
#457=LINE('',#6303,#929);
#458=LINE('',#6306,#930);
#459=LINE('',#6307,#931);
#460=LINE('',#6337,#932);
#461=LINE('',#6338,#933);
#462=LINE('',#6345,#934);
#463=LINE('',#6346,#935);
#464=LINE('',#6348,#936);
#465=LINE('',#6349,#937);
#466=LINE('',#6356,#938);
#467=LINE('',#6357,#939);
#468=LINE('',#6359,#940);
#469=LINE('',#6360,#941);
#470=LINE('',#6367,#942);
#471=LINE('',#6368,#943);
#472=LINE('',#6370,#944);
#473=LINE('',#6371,#945);
#474=LINE('',#6378,#946);
#475=LINE('',#6379,#947);
#476=LINE('',#6382,#948);
#477=LINE('',#6384,#949);
#478=LINE('',#6385,#950);
#479=LINE('',#6387,#951);
#480=LINE('',#6390,#952);
#481=LINE('',#6392,#953);
#482=LINE('',#6393,#954);
#483=LINE('',#6395,#955);
#484=LINE('',#6397,#956);
#485=LINE('',#6400,#957);
#486=LINE('',#6403,#958);
#487=LINE('',#6405,#959);
#488=LINE('',#6406,#960);
#489=LINE('',#6412,#961);
#490=LINE('',#6415,#962);
#491=LINE('',#6418,#963);
#492=LINE('',#6420,#964);
#493=LINE('',#6422,#965);
#494=LINE('',#6424,#966);
#495=LINE('',#6426,#967);
#496=LINE('',#6428,#968);
#497=LINE('',#6430,#969);
#498=LINE('',#6434,#970);
#499=LINE('',#6436,#971);
#500=LINE('',#6437,#972);
#501=LINE('',#6440,#973);
#502=LINE('',#6441,#974);
#503=LINE('',#6444,#975);
#504=LINE('',#6447,#976);
#505=LINE('',#6450,#977);
#506=LINE('',#6451,#978);
#507=LINE('',#6454,#979);
#508=LINE('',#6455,#980);
#509=LINE('',#6458,#981);
#510=LINE('',#6459,#982);
#511=LINE('',#6461,#983);
#512=LINE('',#6464,#984);
#513=LINE('',#6465,#985);
#514=LINE('',#6468,#986);
#515=LINE('',#6469,#987);
#516=LINE('',#6499,#988);
#517=LINE('',#6500,#989);
#518=LINE('',#6505,#990);
#519=LINE('',#6506,#991);
#520=LINE('',#6508,#992);
#521=LINE('',#6509,#993);
#522=LINE('',#6514,#994);
#523=LINE('',#6515,#995);
#524=LINE('',#6517,#996);
#525=LINE('',#6518,#997);
#526=LINE('',#6523,#998);
#527=LINE('',#6524,#999);
#528=LINE('',#6526,#1000);
#529=LINE('',#6527,#1001);
#530=LINE('',#6532,#1002);
#531=LINE('',#6533,#1003);
#532=LINE('',#6535,#1004);
#533=LINE('',#6537,#1005);
#534=LINE('',#6540,#1006);
#535=LINE('',#6542,#1007);
#536=LINE('',#6543,#1008);
#537=LINE('',#6545,#1009);
#538=LINE('',#6547,#1010);
#539=LINE('',#6550,#1011);
#540=LINE('',#6552,#1012);
#541=LINE('',#6557,#1013);
#542=LINE('',#6559,#1014);
#543=LINE('',#6561,#1015);
#544=LINE('',#6563,#1016);
#545=LINE('',#6564,#1017);
#546=LINE('',#6567,#1018);
#547=LINE('',#6569,#1019);
#548=LINE('',#6571,#1020);
#549=LINE('',#6573,#1021);
#550=LINE('',#6575,#1022);
#551=LINE('',#6581,#1023);
#552=LINE('',#6583,#1024);
#553=LINE('',#6585,#1025);
#554=LINE('',#6587,#1026);
#555=LINE('',#6589,#1027);
#556=LINE('',#6591,#1028);
#557=LINE('',#6593,#1029);
#558=LINE('',#6595,#1030);
#559=LINE('',#6597,#1031);
#560=LINE('',#6601,#1032);
#561=LINE('',#6602,#1033);
#562=LINE('',#6605,#1034);
#563=LINE('',#6607,#1035);
#564=LINE('',#6609,#1036);
#565=LINE('',#6611,#1037);
#566=LINE('',#6613,#1038);
#567=LINE('',#6615,#1039);
#568=LINE('',#6616,#1040);
#569=LINE('',#6618,#1041);
#570=LINE('',#6620,#1042);
#571=LINE('',#6630,#1043);
#572=LINE('',#6634,#1044);
#573=LINE('',#6636,#1045);
#574=LINE('',#6640,#1046);
#575=LINE('',#6642,#1047);
#576=LINE('',#6644,#1048);
#577=LINE('',#6646,#1049);
#578=LINE('',#6647,#1050);
#579=LINE('',#6651,#1051);
#580=LINE('',#6653,#1052);
#581=LINE('',#6655,#1053);
#582=LINE('',#6658,#1054);
#583=LINE('',#6661,#1055);
#584=LINE('',#6663,#1056);
#585=LINE('',#6665,#1057);
#586=LINE('',#6669,#1058);
#587=LINE('',#6671,#1059);
#588=LINE('',#6673,#1060);
#589=LINE('',#6677,#1061);
#590=LINE('',#6679,#1062);
#591=LINE('',#6681,#1063);
#592=LINE('',#6684,#1064);
#593=LINE('',#6688,#1065);
#594=LINE('',#6689,#1066);
#595=LINE('',#6694,#1067);
#596=LINE('',#6695,#1068);
#597=LINE('',#6699,#1069);
#598=LINE('',#6703,#1070);
#599=LINE('',#6705,#1071);
#600=LINE('',#6706,#1072);
#601=LINE('',#6710,#1073);
#602=LINE('',#6713,#1074);
#603=LINE('',#6715,#1075);
#604=LINE('',#6716,#1076);
#605=LINE('',#6719,#1077);
#606=LINE('',#6722,#1078);
#607=LINE('',#6724,#1079);
#608=LINE('',#6727,#1080);
#609=LINE('',#6729,#1081);
#610=LINE('',#6730,#1082);
#611=LINE('',#6735,#1083);
#612=LINE('',#6736,#1084);
#613=LINE('',#6738,#1085);
#614=LINE('',#6739,#1086);
#615=LINE('',#6742,#1087);
#616=LINE('',#6744,#1088);
#617=LINE('',#6745,#1089);
#618=LINE('',#6748,#1090);
#619=LINE('',#6750,#1091);
#620=LINE('',#6751,#1092);
#621=LINE('',#6754,#1093);
#622=LINE('',#6756,#1094);
#623=LINE('',#6757,#1095);
#624=LINE('',#6759,#1096);
#625=LINE('',#6760,#1097);
#626=LINE('',#6763,#1098);
#627=LINE('',#6765,#1099);
#628=LINE('',#6766,#1100);
#629=LINE('',#6768,#1101);
#630=LINE('',#6769,#1102);
#631=LINE('',#6772,#1103);
#632=LINE('',#6774,#1104);
#633=LINE('',#6775,#1105);
#634=LINE('',#6779,#1106);
#635=LINE('',#6781,#1107);
#636=LINE('',#6785,#1108);
#637=LINE('',#6787,#1109);
#638=LINE('',#6789,#1110);
#639=LINE('',#6790,#1111);
#640=LINE('',#6793,#1112);
#641=LINE('',#6795,#1113);
#642=LINE('',#6796,#1114);
#643=LINE('',#6799,#1115);
#644=LINE('',#6801,#1116);
#645=LINE('',#6802,#1117);
#646=LINE('',#6805,#1118);
#647=LINE('',#6807,#1119);
#648=LINE('',#6808,#1120);
#649=LINE('',#6811,#1121);
#650=LINE('',#6813,#1122);
#651=LINE('',#6814,#1123);
#652=LINE('',#6817,#1124);
#653=LINE('',#6819,#1125);
#654=LINE('',#6820,#1126);
#655=LINE('',#6823,#1127);
#656=LINE('',#6825,#1128);
#657=LINE('',#6826,#1129);
#658=LINE('',#6829,#1130);
#659=LINE('',#6831,#1131);
#660=LINE('',#6832,#1132);
#661=LINE('',#6835,#1133);
#662=LINE('',#6837,#1134);
#663=LINE('',#6838,#1135);
#664=LINE('',#6841,#1136);
#665=LINE('',#6843,#1137);
#666=LINE('',#6844,#1138);
#667=LINE('',#6847,#1139);
#668=LINE('',#6849,#1140);
#669=LINE('',#6850,#1141);
#670=LINE('',#6852,#1142);
#671=LINE('',#6853,#1143);
#672=LINE('',#6857,#1144);
#673=LINE('',#6859,#1145);
#674=LINE('',#6861,#1146);
#675=LINE('',#6862,#1147);
#676=LINE('',#6865,#1148);
#677=LINE('',#6867,#1149);
#678=LINE('',#6868,#1150);
#679=LINE('',#6871,#1151);
#680=LINE('',#6873,#1152);
#681=LINE('',#6874,#1153);
#682=LINE('',#6877,#1154);
#683=LINE('',#6879,#1155);
#684=LINE('',#6880,#1156);
#685=LINE('',#6883,#1157);
#686=LINE('',#6885,#1158);
#687=LINE('',#6886,#1159);
#688=LINE('',#6889,#1160);
#689=LINE('',#6891,#1161);
#690=LINE('',#6892,#1162);
#691=LINE('',#6895,#1163);
#692=LINE('',#6897,#1164);
#693=LINE('',#6898,#1165);
#694=LINE('',#6901,#1166);
#695=LINE('',#6903,#1167);
#696=LINE('',#6904,#1168);
#697=LINE('',#6907,#1169);
#698=LINE('',#6909,#1170);
#699=LINE('',#6910,#1171);
#700=LINE('',#6913,#1172);
#701=LINE('',#6915,#1173);
#702=LINE('',#6916,#1174);
#703=LINE('',#6919,#1175);
#704=LINE('',#6921,#1176);
#705=LINE('',#6922,#1177);
#706=LINE('',#6924,#1178);
#707=LINE('',#6925,#1179);
#708=LINE('',#6929,#1180);
#709=LINE('',#6931,#1181);
#710=LINE('',#6932,#1182);
#711=LINE('',#6935,#1183);
#712=LINE('',#6936,#1184);
#713=LINE('',#6939,#1185);
#714=LINE('',#6940,#1186);
#715=LINE('',#6942,#1187);
#716=LINE('',#6945,#1188);
#717=LINE('',#6946,#1189);
#718=LINE('',#6949,#1190);
#719=LINE('',#6951,#1191);
#720=LINE('',#6952,#1192);
#721=LINE('',#6954,#1193);
#722=LINE('',#6957,#1194);
#723=LINE('',#6967,#1195);
#724=LINE('',#6970,#1196);
#725=LINE('',#6971,#1197);
#726=LINE('',#6974,#1198);
#727=LINE('',#6975,#1199);
#728=LINE('',#6977,#1200);
#729=LINE('',#6979,#1201);
#730=LINE('',#6982,#1202);
#731=LINE('',#6983,#1203);
#732=LINE('',#6985,#1204);
#733=LINE('',#6987,#1205);
#734=LINE('',#6991,#1206);
#735=LINE('',#6992,#1207);
#736=LINE('',#6994,#1208);
#737=LINE('',#6997,#1209);
#738=LINE('',#6998,#1210);
#739=LINE('',#7001,#1211);
#740=LINE('',#7002,#1212);
#741=LINE('',#7005,#1213);
#742=LINE('',#7006,#1214);
#743=LINE('',#7009,#1215);
#744=LINE('',#7010,#1216);
#745=LINE('',#7013,#1217);
#746=LINE('',#7014,#1218);
#747=LINE('',#7016,#1219);
#748=LINE('',#7019,#1220);
#749=LINE('',#7020,#1221);
#750=LINE('',#7023,#1222);
#751=LINE('',#7025,#1223);
#752=LINE('',#7027,#1224);
#753=LINE('',#7030,#1225);
#754=LINE('',#7032,#1226);
#755=VECTOR('',#4614,0.0444881889763779);
#756=VECTOR('',#4619,0.393700787401575);
#757=VECTOR('',#4620,0.393700787401575);
#758=VECTOR('',#4621,0.393700787401575);
#759=VECTOR('',#4622,0.393700787401575);
#760=VECTOR('',#4625,0.393700787401575);
#761=VECTOR('',#4628,0.393700787401575);
#762=VECTOR('',#4631,0.393700787401575);
#763=VECTOR('',#4634,0.393700787401575);
#764=VECTOR('',#4637,0.393700787401575);
#765=VECTOR('',#4640,0.393700787401575);
#766=VECTOR('',#4645,0.393700787401575);
#767=VECTOR('',#4646,0.393700787401575);
#768=VECTOR('',#4647,0.393700787401575);
#769=VECTOR('',#4652,0.393700787401575);
#770=VECTOR('',#4653,0.393700787401575);
#771=VECTOR('',#4654,0.393700787401575);
#772=VECTOR('',#4657,0.393700787401575);
#773=VECTOR('',#4660,0.393700787401575);
#774=VECTOR('',#4663,0.393700787401575);
#775=VECTOR('',#4666,0.393700787401575);
#776=VECTOR('',#4671,0.393700787401575);
#777=VECTOR('',#4672,0.393700787401575);
#778=VECTOR('',#4673,0.393700787401575);
#779=VECTOR('',#4674,0.393700787401575);
#780=VECTOR('',#4677,0.393700787401575);
#781=VECTOR('',#4678,0.393700787401575);
#782=VECTOR('',#4683,0.393700787401575);
#783=VECTOR('',#4684,0.393700787401575);
#784=VECTOR('',#4689,0.393700787401575);
#785=VECTOR('',#4692,0.393700787401575);
#786=VECTOR('',#4697,0.393700787401575);
#787=VECTOR('',#4698,0.393700787401575);
#788=VECTOR('',#4701,0.393700787401575);
#789=VECTOR('',#4704,0.393700787401575);
#790=VECTOR('',#4705,0.393700787401575);
#791=VECTOR('',#4706,0.393700787401575);
#792=VECTOR('',#4711,0.393700787401575);
#793=VECTOR('',#4714,0.393700787401575);
#794=VECTOR('',#4715,0.393700787401575);
#795=VECTOR('',#4718,0.393700787401575);
#796=VECTOR('',#4723,0.393700787401575);
#797=VECTOR('',#4724,0.393700787401575);
#798=VECTOR('',#4727,0.393700787401575);
#799=VECTOR('',#4728,0.393700787401575);
#800=VECTOR('',#4731,0.393700787401575);
#801=VECTOR('',#4732,0.393700787401575);
#802=VECTOR('',#4733,0.393700787401575);
#803=VECTOR('',#4736,0.393700787401575);
#804=VECTOR('',#4737,0.393700787401575);
#805=VECTOR('',#4740,0.393700787401575);
#806=VECTOR('',#4741,0.393700787401575);
#807=VECTOR('',#4746,0.393700787401575);
#808=VECTOR('',#4749,0.393700787401575);
#809=VECTOR('',#4750,0.393700787401575);
#810=VECTOR('',#4753,0.393700787401575);
#811=VECTOR('',#4756,0.393700787401575);
#812=VECTOR('',#4761,0.393700787401575);
#813=VECTOR('',#4764,0.393700787401575);
#814=VECTOR('',#4767,0.393700787401575);
#815=VECTOR('',#4770,0.393700787401575);
#816=VECTOR('',#4771,0.393700787401575);
#817=VECTOR('',#4774,0.393700787401575);
#818=VECTOR('',#4775,0.393700787401575);
#819=VECTOR('',#4776,0.393700787401575);
#820=VECTOR('',#4779,0.393700787401575);
#821=VECTOR('',#4780,0.393700787401575);
#822=VECTOR('',#4781,0.393700787401575);
#823=VECTOR('',#4782,0.393700787401575);
#824=VECTOR('',#4783,0.393700787401575);
#825=VECTOR('',#4792,0.393700787401575);
#826=VECTOR('',#4793,0.393700787401575);
#827=VECTOR('',#4796,0.393700787401575);
#828=VECTOR('',#4797,0.393700787401575);
#829=VECTOR('',#4800,0.393700787401575);
#830=VECTOR('',#4801,0.393700787401575);
#831=VECTOR('',#4804,0.393700787401575);
#832=VECTOR('',#4807,0.393700787401575);
#833=VECTOR('',#4810,0.393700787401575);
#834=VECTOR('',#4813,0.393700787401575);
#835=VECTOR('',#4816,0.393700787401575);
#836=VECTOR('',#4819,0.393700787401575);
#837=VECTOR('',#4822,0.393700787401575);
#838=VECTOR('',#4825,0.393700787401575);
#839=VECTOR('',#4828,0.393700787401575);
#840=VECTOR('',#4831,0.393700787401575);
#841=VECTOR('',#4834,0.393700787401575);
#842=VECTOR('',#4837,0.393700787401575);
#843=VECTOR('',#4842,0.393700787401575);
#844=VECTOR('',#4843,0.393700787401575);
#845=VECTOR('',#4844,0.393700787401575);
#846=VECTOR('',#4845,0.393700787401575);
#847=VECTOR('',#4846,0.393700787401575);
#848=VECTOR('',#4849,0.393700787401575);
#849=VECTOR('',#4850,0.393700787401575);
#850=VECTOR('',#4851,0.393700787401575);
#851=VECTOR('',#4854,0.393700787401575);
#852=VECTOR('',#4855,0.393700787401575);
#853=VECTOR('',#4860,0.393700787401575);
#854=VECTOR('',#4863,0.393700787401575);
#855=VECTOR('',#4866,0.393700787401575);
#856=VECTOR('',#4867,0.393700787401575);
#857=VECTOR('',#4868,0.393700787401575);
#858=VECTOR('',#4869,0.393700787401575);
#859=VECTOR('',#4870,0.393700787401575);
#860=VECTOR('',#4871,0.393700787401575);
#861=VECTOR('',#4872,0.393700787401575);
#862=VECTOR('',#4875,0.393700787401575);
#863=VECTOR('',#4876,0.393700787401575);
#864=VECTOR('',#4877,0.393700787401575);
#865=VECTOR('',#4880,0.393700787401575);
#866=VECTOR('',#4881,0.393700787401575);
#867=VECTOR('',#4884,0.393700787401575);
#868=VECTOR('',#4887,0.393700787401575);
#869=VECTOR('',#4890,0.393700787401575);
#870=VECTOR('',#4891,0.393700787401575);
#871=VECTOR('',#4894,0.393700787401575);
#872=VECTOR('',#4895,0.393700787401575);
#873=VECTOR('',#4898,0.393700787401575);
#874=VECTOR('',#4899,0.393700787401575);
#875=VECTOR('',#4902,0.393700787401575);
#876=VECTOR('',#4905,0.393700787401575);
#877=VECTOR('',#4906,0.393700787401575);
#878=VECTOR('',#4909,0.393700787401575);
#879=VECTOR('',#4910,0.393700787401575);
#880=VECTOR('',#4947,0.393700787401575);
#881=VECTOR('',#4948,0.393700787401575);
#882=VECTOR('',#4951,0.393700787401575);
#883=VECTOR('',#4952,0.393700787401575);
#884=VECTOR('',#4955,0.393700787401575);
#885=VECTOR('',#4956,0.393700787401575);
#886=VECTOR('',#4961,0.393700787401575);
#887=VECTOR('',#4962,0.393700787401575);
#888=VECTOR('',#4965,0.393700787401575);
#889=VECTOR('',#4966,0.393700787401575);
#890=VECTOR('',#4971,0.393700787401575);
#891=VECTOR('',#4972,0.393700787401575);
#892=VECTOR('',#4975,0.393700787401575);
#893=VECTOR('',#4976,0.393700787401575);
#894=VECTOR('',#4981,0.393700787401575);
#895=VECTOR('',#4982,0.393700787401575);
#896=VECTOR('',#4985,0.393700787401575);
#897=VECTOR('',#4988,0.393700787401575);
#898=VECTOR('',#4991,0.393700787401575);
#899=VECTOR('',#4992,0.393700787401575);
#900=VECTOR('',#4993,0.393700787401575);
#901=VECTOR('',#4996,0.393700787401575);
#902=VECTOR('',#4999,0.393700787401575);
#903=VECTOR('',#5004,0.393700787401575);
#904=VECTOR('',#5007,0.393700787401575);
#905=VECTOR('',#5012,0.393700787401575);
#906=VECTOR('',#5015,0.393700787401575);
#907=VECTOR('',#5018,0.393700787401575);
#908=VECTOR('',#5019,0.393700787401575);
#909=VECTOR('',#5020,0.393700787401575);
#910=VECTOR('',#5021,0.393700787401575);
#911=VECTOR('',#5022,0.393700787401575);
#912=VECTOR('',#5023,0.393700787401575);
#913=VECTOR('',#5024,0.393700787401575);
#914=VECTOR('',#5027,0.393700787401575);
#915=VECTOR('',#5028,0.393700787401575);
#916=VECTOR('',#5029,0.393700787401575);
#917=VECTOR('',#5032,0.393700787401575);
#918=VECTOR('',#5033,0.393700787401575);
#919=VECTOR('',#5036,0.393700787401575);
#920=VECTOR('',#5039,0.393700787401575);
#921=VECTOR('',#5042,0.393700787401575);
#922=VECTOR('',#5043,0.393700787401575);
#923=VECTOR('',#5046,0.393700787401575);
#924=VECTOR('',#5047,0.393700787401575);
#925=VECTOR('',#5050,0.393700787401575);
#926=VECTOR('',#5051,0.393700787401575);
#927=VECTOR('',#5054,0.393700787401575);
#928=VECTOR('',#5057,0.393700787401575);
#929=VECTOR('',#5058,0.393700787401575);
#930=VECTOR('',#5061,0.393700787401575);
#931=VECTOR('',#5062,0.393700787401575);
#932=VECTOR('',#5097,0.393700787401575);
#933=VECTOR('',#5098,0.393700787401575);
#934=VECTOR('',#5105,0.393700787401575);
#935=VECTOR('',#5106,0.393700787401575);
#936=VECTOR('',#5109,0.393700787401575);
#937=VECTOR('',#5110,0.393700787401575);
#938=VECTOR('',#5117,0.393700787401575);
#939=VECTOR('',#5118,0.393700787401575);
#940=VECTOR('',#5121,0.393700787401575);
#941=VECTOR('',#5122,0.393700787401575);
#942=VECTOR('',#5129,0.393700787401575);
#943=VECTOR('',#5130,0.393700787401575);
#944=VECTOR('',#5133,0.393700787401575);
#945=VECTOR('',#5134,0.393700787401575);
#946=VECTOR('',#5141,0.393700787401575);
#947=VECTOR('',#5142,0.393700787401575);
#948=VECTOR('',#5145,0.393700787401575);
#949=VECTOR('',#5146,0.393700787401575);
#950=VECTOR('',#5147,0.393700787401575);
#951=VECTOR('',#5150,0.393700787401575);
#952=VECTOR('',#5153,0.393700787401575);
#953=VECTOR('',#5154,0.393700787401575);
#954=VECTOR('',#5155,0.393700787401575);
#955=VECTOR('',#5158,0.393700787401575);
#956=VECTOR('',#5161,0.393700787401575);
#957=VECTOR('',#5166,0.393700787401575);
#958=VECTOR('',#5169,0.393700787401575);
#959=VECTOR('',#5170,0.393700787401575);
#960=VECTOR('',#5171,0.393700787401575);
#961=VECTOR('',#5176,0.393700787401575);
#962=VECTOR('',#5179,0.393700787401575);
#963=VECTOR('',#5182,0.393700787401575);
#964=VECTOR('',#5183,0.393700787401575);
#965=VECTOR('',#5184,0.393700787401575);
#966=VECTOR('',#5185,0.393700787401575);
#967=VECTOR('',#5186,0.393700787401575);
#968=VECTOR('',#5187,0.393700787401575);
#969=VECTOR('',#5188,0.393700787401575);
#970=VECTOR('',#5191,0.393700787401575);
#971=VECTOR('',#5192,0.393700787401575);
#972=VECTOR('',#5193,0.393700787401575);
#973=VECTOR('',#5196,0.393700787401575);
#974=VECTOR('',#5197,0.393700787401575);
#975=VECTOR('',#5200,0.393700787401575);
#976=VECTOR('',#5203,0.393700787401575);
#977=VECTOR('',#5206,0.393700787401575);
#978=VECTOR('',#5207,0.393700787401575);
#979=VECTOR('',#5210,0.393700787401575);
#980=VECTOR('',#5211,0.393700787401575);
#981=VECTOR('',#5214,0.393700787401575);
#982=VECTOR('',#5215,0.393700787401575);
#983=VECTOR('',#5218,0.393700787401575);
#984=VECTOR('',#5221,0.393700787401575);
#985=VECTOR('',#5222,0.393700787401575);
#986=VECTOR('',#5225,0.393700787401575);
#987=VECTOR('',#5226,0.393700787401575);
#988=VECTOR('',#5261,0.393700787401575);
#989=VECTOR('',#5262,0.393700787401575);
#990=VECTOR('',#5267,0.393700787401575);
#991=VECTOR('',#5268,0.393700787401575);
#992=VECTOR('',#5271,0.393700787401575);
#993=VECTOR('',#5272,0.393700787401575);
#994=VECTOR('',#5277,0.393700787401575);
#995=VECTOR('',#5278,0.393700787401575);
#996=VECTOR('',#5281,0.393700787401575);
#997=VECTOR('',#5282,0.393700787401575);
#998=VECTOR('',#5287,0.393700787401575);
#999=VECTOR('',#5288,0.393700787401575);
#1000=VECTOR('',#5291,0.393700787401575);
#1001=VECTOR('',#5292,0.393700787401575);
#1002=VECTOR('',#5297,0.393700787401575);
#1003=VECTOR('',#5298,0.393700787401575);
#1004=VECTOR('',#5301,0.393700787401575);
#1005=VECTOR('',#5304,0.393700787401575);
#1006=VECTOR('',#5307,0.393700787401575);
#1007=VECTOR('',#5308,0.393700787401575);
#1008=VECTOR('',#5309,0.393700787401575);
#1009=VECTOR('',#5312,0.393700787401575);
#1010=VECTOR('',#5315,0.393700787401575);
#1011=VECTOR('',#5320,0.393700787401575);
#1012=VECTOR('',#5323,0.393700787401575);
#1013=VECTOR('',#5328,0.393700787401575);
#1014=VECTOR('',#5329,0.393700787401575);
#1015=VECTOR('',#5330,0.393700787401575);
#1016=VECTOR('',#5331,0.393700787401575);
#1017=VECTOR('',#5332,0.393700787401575);
#1018=VECTOR('',#5335,0.393700787401575);
#1019=VECTOR('',#5336,0.393700787401575);
#1020=VECTOR('',#5337,0.393700787401575);
#1021=VECTOR('',#5338,0.393700787401575);
#1022=VECTOR('',#5339,0.393700787401575);
#1023=VECTOR('',#5346,0.393700787401575);
#1024=VECTOR('',#5347,0.393700787401575);
#1025=VECTOR('',#5348,0.393700787401575);
#1026=VECTOR('',#5349,0.393700787401575);
#1027=VECTOR('',#5350,0.393700787401575);
#1028=VECTOR('',#5351,0.393700787401575);
#1029=VECTOR('',#5352,0.393700787401575);
#1030=VECTOR('',#5353,0.393700787401575);
#1031=VECTOR('',#5354,0.393700787401575);
#1032=VECTOR('',#5359,0.393700787401575);
#1033=VECTOR('',#5360,0.393700787401575);
#1034=VECTOR('',#5363,0.393700787401575);
#1035=VECTOR('',#5364,0.393700787401575);
#1036=VECTOR('',#5365,0.393700787401575);
#1037=VECTOR('',#5366,0.393700787401575);
#1038=VECTOR('',#5367,0.393700787401575);
#1039=VECTOR('',#5368,0.393700787401575);
#1040=VECTOR('',#5369,0.393700787401575);
#1041=VECTOR('',#5372,0.393700787401575);
#1042=VECTOR('',#5375,0.393700787401575);
#1043=VECTOR('',#5384,0.393700787401575);
#1044=VECTOR('',#5389,0.0826771653543307);
#1045=VECTOR('',#5392,0.393700787401575);
#1046=VECTOR('',#5397,0.393700787401575);
#1047=VECTOR('',#5398,0.393700787401575);
#1048=VECTOR('',#5399,0.393700787401575);
#1049=VECTOR('',#5400,0.393700787401575);
#1050=VECTOR('',#5401,0.393700787401575);
#1051=VECTOR('',#5404,0.393700787401575);
#1052=VECTOR('',#5405,0.393700787401575);
#1053=VECTOR('',#5406,0.393700787401575);
#1054=VECTOR('',#5409,0.393700787401575);
#1055=VECTOR('',#5412,0.393700787401575);
#1056=VECTOR('',#5413,0.393700787401575);
#1057=VECTOR('',#5414,0.393700787401575);
#1058=VECTOR('',#5419,0.393700787401575);
#1059=VECTOR('',#5420,0.393700787401575);
#1060=VECTOR('',#5421,0.393700787401575);
#1061=VECTOR('',#5426,0.393700787401575);
#1062=VECTOR('',#5427,0.393700787401575);
#1063=VECTOR('',#5428,0.393700787401575);
#1064=VECTOR('',#5431,0.393700787401575);
#1065=VECTOR('',#5434,0.393700787401575);
#1066=VECTOR('',#5435,0.393700787401575);
#1067=VECTOR('',#5440,0.393700787401575);
#1068=VECTOR('',#5441,0.393700787401575);
#1069=VECTOR('',#5446,0.393700787401575);
#1070=VECTOR('',#5451,0.393700787401575);
#1071=VECTOR('',#5452,0.393700787401575);
#1072=VECTOR('',#5453,0.393700787401575);
#1073=VECTOR('',#5458,0.393700787401575);
#1074=VECTOR('',#5461,0.393700787401575);
#1075=VECTOR('',#5462,0.393700787401575);
#1076=VECTOR('',#5463,0.393700787401575);
#1077=VECTOR('',#5466,0.393700787401575);
#1078=VECTOR('',#5469,0.393700787401575);
#1079=VECTOR('',#5472,0.393700787401575);
#1080=VECTOR('',#5475,0.393700787401575);
#1081=VECTOR('',#5476,0.393700787401575);
#1082=VECTOR('',#5477,0.393700787401575);
#1083=VECTOR('',#5482,0.393700787401575);
#1084=VECTOR('',#5483,0.393700787401575);
#1085=VECTOR('',#5486,0.393700787401575);
#1086=VECTOR('',#5487,0.393700787401575);
#1087=VECTOR('',#5490,0.393700787401575);
#1088=VECTOR('',#5491,0.393700787401575);
#1089=VECTOR('',#5492,0.393700787401575);
#1090=VECTOR('',#5495,0.393700787401575);
#1091=VECTOR('',#5496,0.393700787401575);
#1092=VECTOR('',#5497,0.393700787401575);
#1093=VECTOR('',#5500,0.393700787401575);
#1094=VECTOR('',#5501,0.393700787401575);
#1095=VECTOR('',#5502,0.393700787401575);
#1096=VECTOR('',#5505,0.393700787401575);
#1097=VECTOR('',#5506,0.393700787401575);
#1098=VECTOR('',#5509,0.393700787401575);
#1099=VECTOR('',#5510,0.393700787401575);
#1100=VECTOR('',#5511,0.393700787401575);
#1101=VECTOR('',#5514,0.393700787401575);
#1102=VECTOR('',#5515,0.393700787401575);
#1103=VECTOR('',#5518,0.393700787401575);
#1104=VECTOR('',#5519,0.393700787401575);
#1105=VECTOR('',#5520,0.393700787401575);
#1106=VECTOR('',#5523,0.393700787401575);
#1107=VECTOR('',#5526,0.393700787401575);
#1108=VECTOR('',#5529,0.393700787401575);
#1109=VECTOR('',#5530,0.393700787401575);
#1110=VECTOR('',#5531,0.393700787401575);
#1111=VECTOR('',#5532,0.393700787401575);
#1112=VECTOR('',#5535,0.393700787401575);
#1113=VECTOR('',#5536,0.393700787401575);
#1114=VECTOR('',#5537,0.393700787401575);
#1115=VECTOR('',#5540,0.393700787401575);
#1116=VECTOR('',#5541,0.393700787401575);
#1117=VECTOR('',#5542,0.393700787401575);
#1118=VECTOR('',#5545,0.393700787401575);
#1119=VECTOR('',#5546,0.393700787401575);
#1120=VECTOR('',#5547,0.393700787401575);
#1121=VECTOR('',#5550,0.393700787401575);
#1122=VECTOR('',#5551,0.393700787401575);
#1123=VECTOR('',#5552,0.393700787401575);
#1124=VECTOR('',#5555,0.393700787401575);
#1125=VECTOR('',#5556,0.393700787401575);
#1126=VECTOR('',#5557,0.393700787401575);
#1127=VECTOR('',#5560,0.393700787401575);
#1128=VECTOR('',#5561,0.393700787401575);
#1129=VECTOR('',#5562,0.393700787401575);
#1130=VECTOR('',#5565,0.393700787401575);
#1131=VECTOR('',#5566,0.393700787401575);
#1132=VECTOR('',#5567,0.393700787401575);
#1133=VECTOR('',#5570,0.393700787401575);
#1134=VECTOR('',#5571,0.393700787401575);
#1135=VECTOR('',#5572,0.393700787401575);
#1136=VECTOR('',#5575,0.393700787401575);
#1137=VECTOR('',#5576,0.393700787401575);
#1138=VECTOR('',#5577,0.393700787401575);
#1139=VECTOR('',#5580,0.393700787401575);
#1140=VECTOR('',#5581,0.393700787401575);
#1141=VECTOR('',#5582,0.393700787401575);
#1142=VECTOR('',#5585,0.393700787401575);
#1143=VECTOR('',#5586,0.393700787401575);
#1144=VECTOR('',#5589,0.393700787401575);
#1145=VECTOR('',#5590,0.393700787401575);
#1146=VECTOR('',#5591,0.393700787401575);
#1147=VECTOR('',#5592,0.393700787401575);
#1148=VECTOR('',#5595,0.393700787401575);
#1149=VECTOR('',#5596,0.393700787401575);
#1150=VECTOR('',#5597,0.393700787401575);
#1151=VECTOR('',#5600,0.393700787401575);
#1152=VECTOR('',#5601,0.393700787401575);
#1153=VECTOR('',#5602,0.393700787401575);
#1154=VECTOR('',#5605,0.393700787401575);
#1155=VECTOR('',#5606,0.393700787401575);
#1156=VECTOR('',#5607,0.393700787401575);
#1157=VECTOR('',#5610,0.393700787401575);
#1158=VECTOR('',#5611,0.393700787401575);
#1159=VECTOR('',#5612,0.393700787401575);
#1160=VECTOR('',#5615,0.393700787401575);
#1161=VECTOR('',#5616,0.393700787401575);
#1162=VECTOR('',#5617,0.393700787401575);
#1163=VECTOR('',#5620,0.393700787401575);
#1164=VECTOR('',#5621,0.393700787401575);
#1165=VECTOR('',#5622,0.393700787401575);
#1166=VECTOR('',#5625,0.393700787401575);
#1167=VECTOR('',#5626,0.393700787401575);
#1168=VECTOR('',#5627,0.393700787401575);
#1169=VECTOR('',#5630,0.393700787401575);
#1170=VECTOR('',#5631,0.393700787401575);
#1171=VECTOR('',#5632,0.393700787401575);
#1172=VECTOR('',#5635,0.393700787401575);
#1173=VECTOR('',#5636,0.393700787401575);
#1174=VECTOR('',#5637,0.393700787401575);
#1175=VECTOR('',#5640,0.393700787401575);
#1176=VECTOR('',#5641,0.393700787401575);
#1177=VECTOR('',#5642,0.393700787401575);
#1178=VECTOR('',#5645,0.393700787401575);
#1179=VECTOR('',#5646,0.393700787401575);
#1180=VECTOR('',#5651,0.393700787401575);
#1181=VECTOR('',#5652,0.393700787401575);
#1182=VECTOR('',#5653,0.393700787401575);
#1183=VECTOR('',#5656,0.393700787401575);
#1184=VECTOR('',#5657,0.393700787401575);
#1185=VECTOR('',#5660,0.393700787401575);
#1186=VECTOR('',#5661,0.393700787401575);
#1187=VECTOR('',#5664,0.393700787401575);
#1188=VECTOR('',#5667,0.393700787401575);
#1189=VECTOR('',#5668,0.393700787401575);
#1190=VECTOR('',#5671,0.393700787401575);
#1191=VECTOR('',#5672,0.393700787401575);
#1192=VECTOR('',#5673,0.393700787401575);
#1193=VECTOR('',#5676,0.393700787401575);
#1194=VECTOR('',#5679,0.393700787401575);
#1195=VECTOR('',#5694,0.393700787401575);
#1196=VECTOR('',#5699,0.393700787401575);
#1197=VECTOR('',#5700,0.393700787401575);
#1198=VECTOR('',#5703,0.393700787401575);
#1199=VECTOR('',#5704,0.393700787401575);
#1200=VECTOR('',#5707,0.393700787401575);
#1201=VECTOR('',#5710,0.393700787401575);
#1202=VECTOR('',#5713,0.393700787401575);
#1203=VECTOR('',#5714,0.393700787401575);
#1204=VECTOR('',#5717,0.393700787401575);
#1205=VECTOR('',#5720,0.393700787401575);
#1206=VECTOR('',#5725,0.393700787401575);
#1207=VECTOR('',#5726,0.393700787401575);
#1208=VECTOR('',#5729,0.393700787401575);
#1209=VECTOR('',#5732,0.393700787401575);
#1210=VECTOR('',#5733,0.393700787401575);
#1211=VECTOR('',#5736,0.393700787401575);
#1212=VECTOR('',#5737,0.393700787401575);
#1213=VECTOR('',#5740,0.393700787401575);
#1214=VECTOR('',#5741,0.393700787401575);
#1215=VECTOR('',#5744,0.393700787401575);
#1216=VECTOR('',#5745,0.393700787401575);
#1217=VECTOR('',#5748,0.393700787401575);
#1218=VECTOR('',#5749,0.393700787401575);
#1219=VECTOR('',#5752,0.393700787401575);
#1220=VECTOR('',#5757,0.393700787401575);
#1221=VECTOR('',#5758,0.393700787401575);
#1222=VECTOR('',#5763,0.393700787401575);
#1223=VECTOR('',#5766,0.393700787401575);
#1224=VECTOR('',#5769,0.393700787401575);
#1225=VECTOR('',#5774,0.393700787401575);
#1226=VECTOR('',#5777,0.393700787401575);
#1227=CONICAL_SURFACE('',#4246,0.0444881889763779,0.0282743338823081);
#1228=CONICAL_SURFACE('',#4484,0.113582677165354,0.785398163397448);
#1229=(
BOUNDED_SURFACE()
B_SPLINE_SURFACE(2,2,((#5788,#5789,#5790,#5791,#5792,#5793,#5794,#5795,
#5796),(#5797,#5798,#5799,#5800,#5801,#5802,#5803,#5804,#5805),(#5806,#5807,
#5808,#5809,#5810,#5811,#5812,#5813,#5814),(#5815,#5816,#5817,#5818,#5819,
#5820,#5821,#5822,#5823),(#5824,#5825,#5826,#5827,#5828,#5829,#5830,#5831,
#5832)),.UNSPECIFIED.,.F.,.T.,.F.)
B_SPLINE_SURFACE_WITH_KNOTS((3,2,3),(3,2,2,2,3),(-1.57079632680382,-0.77126099645666,
0.0282743338904973),(-3.14159265358979,-1.5707963267949,0.,1.5707963267949,
3.14159265358979),.UNSPECIFIED.)
GEOMETRIC_REPRESENTATION_ITEM()
RATIONAL_B_SPLINE_SURFACE(((1.,0.707106781186548,1.,0.707106781186548,1.,
0.707106781186548,1.,0.707106781186548,1.),(0.921151444585871,0.651352432966454,
0.921151444585871,0.651352432966454,0.921151444585871,0.651352432966454,
0.921151444585871,0.651352432966454,0.921151444585871),(1.,0.707106781186548,
1.,0.707106781186548,1.,0.707106781186548,1.,0.707106781186548,1.),(0.921151444585842,
0.651352432966433,0.921151444585842,0.651352432966433,0.921151444585842,
0.651352432966433,0.921151444585842,0.651352432966433,0.921151444585842),
(1.,0.707106781186548,1.,0.707106781186548,1.,0.707106781186548,1.,0.707106781186548,
1.)))
REPRESENTATION_ITEM('')
SURFACE()
);
#1230=FACE_OUTER_BOUND('',#1469,.T.);
#1231=FACE_OUTER_BOUND('',#1470,.T.);
#1232=FACE_OUTER_BOUND('',#1471,.T.);
#1233=FACE_OUTER_BOUND('',#1472,.T.);
#1234=FACE_OUTER_BOUND('',#1473,.T.);
#1235=FACE_OUTER_BOUND('',#1474,.T.);
#1236=FACE_OUTER_BOUND('',#1475,.T.);
#1237=FACE_OUTER_BOUND('',#1476,.T.);
#1238=FACE_OUTER_BOUND('',#1477,.T.);
#1239=FACE_OUTER_BOUND('',#1478,.T.);
#1240=FACE_OUTER_BOUND('',#1479,.T.);
#1241=FACE_OUTER_BOUND('',#1480,.T.);
#1242=FACE_OUTER_BOUND('',#1481,.T.);
#1243=FACE_OUTER_BOUND('',#1482,.T.);
#1244=FACE_OUTER_BOUND('',#1483,.T.);
#1245=FACE_OUTER_BOUND('',#1484,.T.);
#1246=FACE_OUTER_BOUND('',#1485,.T.);
#1247=FACE_OUTER_BOUND('',#1486,.T.);
#1248=FACE_OUTER_BOUND('',#1487,.T.);
#1249=FACE_OUTER_BOUND('',#1488,.T.);
#1250=FACE_OUTER_BOUND('',#1489,.T.);
#1251=FACE_OUTER_BOUND('',#1490,.T.);
#1252=FACE_OUTER_BOUND('',#1491,.T.);
#1253=FACE_OUTER_BOUND('',#1492,.T.);
#1254=FACE_OUTER_BOUND('',#1493,.T.);
#1255=FACE_OUTER_BOUND('',#1494,.T.);
#1256=FACE_OUTER_BOUND('',#1495,.T.);
#1257=FACE_OUTER_BOUND('',#1496,.T.);
#1258=FACE_OUTER_BOUND('',#1497,.T.);
#1259=FACE_OUTER_BOUND('',#1498,.T.);
#1260=FACE_OUTER_BOUND('',#1499,.T.);
#1261=FACE_OUTER_BOUND('',#1501,.T.);
#1262=FACE_OUTER_BOUND('',#1502,.T.);
#1263=FACE_OUTER_BOUND('',#1503,.T.);
#1264=FACE_OUTER_BOUND('',#1504,.T.);
#1265=FACE_OUTER_BOUND('',#1505,.T.);
#1266=FACE_OUTER_BOUND('',#1506,.T.);
#1267=FACE_OUTER_BOUND('',#1507,.T.);
#1268=FACE_OUTER_BOUND('',#1508,.T.);
#1269=FACE_OUTER_BOUND('',#1509,.T.);
#1270=FACE_OUTER_BOUND('',#1510,.T.);
#1271=FACE_OUTER_BOUND('',#1511,.T.);
#1272=FACE_OUTER_BOUND('',#1512,.T.);
#1273=FACE_OUTER_BOUND('',#1513,.T.);
#1274=FACE_OUTER_BOUND('',#1514,.T.);
#1275=FACE_OUTER_BOUND('',#1515,.T.);
#1276=FACE_OUTER_BOUND('',#1516,.T.);
#1277=FACE_OUTER_BOUND('',#1517,.T.);
#1278=FACE_OUTER_BOUND('',#1518,.T.);
#1279=FACE_OUTER_BOUND('',#1519,.T.);
#1280=FACE_OUTER_BOUND('',#1520,.T.);
#1281=FACE_OUTER_BOUND('',#1521,.T.);
#1282=FACE_OUTER_BOUND('',#1522,.T.);
#1283=FACE_OUTER_BOUND('',#1523,.T.);
#1284=FACE_OUTER_BOUND('',#1524,.T.);
#1285=FACE_OUTER_BOUND('',#1525,.T.);
#1286=FACE_OUTER_BOUND('',#1526,.T.);
#1287=FACE_OUTER_BOUND('',#1527,.T.);
#1288=FACE_OUTER_BOUND('',#1528,.T.);
#1289=FACE_OUTER_BOUND('',#1529,.T.);
#1290=FACE_OUTER_BOUND('',#1530,.T.);
#1291=FACE_OUTER_BOUND('',#1531,.T.);
#1292=FACE_OUTER_BOUND('',#1532,.T.);
#1293=FACE_OUTER_BOUND('',#1533,.T.);
#1294=FACE_OUTER_BOUND('',#1534,.T.);
#1295=FACE_OUTER_BOUND('',#1535,.T.);
#1296=FACE_OUTER_BOUND('',#1536,.T.);
#1297=FACE_OUTER_BOUND('',#1537,.T.);
#1298=FACE_OUTER_BOUND('',#1538,.T.);
#1299=FACE_OUTER_BOUND('',#1539,.T.);
#1300=FACE_OUTER_BOUND('',#1540,.T.);
#1301=FACE_OUTER_BOUND('',#1541,.T.);
#1302=FACE_OUTER_BOUND('',#1542,.T.);
#1303=FACE_OUTER_BOUND('',#1543,.T.);
#1304=FACE_OUTER_BOUND('',#1544,.T.);
#1305=FACE_OUTER_BOUND('',#1545,.T.);
#1306=FACE_OUTER_BOUND('',#1547,.T.);
#1307=FACE_OUTER_BOUND('',#1548,.T.);
#1308=FACE_OUTER_BOUND('',#1549,.T.);
#1309=FACE_OUTER_BOUND('',#1550,.T.);
#1310=FACE_OUTER_BOUND('',#1551,.T.);
#1311=FACE_OUTER_BOUND('',#1552,.T.);
#1312=FACE_OUTER_BOUND('',#1553,.T.);
#1313=FACE_OUTER_BOUND('',#1554,.T.);
#1314=FACE_OUTER_BOUND('',#1555,.T.);
#1315=FACE_OUTER_BOUND('',#1556,.T.);
#1316=FACE_OUTER_BOUND('',#1557,.T.);
#1317=FACE_OUTER_BOUND('',#1558,.T.);
#1318=FACE_OUTER_BOUND('',#1559,.T.);
#1319=FACE_OUTER_BOUND('',#1560,.T.);
#1320=FACE_OUTER_BOUND('',#1561,.T.);
#1321=FACE_OUTER_BOUND('',#1562,.T.);
#1322=FACE_OUTER_BOUND('',#1563,.T.);
#1323=FACE_OUTER_BOUND('',#1564,.T.);
#1324=FACE_OUTER_BOUND('',#1565,.T.);
#1325=FACE_OUTER_BOUND('',#1566,.T.);
#1326=FACE_OUTER_BOUND('',#1567,.T.);
#1327=FACE_OUTER_BOUND('',#1568,.T.);
#1328=FACE_OUTER_BOUND('',#1569,.T.);
#1329=FACE_OUTER_BOUND('',#1570,.T.);
#1330=FACE_OUTER_BOUND('',#1571,.T.);
#1331=FACE_OUTER_BOUND('',#1572,.T.);
#1332=FACE_OUTER_BOUND('',#1573,.T.);
#1333=FACE_OUTER_BOUND('',#1574,.T.);
#1334=FACE_OUTER_BOUND('',#1575,.T.);
#1335=FACE_OUTER_BOUND('',#1576,.T.);
#1336=FACE_OUTER_BOUND('',#1578,.T.);
#1337=FACE_OUTER_BOUND('',#1579,.T.);
#1338=FACE_OUTER_BOUND('',#1580,.T.);
#1339=FACE_OUTER_BOUND('',#1581,.T.);
#1340=FACE_OUTER_BOUND('',#1582,.T.);
#1341=FACE_OUTER_BOUND('',#1583,.T.);
#1342=FACE_OUTER_BOUND('',#1584,.T.);
#1343=FACE_OUTER_BOUND('',#1585,.T.);
#1344=FACE_OUTER_BOUND('',#1586,.T.);
#1345=FACE_OUTER_BOUND('',#1587,.T.);
#1346=FACE_OUTER_BOUND('',#1588,.T.);
#1347=FACE_OUTER_BOUND('',#1589,.T.);
#1348=FACE_OUTER_BOUND('',#1590,.T.);
#1349=FACE_OUTER_BOUND('',#1591,.T.);
#1350=FACE_OUTER_BOUND('',#1592,.T.);
#1351=FACE_OUTER_BOUND('',#1593,.T.);
#1352=FACE_OUTER_BOUND('',#1594,.T.);
#1353=FACE_OUTER_BOUND('',#1595,.T.);
#1354=FACE_OUTER_BOUND('',#1596,.T.);
#1355=FACE_OUTER_BOUND('',#1597,.T.);
#1356=FACE_OUTER_BOUND('',#1598,.T.);
#1357=FACE_OUTER_BOUND('',#1599,.T.);
#1358=FACE_OUTER_BOUND('',#1600,.T.);
#1359=FACE_OUTER_BOUND('',#1601,.T.);
#1360=FACE_OUTER_BOUND('',#1602,.T.);
#1361=FACE_OUTER_BOUND('',#1603,.T.);
#1362=FACE_OUTER_BOUND('',#1604,.T.);
#1363=FACE_OUTER_BOUND('',#1605,.T.);
#1364=FACE_OUTER_BOUND('',#1606,.T.);
#1365=FACE_OUTER_BOUND('',#1607,.T.);
#1366=FACE_OUTER_BOUND('',#1609,.T.);
#1367=FACE_OUTER_BOUND('',#1610,.T.);
#1368=FACE_OUTER_BOUND('',#1611,.T.);
#1369=FACE_OUTER_BOUND('',#1612,.T.);
#1370=FACE_OUTER_BOUND('',#1613,.T.);
#1371=FACE_OUTER_BOUND('',#1614,.T.);
#1372=FACE_OUTER_BOUND('',#1615,.T.);
#1373=FACE_OUTER_BOUND('',#1616,.T.);
#1374=FACE_OUTER_BOUND('',#1618,.T.);
#1375=FACE_OUTER_BOUND('',#1619,.T.);
#1376=FACE_OUTER_BOUND('',#1621,.T.);
#1377=FACE_OUTER_BOUND('',#1622,.T.);
#1378=FACE_OUTER_BOUND('',#1623,.T.);
#1379=FACE_OUTER_BOUND('',#1624,.T.);
#1380=FACE_OUTER_BOUND('',#1626,.T.);
#1381=FACE_OUTER_BOUND('',#1627,.T.);
#1382=FACE_OUTER_BOUND('',#1628,.T.);
#1383=FACE_OUTER_BOUND('',#1629,.T.);
#1384=FACE_OUTER_BOUND('',#1630,.T.);
#1385=FACE_OUTER_BOUND('',#1631,.T.);
#1386=FACE_OUTER_BOUND('',#1632,.T.);
#1387=FACE_OUTER_BOUND('',#1633,.T.);
#1388=FACE_OUTER_BOUND('',#1634,.T.);
#1389=FACE_OUTER_BOUND('',#1635,.T.);
#1390=FACE_OUTER_BOUND('',#1636,.T.);
#1391=FACE_OUTER_BOUND('',#1637,.T.);
#1392=FACE_OUTER_BOUND('',#1638,.T.);
#1393=FACE_OUTER_BOUND('',#1639,.T.);
#1394=FACE_OUTER_BOUND('',#1640,.T.);
#1395=FACE_OUTER_BOUND('',#1641,.T.);
#1396=FACE_OUTER_BOUND('',#1642,.T.);
#1397=FACE_OUTER_BOUND('',#1643,.T.);
#1398=FACE_OUTER_BOUND('',#1644,.T.);
#1399=FACE_OUTER_BOUND('',#1645,.T.);
#1400=FACE_OUTER_BOUND('',#1646,.T.);
#1401=FACE_OUTER_BOUND('',#1647,.T.);
#1402=FACE_OUTER_BOUND('',#1648,.T.);
#1403=FACE_OUTER_BOUND('',#1649,.T.);
#1404=FACE_OUTER_BOUND('',#1650,.T.);
#1405=FACE_OUTER_BOUND('',#1651,.T.);
#1406=FACE_OUTER_BOUND('',#1652,.T.);
#1407=FACE_OUTER_BOUND('',#1653,.T.);
#1408=FACE_OUTER_BOUND('',#1654,.T.);
#1409=FACE_OUTER_BOUND('',#1655,.T.);
#1410=FACE_OUTER_BOUND('',#1656,.T.);
#1411=FACE_OUTER_BOUND('',#1657,.T.);
#1412=FACE_OUTER_BOUND('',#1658,.T.);
#1413=FACE_OUTER_BOUND('',#1659,.T.);
#1414=FACE_OUTER_BOUND('',#1660,.T.);
#1415=FACE_OUTER_BOUND('',#1661,.T.);
#1416=FACE_OUTER_BOUND('',#1662,.T.);
#1417=FACE_OUTER_BOUND('',#1663,.T.);
#1418=FACE_OUTER_BOUND('',#1664,.T.);
#1419=FACE_OUTER_BOUND('',#1665,.T.);
#1420=FACE_OUTER_BOUND('',#1666,.T.);
#1421=FACE_OUTER_BOUND('',#1667,.T.);
#1422=FACE_OUTER_BOUND('',#1668,.T.);
#1423=FACE_OUTER_BOUND('',#1669,.T.);
#1424=FACE_OUTER_BOUND('',#1670,.T.);
#1425=FACE_OUTER_BOUND('',#1671,.T.);
#1426=FACE_OUTER_BOUND('',#1672,.T.);
#1427=FACE_OUTER_BOUND('',#1673,.T.);
#1428=FACE_OUTER_BOUND('',#1674,.T.);
#1429=FACE_OUTER_BOUND('',#1675,.T.);
#1430=FACE_OUTER_BOUND('',#1676,.T.);
#1431=FACE_OUTER_BOUND('',#1677,.T.);
#1432=FACE_OUTER_BOUND('',#1679,.T.);
#1433=FACE_OUTER_BOUND('',#1681,.T.);
#1434=FACE_OUTER_BOUND('',#1682,.T.);
#1435=FACE_OUTER_BOUND('',#1683,.T.);
#1436=FACE_OUTER_BOUND('',#1684,.T.);
#1437=FACE_OUTER_BOUND('',#1685,.T.);
#1438=FACE_OUTER_BOUND('',#1686,.T.);
#1439=FACE_OUTER_BOUND('',#1687,.T.);
#1440=FACE_OUTER_BOUND('',#1688,.T.);
#1441=FACE_OUTER_BOUND('',#1689,.T.);
#1442=FACE_OUTER_BOUND('',#1690,.T.);
#1443=FACE_OUTER_BOUND('',#1691,.T.);
#1444=FACE_OUTER_BOUND('',#1692,.T.);
#1445=FACE_OUTER_BOUND('',#1693,.T.);
#1446=FACE_OUTER_BOUND('',#1694,.T.);
#1447=FACE_OUTER_BOUND('',#1695,.T.);
#1448=FACE_OUTER_BOUND('',#1696,.T.);
#1449=FACE_OUTER_BOUND('',#1697,.T.);
#1450=FACE_OUTER_BOUND('',#1698,.T.);
#1451=FACE_OUTER_BOUND('',#1699,.T.);
#1452=FACE_OUTER_BOUND('',#1700,.T.);
#1453=FACE_OUTER_BOUND('',#1701,.T.);
#1454=FACE_OUTER_BOUND('',#1702,.T.);
#1455=FACE_OUTER_BOUND('',#1703,.T.);
#1456=FACE_OUTER_BOUND('',#1704,.T.);
#1457=FACE_OUTER_BOUND('',#1705,.T.);
#1458=FACE_OUTER_BOUND('',#1706,.T.);
#1459=FACE_OUTER_BOUND('',#1707,.T.);
#1460=FACE_OUTER_BOUND('',#1708,.T.);
#1461=FACE_OUTER_BOUND('',#1709,.T.);
#1462=FACE_OUTER_BOUND('',#1710,.T.);
#1463=FACE_OUTER_BOUND('',#1711,.T.);
#1464=FACE_OUTER_BOUND('',#1712,.T.);
#1465=FACE_OUTER_BOUND('',#1713,.T.);
#1466=FACE_OUTER_BOUND('',#1714,.T.);
#1467=FACE_OUTER_BOUND('',#1715,.T.);
#1468=FACE_OUTER_BOUND('',#1716,.T.);
#1469=EDGE_LOOP('',(#2777,#2778,#2779,#2780));
#1470=EDGE_LOOP('',(#2781,#2782,#2783,#2784,#2785));
#1471=EDGE_LOOP('',(#2786,#2787,#2788,#2789,#2790,#2791));
#1472=EDGE_LOOP('',(#2792));
#1473=EDGE_LOOP('',(#2793,#2794,#2795,#2796));
#1474=EDGE_LOOP('',(#2797,#2798,#2799,#2800));
#1475=EDGE_LOOP('',(#2801,#2802,#2803,#2804));
#1476=EDGE_LOOP('',(#2805,#2806,#2807,#2808));
#1477=EDGE_LOOP('',(#2809,#2810,#2811,#2812));
#1478=EDGE_LOOP('',(#2813,#2814,#2815,#2816));
#1479=EDGE_LOOP('',(#2817,#2818,#2819,#2820));
#1480=EDGE_LOOP('',(#2821,#2822,#2823,#2824));
#1481=EDGE_LOOP('',(#2825,#2826,#2827,#2828));
#1482=EDGE_LOOP('',(#2829,#2830,#2831,#2832));
#1483=EDGE_LOOP('',(#2833,#2834,#2835,#2836));
#1484=EDGE_LOOP('',(#2837,#2838,#2839,#2840));
#1485=EDGE_LOOP('',(#2841,#2842,#2843,#2844));
#1486=EDGE_LOOP('',(#2845,#2846,#2847,#2848));
#1487=EDGE_LOOP('',(#2849,#2850,#2851,#2852));
#1488=EDGE_LOOP('',(#2853,#2854,#2855,#2856));
#1489=EDGE_LOOP('',(#2857,#2858,#2859,#2860));
#1490=EDGE_LOOP('',(#2861,#2862,#2863,#2864));
#1491=EDGE_LOOP('',(#2865,#2866,#2867,#2868));
#1492=EDGE_LOOP('',(#2869,#2870,#2871,#2872));
#1493=EDGE_LOOP('',(#2873,#2874,#2875,#2876));
#1494=EDGE_LOOP('',(#2877,#2878,#2879,#2880));
#1495=EDGE_LOOP('',(#2881,#2882,#2883,#2884));
#1496=EDGE_LOOP('',(#2885,#2886,#2887,#2888));
#1497=EDGE_LOOP('',(#2889,#2890,#2891,#2892,#2893,#2894,#2895,#2896,#2897,
#2898,#2899,#2900,#2901,#2902,#2903,#2904));
#1498=EDGE_LOOP('',(#2905,#2906,#2907,#2908,#2909,#2910,#2911,#2912));
#1499=EDGE_LOOP('',(#2913,#2914,#2915,#2916,#2917,#2918,#2919,#2920,#2921,
#2922,#2923,#2924,#2925,#2926,#2927,#2928));
#1500=EDGE_LOOP('',(#2929,#2930,#2931,#2932));
#1501=EDGE_LOOP('',(#2933));
#1502=EDGE_LOOP('',(#2934,#2935,#2936,#2937));
#1503=EDGE_LOOP('',(#2938,#2939,#2940,#2941,#2942,#2943));
#1504=EDGE_LOOP('',(#2944,#2945,#2946,#2947));
#1505=EDGE_LOOP('',(#2948,#2949,#2950,#2951));
#1506=EDGE_LOOP('',(#2952,#2953,#2954,#2955));
#1507=EDGE_LOOP('',(#2956,#2957,#2958,#2959));
#1508=EDGE_LOOP('',(#2960,#2961,#2962,#2963));
#1509=EDGE_LOOP('',(#2964,#2965,#2966,#2967,#2968,#2969));
#1510=EDGE_LOOP('',(#2970,#2971,#2972,#2973));
#1511=EDGE_LOOP('',(#2974,#2975,#2976,#2977));
#1512=EDGE_LOOP('',(#2978,#2979,#2980,#2981));
#1513=EDGE_LOOP('',(#2982,#2983,#2984,#2985));
#1514=EDGE_LOOP('',(#2986,#2987,#2988,#2989));
#1515=EDGE_LOOP('',(#2990,#2991,#2992,#2993));
#1516=EDGE_LOOP('',(#2994,#2995,#2996,#2997));
#1517=EDGE_LOOP('',(#2998,#2999,#3000,#3001));
#1518=EDGE_LOOP('',(#3002,#3003,#3004,#3005,#3006,#3007));
#1519=EDGE_LOOP('',(#3008,#3009,#3010,#3011,#3012));
#1520=EDGE_LOOP('',(#3013,#3014,#3015,#3016));
#1521=EDGE_LOOP('',(#3017,#3018,#3019,#3020));
#1522=EDGE_LOOP('',(#3021,#3022,#3023,#3024,#3025,#3026,#3027,#3028,#3029,
#3030,#3031,#3032));
#1523=EDGE_LOOP('',(#3033,#3034,#3035,#3036));
#1524=EDGE_LOOP('',(#3037,#3038,#3039,#3040));
#1525=EDGE_LOOP('',(#3041,#3042,#3043,#3044));
#1526=EDGE_LOOP('',(#3045,#3046,#3047,#3048));
#1527=EDGE_LOOP('',(#3049,#3050,#3051,#3052));
#1528=EDGE_LOOP('',(#3053,#3054,#3055,#3056));
#1529=EDGE_LOOP('',(#3057,#3058,#3059,#3060));
#1530=EDGE_LOOP('',(#3061,#3062,#3063,#3064));
#1531=EDGE_LOOP('',(#3065,#3066,#3067));
#1532=EDGE_LOOP('',(#3068,#3069,#3070));
#1533=EDGE_LOOP('',(#3071,#3072,#3073));
#1534=EDGE_LOOP('',(#3074,#3075,#3076));
#1535=EDGE_LOOP('',(#3077,#3078,#3079,#3080));
#1536=EDGE_LOOP('',(#3081,#3082,#3083,#3084));
#1537=EDGE_LOOP('',(#3085,#3086,#3087,#3088));
#1538=EDGE_LOOP('',(#3089,#3090,#3091,#3092));
#1539=EDGE_LOOP('',(#3093,#3094,#3095,#3096));
#1540=EDGE_LOOP('',(#3097,#3098,#3099,#3100));
#1541=EDGE_LOOP('',(#3101,#3102,#3103,#3104));
#1542=EDGE_LOOP('',(#3105,#3106,#3107,#3108));
#1543=EDGE_LOOP('',(#3109,#3110,#3111,#3112));
#1544=EDGE_LOOP('',(#3113,#3114,#3115,#3116));
#1545=EDGE_LOOP('',(#3117,#3118,#3119,#3120));
#1546=EDGE_LOOP('',(#3121,#3122,#3123,#3124));
#1547=EDGE_LOOP('',(#3125,#3126,#3127,#3128));
#1548=EDGE_LOOP('',(#3129,#3130,#3131,#3132,#3133,#3134,#3135,#3136,#3137,
#3138,#3139,#3140));
#1549=EDGE_LOOP('',(#3141,#3142,#3143,#3144));
#1550=EDGE_LOOP('',(#3145,#3146,#3147,#3148));
#1551=EDGE_LOOP('',(#3149,#3150,#3151,#3152));
#1552=EDGE_LOOP('',(#3153,#3154,#3155,#3156));
#1553=EDGE_LOOP('',(#3157,#3158,#3159,#3160,#3161,#3162,#3163,#3164,#3165,
#3166,#3167,#3168));
#1554=EDGE_LOOP('',(#3169,#3170,#3171,#3172));
#1555=EDGE_LOOP('',(#3173,#3174,#3175,#3176));
#1556=EDGE_LOOP('',(#3177,#3178,#3179,#3180));
#1557=EDGE_LOOP('',(#3181,#3182,#3183,#3184));
#1558=EDGE_LOOP('',(#3185,#3186,#3187,#3188));
#1559=EDGE_LOOP('',(#3189,#3190,#3191,#3192));
#1560=EDGE_LOOP('',(#3193,#3194,#3195,#3196));
#1561=EDGE_LOOP('',(#3197,#3198,#3199,#3200));
#1562=EDGE_LOOP('',(#3201,#3202,#3203));
#1563=EDGE_LOOP('',(#3204,#3205,#3206));
#1564=EDGE_LOOP('',(#3207,#3208,#3209));
#1565=EDGE_LOOP('',(#3210,#3211,#3212));
#1566=EDGE_LOOP('',(#3213,#3214,#3215,#3216));
#1567=EDGE_LOOP('',(#3217,#3218,#3219,#3220,#3221));
#1568=EDGE_LOOP('',(#3222,#3223,#3224,#3225));
#1569=EDGE_LOOP('',(#3226,#3227,#3228,#3229,#3230));
#1570=EDGE_LOOP('',(#3231,#3232,#3233,#3234));
#1571=EDGE_LOOP('',(#3235,#3236,#3237,#3238,#3239));
#1572=EDGE_LOOP('',(#3240,#3241,#3242,#3243));
#1573=EDGE_LOOP('',(#3244,#3245,#3246,#3247,#3248));
#1574=EDGE_LOOP('',(#3249,#3250,#3251,#3252,#3253,#3254));
#1575=EDGE_LOOP('',(#3255,#3256,#3257,#3258));
#1576=EDGE_LOOP('',(#3259,#3260,#3261,#3262));
#1577=EDGE_LOOP('',(#3263,#3264,#3265,#3266));
#1578=EDGE_LOOP('',(#3267,#3268,#3269,#3270));
#1579=EDGE_LOOP('',(#3271,#3272,#3273,#3274,#3275,#3276,#3277,#3278,#3279,
#3280,#3281,#3282));
#1580=EDGE_LOOP('',(#3283,#3284,#3285,#3286));
#1581=EDGE_LOOP('',(#3287,#3288,#3289,#3290));
#1582=EDGE_LOOP('',(#3291,#3292,#3293,#3294,#3295,#3296));
#1583=EDGE_LOOP('',(#3297,#3298,#3299,#3300));
#1584=EDGE_LOOP('',(#3301,#3302,#3303,#3304,#3305,#3306,#3307,#3308,#3309,
#3310,#3311,#3312));
#1585=EDGE_LOOP('',(#3313,#3314,#3315,#3316));
#1586=EDGE_LOOP('',(#3317,#3318,#3319,#3320));
#1587=EDGE_LOOP('',(#3321,#3322,#3323,#3324));
#1588=EDGE_LOOP('',(#3325,#3326,#3327,#3328));
#1589=EDGE_LOOP('',(#3329,#3330,#3331,#3332));
#1590=EDGE_LOOP('',(#3333,#3334,#3335,#3336));
#1591=EDGE_LOOP('',(#3337,#3338,#3339,#3340));
#1592=EDGE_LOOP('',(#3341,#3342,#3343,#3344));
#1593=EDGE_LOOP('',(#3345,#3346,#3347));
#1594=EDGE_LOOP('',(#3348,#3349,#3350));
#1595=EDGE_LOOP('',(#3351,#3352,#3353));
#1596=EDGE_LOOP('',(#3354,#3355,#3356));
#1597=EDGE_LOOP('',(#3357,#3358,#3359,#3360));
#1598=EDGE_LOOP('',(#3361,#3362,#3363,#3364));
#1599=EDGE_LOOP('',(#3365,#3366,#3367,#3368));
#1600=EDGE_LOOP('',(#3369,#3370,#3371,#3372));
#1601=EDGE_LOOP('',(#3373,#3374,#3375,#3376));
#1602=EDGE_LOOP('',(#3377,#3378,#3379,#3380));
#1603=EDGE_LOOP('',(#3381,#3382,#3383,#3384));
#1604=EDGE_LOOP('',(#3385,#3386,#3387,#3388));
#1605=EDGE_LOOP('',(#3389,#3390,#3391,#3392));
#1606=EDGE_LOOP('',(#3393,#3394,#3395,#3396));
#1607=EDGE_LOOP('',(#3397,#3398,#3399,#3400));
#1608=EDGE_LOOP('',(#3401,#3402,#3403,#3404));
#1609=EDGE_LOOP('',(#3405,#3406,#3407,#3408));
#1610=EDGE_LOOP('',(#3409,#3410,#3411,#3412,#3413,#3414,#3415,#3416,#3417,
#3418,#3419,#3420));
#1611=EDGE_LOOP('',(#3421,#3422,#3423,#3424));
#1612=EDGE_LOOP('',(#3425,#3426,#3427,#3428));
#1613=EDGE_LOOP('',(#3429,#3430,#3431,#3432));
#1614=EDGE_LOOP('',(#3433,#3434,#3435,#3436,#3437,#3438,#3439,#3440));
#1615=EDGE_LOOP('',(#3441,#3442,#3443,#3444,#3445,#3446,#3447,#3448));
#1616=EDGE_LOOP('',(#3449,#3450,#3451,#3452,#3453,#3454,#3455,#3456,#3457,
#3458,#3459,#3460));
#1617=EDGE_LOOP('',(#3461,#3462,#3463,#3464,#3465,#3466,#3467,#3468));
#1618=EDGE_LOOP('',(#3469,#3470,#3471,#3472,#3473,#3474));
#1619=EDGE_LOOP('',(#3475,#3476,#3477,#3478,#3479,#3480,#3481,#3482,#3483,
#3484,#3485,#3486));
#1620=EDGE_LOOP('',(#3487,#3488,#3489,#3490,#3491,#3492,#3493,#3494));
#1621=EDGE_LOOP('',(#3495,#3496));
#1622=EDGE_LOOP('',(#3497,#3498));
#1623=EDGE_LOOP('',(#3499,#3500,#3501,#3502));
#1624=EDGE_LOOP('',(#3503,#3504,#3505,#3506));
#1625=EDGE_LOOP('',(#3507));
#1626=EDGE_LOOP('',(#3508,#3509,#3510,#3511));
#1627=EDGE_LOOP('',(#3512,#3513,#3514,#3515,#3516));
#1628=EDGE_LOOP('',(#3517,#3518,#3519,#3520));
#1629=EDGE_LOOP('',(#3521,#3522,#3523,#3524,#3525,#3526));
#1630=EDGE_LOOP('',(#3527,#3528,#3529,#3530,#3531));
#1631=EDGE_LOOP('',(#3532,#3533,#3534,#3535,#3536));
#1632=EDGE_LOOP('',(#3537,#3538,#3539,#3540,#3541));
#1633=EDGE_LOOP('',(#3542,#3543,#3544,#3545,#3546));
#1634=EDGE_LOOP('',(#3547,#3548,#3549));
#1635=EDGE_LOOP('',(#3550,#3551,#3552));
#1636=EDGE_LOOP('',(#3553,#3554,#3555,#3556));
#1637=EDGE_LOOP('',(#3557,#3558,#3559,#3560,#3561));
#1638=EDGE_LOOP('',(#3562,#3563,#3564,#3565));
#1639=EDGE_LOOP('',(#3566,#3567,#3568,#3569,#3570));
#1640=EDGE_LOOP('',(#3571,#3572,#3573,#3574));
#1641=EDGE_LOOP('',(#3575,#3576,#3577,#3578,#3579,#3580,#3581,#3582));
#1642=EDGE_LOOP('',(#3583,#3584,#3585,#3586,#3587));
#1643=EDGE_LOOP('',(#3588,#3589,#3590,#3591));
#1644=EDGE_LOOP('',(#3592,#3593,#3594,#3595,#3596,#3597,#3598,#3599));
#1645=EDGE_LOOP('',(#3600,#3601,#3602,#3603,#3604));
#1646=EDGE_LOOP('',(#3605,#3606,#3607,#3608));
#1647=EDGE_LOOP('',(#3609,#3610,#3611,#3612));
#1648=EDGE_LOOP('',(#3613,#3614,#3615,#3616));
#1649=EDGE_LOOP('',(#3617,#3618,#3619,#3620));
#1650=EDGE_LOOP('',(#3621,#3622,#3623,#3624));
#1651=EDGE_LOOP('',(#3625,#3626,#3627,#3628));
#1652=EDGE_LOOP('',(#3629,#3630,#3631));
#1653=EDGE_LOOP('',(#3632,#3633,#3634,#3635));
#1654=EDGE_LOOP('',(#3636,#3637,#3638,#3639));
#1655=EDGE_LOOP('',(#3640,#3641,#3642,#3643));
#1656=EDGE_LOOP('',(#3644,#3645,#3646,#3647));
#1657=EDGE_LOOP('',(#3648,#3649,#3650,#3651));
#1658=EDGE_LOOP('',(#3652,#3653,#3654,#3655));
#1659=EDGE_LOOP('',(#3656,#3657,#3658,#3659));
#1660=EDGE_LOOP('',(#3660,#3661,#3662,#3663));
#1661=EDGE_LOOP('',(#3664,#3665,#3666,#3667));
#1662=EDGE_LOOP('',(#3668,#3669,#3670,#3671));
#1663=EDGE_LOOP('',(#3672,#3673,#3674,#3675));
#1664=EDGE_LOOP('',(#3676,#3677,#3678,#3679));
#1665=EDGE_LOOP('',(#3680,#3681,#3682,#3683));
#1666=EDGE_LOOP('',(#3684,#3685,#3686,#3687));
#1667=EDGE_LOOP('',(#3688,#3689,#3690,#3691));
#1668=EDGE_LOOP('',(#3692,#3693,#3694,#3695));
#1669=EDGE_LOOP('',(#3696,#3697,#3698,#3699));
#1670=EDGE_LOOP('',(#3700,#3701,#3702,#3703));
#1671=EDGE_LOOP('',(#3704,#3705,#3706,#3707));
#1672=EDGE_LOOP('',(#3708,#3709,#3710,#3711));
#1673=EDGE_LOOP('',(#3712,#3713,#3714,#3715));
#1674=EDGE_LOOP('',(#3716,#3717,#3718,#3719));
#1675=EDGE_LOOP('',(#3720,#3721,#3722,#3723));
#1676=EDGE_LOOP('',(#3724,#3725,#3726,#3727));
#1677=EDGE_LOOP('',(#3728,#3729,#3730,#3731,#3732,#3733,#3734,#3735,#3736,
#3737,#3738,#3739));
#1678=EDGE_LOOP('',(#3740,#3741,#3742,#3743,#3744,#3745,#3746,#3747,#3748,
#3749,#3750,#3751));
#1679=EDGE_LOOP('',(#3752,#3753,#3754,#3755,#3756,#3757,#3758,#3759,#3760,
#3761,#3762,#3763));
#1680=EDGE_LOOP('',(#3764,#3765,#3766,#3767,#3768,#3769,#3770,#3771,#3772,
#3773,#3774,#3775));
#1681=EDGE_LOOP('',(#3776,#3777,#3778,#3779));
#1682=EDGE_LOOP('',(#3780,#3781,#3782,#3783));
#1683=EDGE_LOOP('',(#3784,#3785,#3786,#3787));
#1684=EDGE_LOOP('',(#3788,#3789,#3790,#3791));
#1685=EDGE_LOOP('',(#3792,#3793,#3794,#3795));
#1686=EDGE_LOOP('',(#3796,#3797,#3798,#3799));
#1687=EDGE_LOOP('',(#3800,#3801,#3802));
#1688=EDGE_LOOP('',(#3803,#3804,#3805,#3806,#3807,#3808,#3809,#3810,#3811,
#3812,#3813,#3814));
#1689=EDGE_LOOP('',(#3815,#3816,#3817,#3818,#3819,#3820,#3821,#3822,#3823,
#3824));
#1690=EDGE_LOOP('',(#3825,#3826,#3827,#3828,#3829,#3830,#3831,#3832,#3833,
#3834));
#1691=EDGE_LOOP('',(#3835,#3836,#3837,#3838,#3839,#3840,#3841,#3842,#3843,
#3844,#3845,#3846));
#1692=EDGE_LOOP('',(#3847,#3848,#3849));
#1693=EDGE_LOOP('',(#3850,#3851,#3852,#3853));
#1694=EDGE_LOOP('',(#3854,#3855,#3856,#3857));
#1695=EDGE_LOOP('',(#3858,#3859,#3860));
#1696=EDGE_LOOP('',(#3861,#3862,#3863,#3864));
#1697=EDGE_LOOP('',(#3865,#3866,#3867,#3868));
#1698=EDGE_LOOP('',(#3869,#3870,#3871,#3872));
#1699=EDGE_LOOP('',(#3873,#3874,#3875));
#1700=EDGE_LOOP('',(#3876,#3877,#3878,#3879));
#1701=EDGE_LOOP('',(#3880,#3881,#3882));
#1702=EDGE_LOOP('',(#3883,#3884,#3885,#3886,#3887));
#1703=EDGE_LOOP('',(#3888,#3889,#3890,#3891,#3892));
#1704=EDGE_LOOP('',(#3893,#3894,#3895,#3896,#3897));
#1705=EDGE_LOOP('',(#3898,#3899,#3900,#3901,#3902));
#1706=EDGE_LOOP('',(#3903,#3904,#3905,#3906));
#1707=EDGE_LOOP('',(#3907,#3908,#3909,#3910,#3911,#3912));
#1708=EDGE_LOOP('',(#3913,#3914,#3915,#3916,#3917,#3918));
#1709=EDGE_LOOP('',(#3919,#3920,#3921,#3922));
#1710=EDGE_LOOP('',(#3923,#3924,#3925,#3926));
#1711=EDGE_LOOP('',(#3927,#3928,#3929,#3930,#3931,#3932));
#1712=EDGE_LOOP('',(#3933,#3934,#3935,#3936,#3937,#3938));
#1713=EDGE_LOOP('',(#3939,#3940,#3941,#3942,#3943,#3944));
#1714=EDGE_LOOP('',(#3945,#3946,#3947,#3948));
#1715=EDGE_LOOP('',(#3949,#3950,#3951,#3952,#3953,#3954));
#1716=EDGE_LOOP('',(#3955,#3956,#3957,#3958,#3959,#3960));
#1717=CIRCLE('',#4239,0.04642305217499);
#1718=CIRCLE('',#4240,0.04642305217499);
#1719=CIRCLE('',#4241,0.0826771653543307);
#1720=CIRCLE('',#4242,0.00149281811450369);
#1721=CIRCLE('',#4243,0.0511811023622068);
#1722=CIRCLE('',#4244,0.0526534637816428);
#1723=CIRCLE('',#4245,0.0526534637816428);
#1724=CIRCLE('',#4250,0.0277234080265106);
#1725=CIRCLE('',#4252,0.0277234080265106);
#1726=CIRCLE('',#4257,0.0277234080265106);
#1727=CIRCLE('',#4260,0.0277234080265106);
#1728=CIRCLE('',#4266,0.0277234080265106);
#1729=CIRCLE('',#4269,0.0277234080265106);
#1730=CIRCLE('',#4273,0.0277234080265106);
#1731=CIRCLE('',#4276,0.0277234080265106);
#1732=CIRCLE('',#4281,0.00984251968503937);
#1733=CIRCLE('',#4282,0.0240157480314961);
#1734=CIRCLE('',#4283,0.0240157480314961);
#1735=CIRCLE('',#4284,0.00984251968503937);
#1736=CIRCLE('',#4285,0.12244094488189);
#1737=CIRCLE('',#4287,0.12244094488189);
#1738=CIRCLE('',#4288,0.00984251968503937);
#1739=CIRCLE('',#4289,0.00984251968503937);
#1740=CIRCLE('',#4291,0.00984251968503937);
#1741=CIRCLE('',#4292,0.00984251968503937);
#1742=CIRCLE('',#4293,0.00984251968503937);
#1743=CIRCLE('',#4294,0.00984251968503937);
#1744=CIRCLE('',#4295,0.0240157480314961);
#1745=CIRCLE('',#4296,0.0240157480314961);
#1746=CIRCLE('',#4297,0.12244094488189);
#1747=CIRCLE('',#4299,0.0826771653543307);
#1748=CIRCLE('',#4320,0.0893700787401575);
#1749=CIRCLE('',#4321,0.0893700787401575);
#1750=CIRCLE('',#4323,0.0393700787401575);
#1751=CIRCLE('',#4326,0.0393700787401575);
#1752=CIRCLE('',#4334,0.015748031496063);
#1753=CIRCLE('',#4335,0.015748031496063);
#1754=CIRCLE('',#4336,0.015748031496063);
#1755=CIRCLE('',#4338,0.015748031496063);
#1756=CIRCLE('',#4339,0.015748031496063);
#1757=CIRCLE('',#4340,0.015748031496063);
#1758=CIRCLE('',#4342,0.015748031496063);
#1759=CIRCLE('',#4343,0.015748031496063);
#1760=CIRCLE('',#4344,0.015748031496063);
#1761=CIRCLE('',#4346,0.015748031496063);
#1762=CIRCLE('',#4347,0.015748031496063);
#1763=CIRCLE('',#4348,0.015748031496063);
#1764=CIRCLE('',#4370,0.0893700787401575);
#1765=CIRCLE('',#4371,0.0893700787401575);
#1766=CIRCLE('',#4373,0.0393700787401575);
#1767=CIRCLE('',#4376,0.0393700787401575);
#1768=CIRCLE('',#4384,0.015748031496063);
#1769=CIRCLE('',#4385,0.015748031496063);
#1770=CIRCLE('',#4386,0.015748031496063);
#1771=CIRCLE('',#4388,0.015748031496063);
#1772=CIRCLE('',#4389,0.015748031496063);
#1773=CIRCLE('',#4390,0.015748031496063);
#1774=CIRCLE('',#4392,0.015748031496063);
#1775=CIRCLE('',#4393,0.015748031496063);
#1776=CIRCLE('',#4394,0.015748031496063);
#1777=CIRCLE('',#4396,0.015748031496063);
#1778=CIRCLE('',#4397,0.015748031496063);
#1779=CIRCLE('',#4398,0.015748031496063);
#1780=CIRCLE('',#4424,0.0893700787401575);
#1781=CIRCLE('',#4425,0.0893700787401575);
#1782=CIRCLE('',#4427,0.0393700787401575);
#1783=CIRCLE('',#4430,0.0393700787401575);
#1784=CIRCLE('',#4438,0.015748031496063);
#1785=CIRCLE('',#4439,0.015748031496063);
#1786=CIRCLE('',#4440,0.015748031496063);
#1787=CIRCLE('',#4442,0.015748031496063);
#1788=CIRCLE('',#4443,0.015748031496063);
#1789=CIRCLE('',#4444,0.015748031496063);
#1790=CIRCLE('',#4446,0.015748031496063);
#1791=CIRCLE('',#4447,0.015748031496063);
#1792=CIRCLE('',#4448,0.015748031496063);
#1793=CIRCLE('',#4450,0.015748031496063);
#1794=CIRCLE('',#4451,0.015748031496063);
#1795=CIRCLE('',#4452,0.015748031496063);
#1796=CIRCLE('',#4474,0.0277234080265106);
#1797=CIRCLE('',#4476,0.0277234080265106);
#1798=CIRCLE('',#4478,0.0277234080265106);
#1799=CIRCLE('',#4479,0.0277234080265106);
#1800=CIRCLE('',#4485,0.12244094488189);
#1801=CIRCLE('',#4486,0.104724409448819);
#1802=CIRCLE('',#4488,0.0826771653543307);
#1803=CIRCLE('',#4502,0.0299212598425201);
#1804=CIRCLE('',#4504,0.0299212598425201);
#1805=CIRCLE('',#4526,0.0299212598425201);
#1806=CIRCLE('',#4560,0.0299212598425201);
#1807=CIRCLE('',#4563,0.0299212598425201);
#1808=CIRCLE('',#4564,0.0299212598425201);
#1809=CIRCLE('',#4566,0.0299212598425201);
#1810=CIRCLE('',#4567,0.0299212598425201);
#1811=VERTEX_POINT('',#5782);
#1812=VERTEX_POINT('',#5783);
#1813=VERTEX_POINT('',#5786);
#1814=VERTEX_POINT('',#5833);
#1815=VERTEX_POINT('',#5835);
#1816=VERTEX_POINT('',#5837);
#1817=VERTEX_POINT('',#5844);
#1818=VERTEX_POINT('',#5845);
#1819=VERTEX_POINT('',#5847);
#1820=VERTEX_POINT('',#5849);
#1821=VERTEX_POINT('',#5853);
#1822=VERTEX_POINT('',#5855);
#1823=VERTEX_POINT('',#5859);
#1824=VERTEX_POINT('',#5861);
#1825=VERTEX_POINT('',#5870);
#1826=VERTEX_POINT('',#5871);
#1827=VERTEX_POINT('',#5873);
#1828=VERTEX_POINT('',#5875);
#1829=VERTEX_POINT('',#5879);
#1830=VERTEX_POINT('',#5881);
#1831=VERTEX_POINT('',#5885);
#1832=VERTEX_POINT('',#5887);
#1833=VERTEX_POINT('',#5896);
#1834=VERTEX_POINT('',#5897);
#1835=VERTEX_POINT('',#5899);
#1836=VERTEX_POINT('',#5901);
#1837=VERTEX_POINT('',#5905);
#1838=VERTEX_POINT('',#5907);
#1839=VERTEX_POINT('',#5911);
#1840=VERTEX_POINT('',#5915);
#1841=VERTEX_POINT('',#5922);
#1842=VERTEX_POINT('',#5923);
#1843=VERTEX_POINT('',#5925);
#1844=VERTEX_POINT('',#5927);
#1845=VERTEX_POINT('',#5931);
#1846=VERTEX_POINT('',#5932);
#1847=VERTEX_POINT('',#5937);
#1848=VERTEX_POINT('',#5941);
#1849=VERTEX_POINT('',#5948);
#1850=VERTEX_POINT('',#5949);
#1851=VERTEX_POINT('',#5951);
#1852=VERTEX_POINT('',#5953);
#1853=VERTEX_POINT('',#5955);
#1854=VERTEX_POINT('',#5957);
#1855=VERTEX_POINT('',#5959);
#1856=VERTEX_POINT('',#5961);
#1857=VERTEX_POINT('',#5963);
#1858=VERTEX_POINT('',#5965);
#1859=VERTEX_POINT('',#5967);
#1860=VERTEX_POINT('',#5969);
#1861=VERTEX_POINT('',#5971);
#1862=VERTEX_POINT('',#5973);
#1863=VERTEX_POINT('',#5975);
#1864=VERTEX_POINT('',#5977);
#1865=VERTEX_POINT('',#5981);
#1866=VERTEX_POINT('',#5982);
#1867=VERTEX_POINT('',#5984);
#1868=VERTEX_POINT('',#5986);
#1869=VERTEX_POINT('',#5988);
#1870=VERTEX_POINT('',#5990);
#1871=VERTEX_POINT('',#5992);
#1872=VERTEX_POINT('',#5994);
#1873=VERTEX_POINT('',#5998);
#1874=VERTEX_POINT('',#5999);
#1875=VERTEX_POINT('',#6001);
#1876=VERTEX_POINT('',#6003);
#1877=VERTEX_POINT('',#6005);
#1878=VERTEX_POINT('',#6007);
#1879=VERTEX_POINT('',#6009);
#1880=VERTEX_POINT('',#6011);
#1881=VERTEX_POINT('',#6013);
#1882=VERTEX_POINT('',#6015);
#1883=VERTEX_POINT('',#6017);
#1884=VERTEX_POINT('',#6019);
#1885=VERTEX_POINT('',#6021);
#1886=VERTEX_POINT('',#6023);
#1887=VERTEX_POINT('',#6025);
#1888=VERTEX_POINT('',#6027);
#1889=VERTEX_POINT('',#6030);
#1890=VERTEX_POINT('',#6031);
#1891=VERTEX_POINT('',#6033);
#1892=VERTEX_POINT('',#6035);
#1893=VERTEX_POINT('',#6039);
#1894=VERTEX_POINT('',#6076);
#1895=VERTEX_POINT('',#6078);
#1896=VERTEX_POINT('',#6080);
#1897=VERTEX_POINT('',#6082);
#1898=VERTEX_POINT('',#6086);
#1899=VERTEX_POINT('',#6088);
#1900=VERTEX_POINT('',#6090);
#1901=VERTEX_POINT('',#6096);
#1902=VERTEX_POINT('',#6100);
#1903=VERTEX_POINT('',#6101);
#1904=VERTEX_POINT('',#6103);
#1905=VERTEX_POINT('',#6105);
#1906=VERTEX_POINT('',#6109);
#1907=VERTEX_POINT('',#6111);
#1908=VERTEX_POINT('',#6113);
#1909=VERTEX_POINT('',#6115);
#1910=VERTEX_POINT('',#6117);
#1911=VERTEX_POINT('',#6119);
#1912=VERTEX_POINT('',#6121);
#1913=VERTEX_POINT('',#6123);
#1914=VERTEX_POINT('',#6125);
#1915=VERTEX_POINT('',#6127);
#1916=VERTEX_POINT('',#6131);
#1917=VERTEX_POINT('',#6135);
#1918=VERTEX_POINT('',#6137);
#1919=VERTEX_POINT('',#6141);
#1920=VERTEX_POINT('',#6145);
#1921=VERTEX_POINT('',#6149);
#1922=VERTEX_POINT('',#6155);
#1923=VERTEX_POINT('',#6159);
#1924=VERTEX_POINT('',#6163);
#1925=VERTEX_POINT('',#6164);
#1926=VERTEX_POINT('',#6166);
#1927=VERTEX_POINT('',#6170);
#1928=VERTEX_POINT('',#6171);
#1929=VERTEX_POINT('',#6173);
#1930=VERTEX_POINT('',#6177);
#1931=VERTEX_POINT('',#6178);
#1932=VERTEX_POINT('',#6180);
#1933=VERTEX_POINT('',#6184);
#1934=VERTEX_POINT('',#6185);
#1935=VERTEX_POINT('',#6187);
#1936=VERTEX_POINT('',#6191);
#1937=VERTEX_POINT('',#6192);
#1938=VERTEX_POINT('',#6203);
#1939=VERTEX_POINT('',#6204);
#1940=VERTEX_POINT('',#6212);
#1941=VERTEX_POINT('',#6213);
#1942=VERTEX_POINT('',#6221);
#1943=VERTEX_POINT('',#6222);
#1944=VERTEX_POINT('',#6231);
#1945=VERTEX_POINT('',#6233);
#1946=VERTEX_POINT('',#6246);
#1947=VERTEX_POINT('',#6247);
#1948=VERTEX_POINT('',#6249);
#1949=VERTEX_POINT('',#6251);
#1950=VERTEX_POINT('',#6255);
#1951=VERTEX_POINT('',#6257);
#1952=VERTEX_POINT('',#6259);
#1953=VERTEX_POINT('',#6261);
#1954=VERTEX_POINT('',#6263);
#1955=VERTEX_POINT('',#6265);
#1956=VERTEX_POINT('',#6267);
#1957=VERTEX_POINT('',#6269);
#1958=VERTEX_POINT('',#6271);
#1959=VERTEX_POINT('',#6273);
#1960=VERTEX_POINT('',#6277);
#1961=VERTEX_POINT('',#6281);
#1962=VERTEX_POINT('',#6283);
#1963=VERTEX_POINT('',#6287);
#1964=VERTEX_POINT('',#6291);
#1965=VERTEX_POINT('',#6295);
#1966=VERTEX_POINT('',#6301);
#1967=VERTEX_POINT('',#6305);
#1968=VERTEX_POINT('',#6309);
#1969=VERTEX_POINT('',#6310);
#1970=VERTEX_POINT('',#6312);
#1971=VERTEX_POINT('',#6316);
#1972=VERTEX_POINT('',#6317);
#1973=VERTEX_POINT('',#6319);
#1974=VERTEX_POINT('',#6323);
#1975=VERTEX_POINT('',#6324);
#1976=VERTEX_POINT('',#6326);
#1977=VERTEX_POINT('',#6330);
#1978=VERTEX_POINT('',#6331);
#1979=VERTEX_POINT('',#6333);
#1980=VERTEX_POINT('',#6340);
#1981=VERTEX_POINT('',#6341);
#1982=VERTEX_POINT('',#6343);
#1983=VERTEX_POINT('',#6351);
#1984=VERTEX_POINT('',#6352);
#1985=VERTEX_POINT('',#6354);
#1986=VERTEX_POINT('',#6362);
#1987=VERTEX_POINT('',#6363);
#1988=VERTEX_POINT('',#6365);
#1989=VERTEX_POINT('',#6373);
#1990=VERTEX_POINT('',#6374);
#1991=VERTEX_POINT('',#6376);
#1992=VERTEX_POINT('',#6381);
#1993=VERTEX_POINT('',#6383);
#1994=VERTEX_POINT('',#6389);
#1995=VERTEX_POINT('',#6391);
#1996=VERTEX_POINT('',#6402);
#1997=VERTEX_POINT('',#6404);
#1998=VERTEX_POINT('',#6408);
#1999=VERTEX_POINT('',#6409);
#2000=VERTEX_POINT('',#6411);
#2001=VERTEX_POINT('',#6413);
#2002=VERTEX_POINT('',#6417);
#2003=VERTEX_POINT('',#6419);
#2004=VERTEX_POINT('',#6421);
#2005=VERTEX_POINT('',#6423);
#2006=VERTEX_POINT('',#6425);
#2007=VERTEX_POINT('',#6427);
#2008=VERTEX_POINT('',#6429);
#2009=VERTEX_POINT('',#6431);
#2010=VERTEX_POINT('',#6433);
#2011=VERTEX_POINT('',#6435);
#2012=VERTEX_POINT('',#6439);
#2013=VERTEX_POINT('',#6443);
#2014=VERTEX_POINT('',#6445);
#2015=VERTEX_POINT('',#6449);
#2016=VERTEX_POINT('',#6453);
#2017=VERTEX_POINT('',#6457);
#2018=VERTEX_POINT('',#6463);
#2019=VERTEX_POINT('',#6467);
#2020=VERTEX_POINT('',#6471);
#2021=VERTEX_POINT('',#6472);
#2022=VERTEX_POINT('',#6474);
#2023=VERTEX_POINT('',#6478);
#2024=VERTEX_POINT('',#6479);
#2025=VERTEX_POINT('',#6481);
#2026=VERTEX_POINT('',#6485);
#2027=VERTEX_POINT('',#6486);
#2028=VERTEX_POINT('',#6488);
#2029=VERTEX_POINT('',#6492);
#2030=VERTEX_POINT('',#6493);
#2031=VERTEX_POINT('',#6495);
#2032=VERTEX_POINT('',#6502);
#2033=VERTEX_POINT('',#6503);
#2034=VERTEX_POINT('',#6511);
#2035=VERTEX_POINT('',#6512);
#2036=VERTEX_POINT('',#6520);
#2037=VERTEX_POINT('',#6521);
#2038=VERTEX_POINT('',#6529);
#2039=VERTEX_POINT('',#6530);
#2040=VERTEX_POINT('',#6539);
#2041=VERTEX_POINT('',#6541);
#2042=VERTEX_POINT('',#6554);
#2043=VERTEX_POINT('',#6556);
#2044=VERTEX_POINT('',#6558);
#2045=VERTEX_POINT('',#6560);
#2046=VERTEX_POINT('',#6562);
#2047=VERTEX_POINT('',#6566);
#2048=VERTEX_POINT('',#6568);
#2049=VERTEX_POINT('',#6570);
#2050=VERTEX_POINT('',#6572);
#2051=VERTEX_POINT('',#6574);
#2052=VERTEX_POINT('',#6578);
#2053=VERTEX_POINT('',#6580);
#2054=VERTEX_POINT('',#6582);
#2055=VERTEX_POINT('',#6584);
#2056=VERTEX_POINT('',#6586);
#2057=VERTEX_POINT('',#6588);
#2058=VERTEX_POINT('',#6590);
#2059=VERTEX_POINT('',#6592);
#2060=VERTEX_POINT('',#6594);
#2061=VERTEX_POINT('',#6596);
#2062=VERTEX_POINT('',#6600);
#2063=VERTEX_POINT('',#6604);
#2064=VERTEX_POINT('',#6606);
#2065=VERTEX_POINT('',#6608);
#2066=VERTEX_POINT('',#6610);
#2067=VERTEX_POINT('',#6612);
#2068=VERTEX_POINT('',#6614);
#2069=VERTEX_POINT('',#6622);
#2070=VERTEX_POINT('',#6623);
#2071=VERTEX_POINT('',#6631);
#2072=VERTEX_POINT('',#6639);
#2073=VERTEX_POINT('',#6641);
#2074=VERTEX_POINT('',#6643);
#2075=VERTEX_POINT('',#6645);
#2076=VERTEX_POINT('',#6649);
#2077=VERTEX_POINT('',#6650);
#2078=VERTEX_POINT('',#6652);
#2079=VERTEX_POINT('',#6654);
#2080=VERTEX_POINT('',#6656);
#2081=VERTEX_POINT('',#6660);
#2082=VERTEX_POINT('',#6662);
#2083=VERTEX_POINT('',#6664);
#2084=VERTEX_POINT('',#6668);
#2085=VERTEX_POINT('',#6670);
#2086=VERTEX_POINT('',#6672);
#2087=VERTEX_POINT('',#6676);
#2088=VERTEX_POINT('',#6678);
#2089=VERTEX_POINT('',#6680);
#2090=VERTEX_POINT('',#6682);
#2091=VERTEX_POINT('',#6686);
#2092=VERTEX_POINT('',#6687);
#2093=VERTEX_POINT('',#6692);
#2094=VERTEX_POINT('',#6693);
#2095=VERTEX_POINT('',#6698);
#2096=VERTEX_POINT('',#6702);
#2097=VERTEX_POINT('',#6704);
#2098=VERTEX_POINT('',#6708);
#2099=VERTEX_POINT('',#6712);
#2100=VERTEX_POINT('',#6714);
#2101=VERTEX_POINT('',#6718);
#2102=VERTEX_POINT('',#6720);
#2103=VERTEX_POINT('',#6726);
#2104=VERTEX_POINT('',#6728);
#2105=VERTEX_POINT('',#6732);
#2106=VERTEX_POINT('',#6733);
#2107=VERTEX_POINT('',#6741);
#2108=VERTEX_POINT('',#6743);
#2109=VERTEX_POINT('',#6747);
#2110=VERTEX_POINT('',#6749);
#2111=VERTEX_POINT('',#6753);
#2112=VERTEX_POINT('',#6755);
#2113=VERTEX_POINT('',#6762);
#2114=VERTEX_POINT('',#6764);
#2115=VERTEX_POINT('',#6771);
#2116=VERTEX_POINT('',#6773);
#2117=VERTEX_POINT('',#6777);
#2118=VERTEX_POINT('',#6778);
#2119=VERTEX_POINT('',#6783);
#2120=VERTEX_POINT('',#6784);
#2121=VERTEX_POINT('',#6786);
#2122=VERTEX_POINT('',#6788);
#2123=VERTEX_POINT('',#6792);
#2124=VERTEX_POINT('',#6794);
#2125=VERTEX_POINT('',#6798);
#2126=VERTEX_POINT('',#6800);
#2127=VERTEX_POINT('',#6804);
#2128=VERTEX_POINT('',#6806);
#2129=VERTEX_POINT('',#6810);
#2130=VERTEX_POINT('',#6812);
#2131=VERTEX_POINT('',#6816);
#2132=VERTEX_POINT('',#6818);
#2133=VERTEX_POINT('',#6822);
#2134=VERTEX_POINT('',#6824);
#2135=VERTEX_POINT('',#6828);
#2136=VERTEX_POINT('',#6830);
#2137=VERTEX_POINT('',#6834);
#2138=VERTEX_POINT('',#6836);
#2139=VERTEX_POINT('',#6840);
#2140=VERTEX_POINT('',#6842);
#2141=VERTEX_POINT('',#6846);
#2142=VERTEX_POINT('',#6848);
#2143=VERTEX_POINT('',#6855);
#2144=VERTEX_POINT('',#6856);
#2145=VERTEX_POINT('',#6858);
#2146=VERTEX_POINT('',#6860);
#2147=VERTEX_POINT('',#6864);
#2148=VERTEX_POINT('',#6866);
#2149=VERTEX_POINT('',#6870);
#2150=VERTEX_POINT('',#6872);
#2151=VERTEX_POINT('',#6876);
#2152=VERTEX_POINT('',#6878);
#2153=VERTEX_POINT('',#6882);
#2154=VERTEX_POINT('',#6884);
#2155=VERTEX_POINT('',#6888);
#2156=VERTEX_POINT('',#6890);
#2157=VERTEX_POINT('',#6894);
#2158=VERTEX_POINT('',#6896);
#2159=VERTEX_POINT('',#6900);
#2160=VERTEX_POINT('',#6902);
#2161=VERTEX_POINT('',#6906);
#2162=VERTEX_POINT('',#6908);
#2163=VERTEX_POINT('',#6912);
#2164=VERTEX_POINT('',#6914);
#2165=VERTEX_POINT('',#6918);
#2166=VERTEX_POINT('',#6920);
#2167=VERTEX_POINT('',#6928);
#2168=VERTEX_POINT('',#6930);
#2169=VERTEX_POINT('',#6934);
#2170=VERTEX_POINT('',#6938);
#2171=VERTEX_POINT('',#6944);
#2172=VERTEX_POINT('',#6948);
#2173=VERTEX_POINT('',#6950);
#2174=VERTEX_POINT('',#6956);
#2175=VERTEX_POINT('',#6964);
#2176=VERTEX_POINT('',#6966);
#2177=VERTEX_POINT('',#6973);
#2178=VERTEX_POINT('',#6981);
#2179=VERTEX_POINT('',#6990);
#2180=VERTEX_POINT('',#6996);
#2181=VERTEX_POINT('',#7000);
#2182=VERTEX_POINT('',#7004);
#2183=VERTEX_POINT('',#7008);
#2184=VERTEX_POINT('',#7012);
#2185=EDGE_CURVE('',#1811,#1812,#1717,.T.);
#2186=EDGE_CURVE('',#1812,#1811,#1718,.T.);
#2187=EDGE_CURVE('',#1812,#1813,#1719,.T.);
#2188=EDGE_CURVE('',#1814,#1814,#1720,.T.);
#2189=EDGE_CURVE('',#1814,#1815,#1721,.T.);
#2190=EDGE_CURVE('',#1815,#1816,#1722,.T.);
#2191=EDGE_CURVE('',#1816,#1815,#1723,.T.);
#2192=EDGE_CURVE('',#1816,#1811,#283,.T.);
#2193=EDGE_CURVE('',#1817,#1818,#284,.T.);
#2194=EDGE_CURVE('',#1819,#1817,#285,.T.);
#2195=EDGE_CURVE('',#1820,#1819,#286,.T.);
#2196=EDGE_CURVE('',#1818,#1820,#287,.T.);
#2197=EDGE_CURVE('',#1817,#1821,#288,.T.);
#2198=EDGE_CURVE('',#1821,#1822,#1724,.T.);
#2199=EDGE_CURVE('',#1822,#1819,#289,.T.);
#2200=EDGE_CURVE('',#1821,#1823,#290,.T.);
#2201=EDGE_CURVE('',#1823,#1824,#1725,.T.);
#2202=EDGE_CURVE('',#1822,#1824,#291,.T.);
#2203=EDGE_CURVE('',#1824,#1820,#292,.T.);
#2204=EDGE_CURVE('',#1818,#1823,#293,.T.);
#2205=EDGE_CURVE('',#1825,#1826,#294,.T.);
#2206=EDGE_CURVE('',#1827,#1826,#295,.T.);
#2207=EDGE_CURVE('',#1827,#1828,#296,.T.);
#2208=EDGE_CURVE('',#1828,#1825,#1726,.T.);
#2209=EDGE_CURVE('',#1829,#1826,#297,.T.);
#2210=EDGE_CURVE('',#1830,#1829,#298,.T.);
#2211=EDGE_CURVE('',#1827,#1830,#299,.T.);
#2212=EDGE_CURVE('',#1828,#1831,#300,.T.);
#2213=EDGE_CURVE('',#1831,#1832,#1727,.T.);
#2214=EDGE_CURVE('',#1825,#1832,#301,.T.);
#2215=EDGE_CURVE('',#1832,#1829,#302,.T.);
#2216=EDGE_CURVE('',#1830,#1831,#303,.T.);
#2217=EDGE_CURVE('',#1833,#1834,#304,.T.);
#2218=EDGE_CURVE('',#1833,#1835,#305,.T.);
#2219=EDGE_CURVE('',#1836,#1835,#306,.T.);
#2220=EDGE_CURVE('',#1834,#1836,#307,.T.);
#2221=EDGE_CURVE('',#1837,#1835,#308,.T.);
#2222=EDGE_CURVE('',#1833,#1838,#309,.T.);
#2223=EDGE_CURVE('',#1838,#1837,#1728,.T.);
#2224=EDGE_CURVE('',#1834,#1839,#310,.T.);
#2225=EDGE_CURVE('',#1838,#1839,#311,.T.);
#2226=EDGE_CURVE('',#1839,#1840,#1729,.T.);
#2227=EDGE_CURVE('',#1837,#1840,#312,.T.);
#2228=EDGE_CURVE('',#1840,#1836,#313,.T.);
#2229=EDGE_CURVE('',#1841,#1842,#314,.T.);
#2230=EDGE_CURVE('',#1843,#1842,#315,.T.);
#2231=EDGE_CURVE('',#1844,#1843,#1730,.T.);
#2232=EDGE_CURVE('',#1841,#1844,#316,.T.);
#2233=EDGE_CURVE('',#1845,#1846,#317,.T.);
#2234=EDGE_CURVE('',#1845,#1843,#318,.T.);
#2235=EDGE_CURVE('',#1842,#1846,#319,.T.);
#2236=EDGE_CURVE('',#1847,#1845,#1731,.T.);
#2237=EDGE_CURVE('',#1847,#1844,#320,.T.);
#2238=EDGE_CURVE('',#1848,#1847,#321,.T.);
#2239=EDGE_CURVE('',#1848,#1841,#322,.T.);
#2240=EDGE_CURVE('',#1846,#1848,#323,.T.);
#2241=EDGE_CURVE('',#1849,#1850,#324,.T.);
#2242=EDGE_CURVE('',#1851,#1849,#325,.T.);
#2243=EDGE_CURVE('',#1852,#1851,#1732,.T.);
#2244=EDGE_CURVE('',#1853,#1852,#326,.T.);
#2245=EDGE_CURVE('',#1854,#1853,#327,.T.);
#2246=EDGE_CURVE('',#1855,#1854,#1733,.T.);
#2247=EDGE_CURVE('',#1856,#1855,#328,.T.);
#2248=EDGE_CURVE('',#1857,#1856,#329,.T.);
#2249=EDGE_CURVE('',#1858,#1857,#330,.T.);
#2250=EDGE_CURVE('',#1859,#1858,#1734,.T.);
#2251=EDGE_CURVE('',#1860,#1859,#331,.T.);
#2252=EDGE_CURVE('',#1861,#1860,#332,.T.);
#2253=EDGE_CURVE('',#1862,#1861,#1735,.T.);
#2254=EDGE_CURVE('',#1863,#1862,#333,.T.);
#2255=EDGE_CURVE('',#1864,#1863,#334,.T.);
#2256=EDGE_CURVE('',#1864,#1850,#1736,.T.);
#2257=EDGE_CURVE('',#1865,#1866,#335,.T.);
#2258=EDGE_CURVE('',#1866,#1867,#1737,.T.);
#2259=EDGE_CURVE('',#1867,#1868,#336,.T.);
#2260=EDGE_CURVE('',#1869,#1868,#337,.T.);
#2261=EDGE_CURVE('',#1870,#1869,#1738,.T.);
#2262=EDGE_CURVE('',#1871,#1870,#338,.T.);
#2263=EDGE_CURVE('',#1872,#1871,#1739,.T.);
#2264=EDGE_CURVE('',#1865,#1872,#339,.T.);
#2265=EDGE_CURVE('',#1873,#1874,#1740,.T.);
#2266=EDGE_CURVE('',#1875,#1873,#340,.T.);
#2267=EDGE_CURVE('',#1876,#1875,#1741,.T.);
#2268=EDGE_CURVE('',#1877,#1876,#341,.T.);
#2269=EDGE_CURVE('',#1878,#1877,#1742,.T.);
#2270=EDGE_CURVE('',#1879,#1878,#342,.T.);
#2271=EDGE_CURVE('',#1880,#1879,#1743,.T.);
#2272=EDGE_CURVE('',#1881,#1880,#343,.T.);
#2273=EDGE_CURVE('',#1882,#1881,#344,.T.);
#2274=EDGE_CURVE('',#1883,#1882,#1744,.T.);
#2275=EDGE_CURVE('',#1884,#1883,#345,.T.);
#2276=EDGE_CURVE('',#1885,#1884,#346,.T.);
#2277=EDGE_CURVE('',#1886,#1885,#347,.T.);
#2278=EDGE_CURVE('',#1887,#1886,#1745,.T.);
#2279=EDGE_CURVE('',#1888,#1887,#348,.T.);
#2280=EDGE_CURVE('',#1874,#1888,#349,.T.);
#2281=EDGE_CURVE('',#1889,#1890,#350,.T.);
#2282=EDGE_CURVE('',#1891,#1889,#351,.T.);
#2283=EDGE_CURVE('',#1892,#1891,#352,.T.);
#2284=EDGE_CURVE('',#1890,#1892,#1746,.T.);
#2285=EDGE_CURVE('',#1893,#1893,#1747,.T.);
#2286=EDGE_CURVE('',#1851,#1873,#353,.T.);
#2287=EDGE_CURVE('',#1874,#1852,#354,.T.);
#2288=EDGE_CURVE('',#1865,#1849,#355,.T.);
#2289=EDGE_CURVE('',#1875,#1872,#356,.T.);
#2290=EDGE_CURVE('',#1861,#1880,#357,.T.);
#2291=EDGE_CURVE('',#1879,#1862,#358,.T.);
#2292=EDGE_CURVE('',#1881,#1860,#359,.T.);
#2293=EDGE_CURVE('',#1871,#1876,#360,.T.);
#2294=EDGE_CURVE('',#1877,#1870,#361,.T.);
#2295=EDGE_CURVE('',#1869,#1878,#362,.T.);
#2296=EDGE_CURVE('',#1863,#1868,#363,.T.);
#2297=EDGE_CURVE('',#1882,#1859,#364,.T.);
#2298=EDGE_CURVE('',#1883,#1858,#365,.T.);
#2299=EDGE_CURVE('',#1884,#1857,#366,.T.);
#2300=EDGE_CURVE('',#1885,#1856,#367,.T.);
#2301=EDGE_CURVE('',#1886,#1855,#368,.T.);
#2302=EDGE_CURVE('',#1887,#1854,#369,.T.);
#2303=EDGE_CURVE('',#1888,#1853,#370,.T.);
#2304=EDGE_CURVE('',#1894,#1849,#371,.T.);
#2305=EDGE_CURVE('',#1894,#1895,#372,.T.);
#2306=EDGE_CURVE('',#1895,#1896,#373,.T.);
#2307=EDGE_CURVE('',#1897,#1896,#374,.T.);
#2308=EDGE_CURVE('',#1897,#1865,#375,.T.);
#2309=EDGE_CURVE('',#1891,#1898,#376,.T.);
#2310=EDGE_CURVE('',#1898,#1899,#377,.T.);
#2311=EDGE_CURVE('',#1900,#1899,#37,.T.);
#2312=EDGE_CURVE('',#1892,#1900,#378,.T.);
#2313=EDGE_CURVE('',#1889,#1901,#379,.T.);
#2314=EDGE_CURVE('',#1901,#1898,#380,.T.);
#2315=EDGE_CURVE('',#1902,#1903,#1748,.T.);
#2316=EDGE_CURVE('',#1903,#1904,#381,.T.);
#2317=EDGE_CURVE('',#1904,#1905,#1749,.T.);
#2318=EDGE_CURVE('',#1905,#1902,#382,.T.);
#2319=EDGE_CURVE('',#1904,#1906,#383,.T.);
#2320=EDGE_CURVE('',#1906,#1907,#384,.T.);
#2321=EDGE_CURVE('',#1908,#1907,#385,.T.);
#2322=EDGE_CURVE('',#1908,#1909,#386,.T.);
#2323=EDGE_CURVE('',#1909,#1910,#387,.T.);
#2324=EDGE_CURVE('',#1910,#1911,#388,.T.);
#2325=EDGE_CURVE('',#1911,#1912,#389,.T.);
#2326=EDGE_CURVE('',#1913,#1912,#1750,.T.);
#2327=EDGE_CURVE('',#1913,#1914,#390,.T.);
#2328=EDGE_CURVE('',#1914,#1915,#391,.T.);
#2329=EDGE_CURVE('',#1915,#1905,#392,.T.);
#2330=EDGE_CURVE('',#1903,#1916,#393,.T.);
#2331=EDGE_CURVE('',#1906,#1916,#394,.T.);
#2332=EDGE_CURVE('',#1912,#1917,#395,.T.);
#2333=EDGE_CURVE('',#1917,#1918,#1751,.T.);
#2334=EDGE_CURVE('',#1918,#1913,#396,.T.);
#2335=EDGE_CURVE('',#1919,#1911,#397,.T.);
#2336=EDGE_CURVE('',#1919,#1917,#398,.T.);
#2337=EDGE_CURVE('',#1918,#1920,#399,.T.);
#2338=EDGE_CURVE('',#1914,#1920,#400,.T.);
#2339=EDGE_CURVE('',#1920,#1921,#401,.T.);
#2340=EDGE_CURVE('',#1915,#1921,#402,.T.);
#2341=EDGE_CURVE('',#1921,#1902,#403,.T.);
#2342=EDGE_CURVE('',#1922,#1916,#404,.T.);
#2343=EDGE_CURVE('',#1907,#1922,#405,.T.);
#2344=EDGE_CURVE('',#1923,#1910,#406,.T.);
#2345=EDGE_CURVE('',#1919,#1923,#407,.T.);
#2346=EDGE_CURVE('',#1924,#1925,#1752,.T.);
#2347=EDGE_CURVE('',#1926,#1925,#1753,.F.);
#2348=EDGE_CURVE('',#1924,#1926,#1754,.F.);
#2349=EDGE_CURVE('',#1927,#1928,#1755,.T.);
#2350=EDGE_CURVE('',#1929,#1928,#1756,.F.);
#2351=EDGE_CURVE('',#1929,#1927,#1757,.T.);
#2352=EDGE_CURVE('',#1930,#1931,#1758,.T.);
#2353=EDGE_CURVE('',#1932,#1931,#1759,.F.);
#2354=EDGE_CURVE('',#1932,#1930,#1760,.T.);
#2355=EDGE_CURVE('',#1933,#1934,#1761,.T.);
#2356=EDGE_CURVE('',#1935,#1934,#1762,.F.);
#2357=EDGE_CURVE('',#1935,#1933,#1763,.T.);
#2358=EDGE_CURVE('',#1936,#1937,#13,.T.);
#2359=EDGE_CURVE('',#1936,#1935,#408,.T.);
#2360=EDGE_CURVE('',#1934,#1937,#409,.T.);
#2361=EDGE_CURVE('',#1935,#1932,#410,.T.);
#2362=EDGE_CURVE('',#1931,#1933,#411,.T.);
#2363=EDGE_CURVE('',#1928,#1934,#412,.T.);
#2364=EDGE_CURVE('',#1933,#1929,#413,.T.);
#2365=EDGE_CURVE('',#1938,#1939,#14,.T.);
#2366=EDGE_CURVE('',#1938,#1930,#414,.T.);
#2367=EDGE_CURVE('',#1932,#1939,#415,.T.);
#2368=EDGE_CURVE('',#1930,#1924,#416,.T.);
#2369=EDGE_CURVE('',#1926,#1931,#417,.T.);
#2370=EDGE_CURVE('',#1940,#1941,#15,.T.);
#2371=EDGE_CURVE('',#1940,#1928,#418,.T.);
#2372=EDGE_CURVE('',#1927,#1941,#419,.T.);
#2373=EDGE_CURVE('',#1925,#1927,#420,.T.);
#2374=EDGE_CURVE('',#1929,#1926,#421,.T.);
#2375=EDGE_CURVE('',#1942,#1943,#16,.T.);
#2376=EDGE_CURVE('',#1942,#1925,#422,.T.);
#2377=EDGE_CURVE('',#1924,#1943,#423,.T.);
#2378=EDGE_CURVE('',#1937,#1940,#424,.T.);
#2379=EDGE_CURVE('',#1941,#1942,#425,.T.);
#2380=EDGE_CURVE('',#1909,#1944,#426,.T.);
#2381=EDGE_CURVE('',#1945,#1908,#427,.T.);
#2382=EDGE_CURVE('',#1944,#1945,#428,.T.);
#2383=EDGE_CURVE('',#1944,#1923,#429,.T.);
#2384=EDGE_CURVE('',#1945,#1922,#430,.T.);
#2385=EDGE_CURVE('',#1943,#1938,#431,.T.);
#2386=EDGE_CURVE('',#1939,#1936,#432,.T.);
#2387=EDGE_CURVE('',#1946,#1947,#1764,.T.);
#2388=EDGE_CURVE('',#1947,#1948,#433,.T.);
#2389=EDGE_CURVE('',#1948,#1949,#1765,.T.);
#2390=EDGE_CURVE('',#1949,#1946,#434,.T.);
#2391=EDGE_CURVE('',#1948,#1950,#435,.T.);
#2392=EDGE_CURVE('',#1950,#1951,#436,.T.);
#2393=EDGE_CURVE('',#1952,#1951,#437,.T.);
#2394=EDGE_CURVE('',#1952,#1953,#438,.T.);
#2395=EDGE_CURVE('',#1953,#1954,#439,.T.);
#2396=EDGE_CURVE('',#1954,#1955,#440,.T.);
#2397=EDGE_CURVE('',#1955,#1956,#441,.T.);
#2398=EDGE_CURVE('',#1957,#1956,#1766,.T.);
#2399=EDGE_CURVE('',#1957,#1958,#442,.T.);
#2400=EDGE_CURVE('',#1958,#1959,#443,.T.);
#2401=EDGE_CURVE('',#1959,#1949,#444,.T.);
#2402=EDGE_CURVE('',#1947,#1960,#445,.T.);
#2403=EDGE_CURVE('',#1950,#1960,#446,.T.);
#2404=EDGE_CURVE('',#1956,#1961,#447,.T.);
#2405=EDGE_CURVE('',#1961,#1962,#1767,.T.);
#2406=EDGE_CURVE('',#1962,#1957,#448,.T.);
#2407=EDGE_CURVE('',#1963,#1955,#449,.T.);
#2408=EDGE_CURVE('',#1963,#1961,#450,.T.);
#2409=EDGE_CURVE('',#1962,#1964,#451,.T.);
#2410=EDGE_CURVE('',#1958,#1964,#452,.T.);
#2411=EDGE_CURVE('',#1964,#1965,#453,.T.);
#2412=EDGE_CURVE('',#1959,#1965,#454,.T.);
#2413=EDGE_CURVE('',#1965,#1946,#455,.T.);
#2414=EDGE_CURVE('',#1966,#1960,#456,.T.);
#2415=EDGE_CURVE('',#1951,#1966,#457,.T.);
#2416=EDGE_CURVE('',#1967,#1954,#458,.T.);
#2417=EDGE_CURVE('',#1963,#1967,#459,.T.);
#2418=EDGE_CURVE('',#1968,#1969,#1768,.T.);
#2419=EDGE_CURVE('',#1970,#1969,#1769,.F.);
#2420=EDGE_CURVE('',#1970,#1968,#1770,.T.);
#2421=EDGE_CURVE('',#1971,#1972,#1771,.T.);
#2422=EDGE_CURVE('',#1973,#1972,#1772,.F.);
#2423=EDGE_CURVE('',#1973,#1971,#1773,.T.);
#2424=EDGE_CURVE('',#1974,#1975,#1774,.T.);
#2425=EDGE_CURVE('',#1976,#1975,#1775,.F.);
#2426=EDGE_CURVE('',#1976,#1974,#1776,.T.);
#2427=EDGE_CURVE('',#1977,#1978,#1777,.T.);
#2428=EDGE_CURVE('',#1979,#1978,#1778,.F.);
#2429=EDGE_CURVE('',#1979,#1977,#1779,.T.);
#2430=EDGE_CURVE('',#1975,#1979,#460,.T.);
#2431=EDGE_CURVE('',#1978,#1976,#461,.T.);
#2432=EDGE_CURVE('',#1980,#1981,#17,.T.);
#2433=EDGE_CURVE('',#1982,#1980,#18,.T.);
#2434=EDGE_CURVE('',#1982,#1977,#462,.T.);
#2435=EDGE_CURVE('',#1979,#1981,#463,.T.);
#2436=EDGE_CURVE('',#1977,#1973,#464,.T.);
#2437=EDGE_CURVE('',#1972,#1978,#465,.T.);
#2438=EDGE_CURVE('',#1983,#1984,#19,.T.);
#2439=EDGE_CURVE('',#1985,#1983,#20,.T.);
#2440=EDGE_CURVE('',#1985,#1975,#466,.T.);
#2441=EDGE_CURVE('',#1974,#1984,#467,.T.);
#2442=EDGE_CURVE('',#1969,#1974,#468,.T.);
#2443=EDGE_CURVE('',#1976,#1970,#469,.T.);
#2444=EDGE_CURVE('',#1986,#1987,#21,.T.);
#2445=EDGE_CURVE('',#1988,#1986,#22,.T.);
#2446=EDGE_CURVE('',#1988,#1971,#470,.T.);
#2447=EDGE_CURVE('',#1973,#1987,#471,.T.);
#2448=EDGE_CURVE('',#1971,#1968,#472,.T.);
#2449=EDGE_CURVE('',#1970,#1972,#473,.T.);
#2450=EDGE_CURVE('',#1989,#1990,#23,.T.);
#2451=EDGE_CURVE('',#1991,#1989,#24,.T.);
#2452=EDGE_CURVE('',#1991,#1969,#474,.T.);
#2453=EDGE_CURVE('',#1968,#1990,#475,.T.);
#2454=EDGE_CURVE('',#1992,#1985,#476,.T.);
#2455=EDGE_CURVE('',#1993,#1992,#477,.T.);
#2456=EDGE_CURVE('',#1981,#1993,#478,.T.);
#2457=EDGE_CURVE('',#1984,#1991,#479,.T.);
#2458=EDGE_CURVE('',#1953,#1994,#480,.T.);
#2459=EDGE_CURVE('',#1995,#1952,#481,.T.);
#2460=EDGE_CURVE('',#1994,#1995,#482,.T.);
#2461=EDGE_CURVE('',#1994,#1967,#483,.T.);
#2462=EDGE_CURVE('',#1995,#1966,#484,.T.);
#2463=EDGE_CURVE('',#1987,#1982,#485,.T.);
#2464=EDGE_CURVE('',#1996,#1988,#486,.T.);
#2465=EDGE_CURVE('',#1997,#1996,#487,.T.);
#2466=EDGE_CURVE('',#1990,#1997,#488,.T.);
#2467=EDGE_CURVE('',#1998,#1999,#1780,.T.);
#2468=EDGE_CURVE('',#1999,#2000,#489,.T.);
#2469=EDGE_CURVE('',#2000,#2001,#1781,.T.);
#2470=EDGE_CURVE('',#2001,#1998,#490,.T.);
#2471=EDGE_CURVE('',#2000,#2002,#491,.T.);
#2472=EDGE_CURVE('',#2002,#2003,#492,.T.);
#2473=EDGE_CURVE('',#2004,#2003,#493,.T.);
#2474=EDGE_CURVE('',#2004,#2005,#494,.T.);
#2475=EDGE_CURVE('',#2005,#2006,#495,.T.);
#2476=EDGE_CURVE('',#2006,#2007,#496,.T.);
#2477=EDGE_CURVE('',#2007,#2008,#497,.T.);
#2478=EDGE_CURVE('',#2009,#2008,#1782,.T.);
#2479=EDGE_CURVE('',#2009,#2010,#498,.T.);
#2480=EDGE_CURVE('',#2010,#2011,#499,.T.);
#2481=EDGE_CURVE('',#2011,#2001,#500,.T.);
#2482=EDGE_CURVE('',#1999,#2012,#501,.T.);
#2483=EDGE_CURVE('',#2002,#2012,#502,.T.);
#2484=EDGE_CURVE('',#2008,#2013,#503,.T.);
#2485=EDGE_CURVE('',#2013,#2014,#1783,.T.);
#2486=EDGE_CURVE('',#2014,#2009,#504,.T.);
#2487=EDGE_CURVE('',#2015,#2007,#505,.T.);
#2488=EDGE_CURVE('',#2015,#2013,#506,.T.);
#2489=EDGE_CURVE('',#2014,#2016,#507,.T.);
#2490=EDGE_CURVE('',#2010,#2016,#508,.T.);
#2491=EDGE_CURVE('',#2016,#2017,#509,.T.);
#2492=EDGE_CURVE('',#2011,#2017,#510,.T.);
#2493=EDGE_CURVE('',#2017,#1998,#511,.T.);
#2494=EDGE_CURVE('',#2018,#2012,#512,.T.);
#2495=EDGE_CURVE('',#2003,#2018,#513,.T.);
#2496=EDGE_CURVE('',#2019,#2006,#514,.T.);
#2497=EDGE_CURVE('',#2015,#2019,#515,.T.);
#2498=EDGE_CURVE('',#2020,#2021,#1784,.T.);
#2499=EDGE_CURVE('',#2022,#2021,#1785,.F.);
#2500=EDGE_CURVE('',#2022,#2020,#1786,.T.);
#2501=EDGE_CURVE('',#2023,#2024,#1787,.T.);
#2502=EDGE_CURVE('',#2025,#2024,#1788,.F.);
#2503=EDGE_CURVE('',#2025,#2023,#1789,.T.);
#2504=EDGE_CURVE('',#2026,#2027,#1790,.T.);
#2505=EDGE_CURVE('',#2028,#2027,#1791,.F.);
#2506=EDGE_CURVE('',#2028,#2026,#1792,.T.);
#2507=EDGE_CURVE('',#2029,#2030,#1793,.T.);
#2508=EDGE_CURVE('',#2031,#2030,#1794,.F.);
#2509=EDGE_CURVE('',#2031,#2029,#1795,.T.);
#2510=EDGE_CURVE('',#2027,#2031,#516,.T.);
#2511=EDGE_CURVE('',#2030,#2028,#517,.T.);
#2512=EDGE_CURVE('',#2032,#2033,#25,.T.);
#2513=EDGE_CURVE('',#2032,#2029,#518,.T.);
#2514=EDGE_CURVE('',#2031,#2033,#519,.T.);
#2515=EDGE_CURVE('',#2029,#2025,#520,.T.);
#2516=EDGE_CURVE('',#2024,#2030,#521,.T.);
#2517=EDGE_CURVE('',#2034,#2035,#26,.T.);
#2518=EDGE_CURVE('',#2034,#2027,#522,.T.);
#2519=EDGE_CURVE('',#2026,#2035,#523,.T.);
#2520=EDGE_CURVE('',#2021,#2026,#524,.T.);
#2521=EDGE_CURVE('',#2028,#2022,#525,.T.);
#2522=EDGE_CURVE('',#2036,#2037,#27,.T.);
#2523=EDGE_CURVE('',#2036,#2023,#526,.T.);
#2524=EDGE_CURVE('',#2025,#2037,#527,.T.);
#2525=EDGE_CURVE('',#2023,#2020,#528,.T.);
#2526=EDGE_CURVE('',#2022,#2024,#529,.T.);
#2527=EDGE_CURVE('',#2038,#2039,#28,.T.);
#2528=EDGE_CURVE('',#2038,#2021,#530,.T.);
#2529=EDGE_CURVE('',#2020,#2039,#531,.T.);
#2530=EDGE_CURVE('',#2033,#2034,#532,.T.);
#2531=EDGE_CURVE('',#2035,#2038,#533,.T.);
#2532=EDGE_CURVE('',#2005,#2040,#534,.T.);
#2533=EDGE_CURVE('',#2041,#2004,#535,.T.);
#2534=EDGE_CURVE('',#2040,#2041,#536,.T.);
#2535=EDGE_CURVE('',#2040,#2019,#537,.T.);
#2536=EDGE_CURVE('',#2041,#2018,#538,.T.);
#2537=EDGE_CURVE('',#2037,#2032,#539,.T.);
#2538=EDGE_CURVE('',#2039,#2036,#540,.T.);
#2539=EDGE_CURVE('',#2042,#1993,#1796,.T.);
#2540=EDGE_CURVE('',#2043,#2042,#541,.T.);
#2541=EDGE_CURVE('',#2043,#2044,#542,.T.);
#2542=EDGE_CURVE('',#2045,#2044,#543,.T.);
#2543=EDGE_CURVE('',#2045,#2046,#544,.T.);
#2544=EDGE_CURVE('',#1980,#2046,#545,.T.);
#2545=EDGE_CURVE('',#2047,#1983,#546,.T.);
#2546=EDGE_CURVE('',#2047,#2048,#547,.T.);
#2547=EDGE_CURVE('',#2049,#2048,#548,.T.);
#2548=EDGE_CURVE('',#2049,#2050,#549,.T.);
#2549=EDGE_CURVE('',#2051,#2050,#550,.T.);
#2550=EDGE_CURVE('',#1992,#2051,#1797,.T.);
#2551=EDGE_CURVE('',#1996,#2052,#1798,.T.);
#2552=EDGE_CURVE('',#2052,#2053,#551,.T.);
#2553=EDGE_CURVE('',#2053,#2054,#552,.T.);
#2554=EDGE_CURVE('',#2054,#2055,#553,.T.);
#2555=EDGE_CURVE('',#2055,#2056,#554,.T.);
#2556=EDGE_CURVE('',#2056,#2057,#555,.T.);
#2557=EDGE_CURVE('',#2057,#2058,#556,.T.);
#2558=EDGE_CURVE('',#2058,#2059,#557,.T.);
#2559=EDGE_CURVE('',#2059,#2060,#558,.T.);
#2560=EDGE_CURVE('',#2060,#2061,#559,.T.);
#2561=EDGE_CURVE('',#2061,#1997,#1799,.T.);
#2562=EDGE_CURVE('',#1989,#2062,#560,.T.);
#2563=EDGE_CURVE('',#2062,#2047,#561,.T.);
#2564=EDGE_CURVE('',#2050,#2063,#562,.T.);
#2565=EDGE_CURVE('',#2063,#2064,#563,.T.);
#2566=EDGE_CURVE('',#2064,#2065,#564,.T.);
#2567=EDGE_CURVE('',#2065,#2066,#565,.T.);
#2568=EDGE_CURVE('',#2066,#2067,#566,.T.);
#2569=EDGE_CURVE('',#2067,#2068,#567,.T.);
#2570=EDGE_CURVE('',#2068,#2043,#568,.T.);
#2571=EDGE_CURVE('',#1866,#1867,#569,.T.);
#2572=EDGE_CURVE('',#1850,#1864,#570,.T.);
#2573=EDGE_CURVE('',#2069,#2070,#38,.T.);
#2574=EDGE_CURVE('',#2070,#1900,#1800,.T.);
#2575=EDGE_CURVE('',#1899,#2069,#1801,.T.);
#2576=EDGE_CURVE('',#2069,#1901,#571,.T.);
#2577=EDGE_CURVE('',#2071,#2071,#1802,.T.);
#2578=EDGE_CURVE('',#1893,#2071,#572,.T.);
#2579=EDGE_CURVE('',#1890,#2070,#573,.T.);
#2580=EDGE_CURVE('',#1868,#2072,#574,.T.);
#2581=EDGE_CURVE('',#2072,#2073,#575,.T.);
#2582=EDGE_CURVE('',#2073,#2074,#576,.T.);
#2583=EDGE_CURVE('',#2075,#2074,#577,.T.);
#2584=EDGE_CURVE('',#1863,#2075,#578,.T.);
#2585=EDGE_CURVE('',#2076,#2077,#579,.T.);
#2586=EDGE_CURVE('',#2078,#2076,#580,.T.);
#2587=EDGE_CURVE('',#2079,#2078,#581,.T.);
#2588=EDGE_CURVE('',#2080,#2079,#29,.T.);
#2589=EDGE_CURVE('',#2077,#2080,#582,.T.);
#2590=EDGE_CURVE('',#2081,#2047,#583,.T.);
#2591=EDGE_CURVE('',#2082,#2081,#584,.T.);
#2592=EDGE_CURVE('',#2083,#2082,#585,.T.);
#2593=EDGE_CURVE('',#2048,#2083,#30,.T.);
#2594=EDGE_CURVE('',#2084,#2043,#586,.T.);
#2595=EDGE_CURVE('',#2085,#2084,#587,.T.);
#2596=EDGE_CURVE('',#2086,#2085,#588,.T.);
#2597=EDGE_CURVE('',#2044,#2086,#31,.T.);
#2598=EDGE_CURVE('',#2087,#2060,#589,.T.);
#2599=EDGE_CURVE('',#2088,#2087,#590,.T.);
#2600=EDGE_CURVE('',#2089,#2088,#591,.T.);
#2601=EDGE_CURVE('',#2090,#2089,#32,.T.);
#2602=EDGE_CURVE('',#2060,#2090,#592,.T.);
#2603=EDGE_CURVE('',#2091,#2092,#593,.T.);
#2604=EDGE_CURVE('',#2092,#2072,#594,.T.);
#2605=EDGE_CURVE('',#2091,#2072,#1803,.T.);
#2606=EDGE_CURVE('',#2093,#2094,#595,.T.);
#2607=EDGE_CURVE('',#2094,#1894,#596,.T.);
#2608=EDGE_CURVE('',#2093,#1894,#1804,.T.);
#2609=EDGE_CURVE('',#2086,#2095,#597,.T.);
#2610=EDGE_CURVE('',#2095,#2045,#33,.T.);
#2611=EDGE_CURVE('',#2046,#2096,#598,.T.);
#2612=EDGE_CURVE('',#2097,#2095,#599,.T.);
#2613=EDGE_CURVE('',#2096,#2097,#600,.T.);
#2614=EDGE_CURVE('',#2098,#2049,#34,.T.);
#2615=EDGE_CURVE('',#2083,#2098,#601,.T.);
#2616=EDGE_CURVE('',#2050,#2099,#602,.T.);
#2617=EDGE_CURVE('',#2100,#2098,#603,.T.);
#2618=EDGE_CURVE('',#2099,#2100,#604,.T.);
#2619=EDGE_CURVE('',#2089,#2101,#605,.T.);
#2620=EDGE_CURVE('',#2101,#2102,#35,.T.);
#2621=EDGE_CURVE('',#2102,#2090,#606,.T.);
#2622=EDGE_CURVE('',#2102,#2062,#607,.T.);
#2623=EDGE_CURVE('',#2062,#2103,#608,.T.);
#2624=EDGE_CURVE('',#2104,#2101,#609,.T.);
#2625=EDGE_CURVE('',#2103,#2104,#610,.T.);
#2626=EDGE_CURVE('',#2105,#2106,#36,.T.);
#2627=EDGE_CURVE('',#2106,#2080,#611,.T.);
#2628=EDGE_CURVE('',#2079,#2105,#612,.T.);
#2629=EDGE_CURVE('',#2077,#1986,#613,.T.);
#2630=EDGE_CURVE('',#2106,#2053,#614,.T.);
#2631=EDGE_CURVE('',#2053,#2107,#615,.T.);
#2632=EDGE_CURVE('',#2108,#2105,#616,.T.);
#2633=EDGE_CURVE('',#2107,#2108,#617,.T.);
#2634=EDGE_CURVE('',#2109,#2087,#618,.T.);
#2635=EDGE_CURVE('',#2110,#2109,#619,.T.);
#2636=EDGE_CURVE('',#2088,#2110,#620,.T.);
#2637=EDGE_CURVE('',#2099,#2111,#621,.T.);
#2638=EDGE_CURVE('',#2112,#2100,#622,.T.);
#2639=EDGE_CURVE('',#2111,#2112,#623,.T.);
#2640=EDGE_CURVE('',#2103,#2081,#624,.T.);
#2641=EDGE_CURVE('',#2082,#2104,#625,.T.);
#2642=EDGE_CURVE('',#2107,#2113,#626,.T.);
#2643=EDGE_CURVE('',#2114,#2108,#627,.T.);
#2644=EDGE_CURVE('',#2113,#2114,#628,.T.);
#2645=EDGE_CURVE('',#2096,#2076,#629,.T.);
#2646=EDGE_CURVE('',#2078,#2097,#630,.T.);
#2647=EDGE_CURVE('',#2115,#2084,#631,.T.);
#2648=EDGE_CURVE('',#2116,#2115,#632,.T.);
#2649=EDGE_CURVE('',#2085,#2116,#633,.T.);
#2650=EDGE_CURVE('',#2117,#2118,#634,.T.);
#2651=EDGE_CURVE('',#1897,#2118,#1805,.T.);
#2652=EDGE_CURVE('',#1897,#2117,#635,.T.);
#2653=EDGE_CURVE('',#2119,#2120,#636,.T.);
#2654=EDGE_CURVE('',#2121,#2120,#637,.T.);
#2655=EDGE_CURVE('',#2122,#2121,#638,.T.);
#2656=EDGE_CURVE('',#2122,#2119,#639,.T.);
#2657=EDGE_CURVE('',#2120,#2123,#640,.T.);
#2658=EDGE_CURVE('',#2124,#2123,#641,.T.);
#2659=EDGE_CURVE('',#2121,#2124,#642,.T.);
#2660=EDGE_CURVE('',#2123,#2125,#643,.T.);
#2661=EDGE_CURVE('',#2126,#2125,#644,.T.);
#2662=EDGE_CURVE('',#2124,#2126,#645,.T.);
#2663=EDGE_CURVE('',#2125,#2127,#646,.T.);
#2664=EDGE_CURVE('',#2128,#2127,#647,.T.);
#2665=EDGE_CURVE('',#2126,#2128,#648,.T.);
#2666=EDGE_CURVE('',#2127,#2129,#649,.T.);
#2667=EDGE_CURVE('',#2130,#2129,#650,.T.);
#2668=EDGE_CURVE('',#2128,#2130,#651,.T.);
#2669=EDGE_CURVE('',#2129,#2131,#652,.T.);
#2670=EDGE_CURVE('',#2132,#2131,#653,.T.);
#2671=EDGE_CURVE('',#2130,#2132,#654,.T.);
#2672=EDGE_CURVE('',#2131,#2133,#655,.T.);
#2673=EDGE_CURVE('',#2134,#2133,#656,.T.);
#2674=EDGE_CURVE('',#2132,#2134,#657,.T.);
#2675=EDGE_CURVE('',#2133,#2135,#658,.T.);
#2676=EDGE_CURVE('',#2136,#2135,#659,.T.);
#2677=EDGE_CURVE('',#2134,#2136,#660,.T.);
#2678=EDGE_CURVE('',#2135,#2137,#661,.T.);
#2679=EDGE_CURVE('',#2138,#2137,#662,.T.);
#2680=EDGE_CURVE('',#2136,#2138,#663,.T.);
#2681=EDGE_CURVE('',#2137,#2139,#664,.T.);
#2682=EDGE_CURVE('',#2140,#2139,#665,.T.);
#2683=EDGE_CURVE('',#2138,#2140,#666,.T.);
#2684=EDGE_CURVE('',#2139,#2141,#667,.T.);
#2685=EDGE_CURVE('',#2142,#2141,#668,.T.);
#2686=EDGE_CURVE('',#2140,#2142,#669,.T.);
#2687=EDGE_CURVE('',#2141,#2119,#670,.T.);
#2688=EDGE_CURVE('',#2142,#2122,#671,.T.);
#2689=EDGE_CURVE('',#2143,#2144,#672,.T.);
#2690=EDGE_CURVE('',#2145,#2143,#673,.T.);
#2691=EDGE_CURVE('',#2146,#2145,#674,.T.);
#2692=EDGE_CURVE('',#2146,#2144,#675,.T.);
#2693=EDGE_CURVE('',#2144,#2147,#676,.T.);
#2694=EDGE_CURVE('',#2148,#2146,#677,.T.);
#2695=EDGE_CURVE('',#2148,#2147,#678,.T.);
#2696=EDGE_CURVE('',#2147,#2149,#679,.T.);
#2697=EDGE_CURVE('',#2150,#2148,#680,.T.);
#2698=EDGE_CURVE('',#2150,#2149,#681,.T.);
#2699=EDGE_CURVE('',#2149,#2151,#682,.T.);
#2700=EDGE_CURVE('',#2152,#2150,#683,.T.);
#2701=EDGE_CURVE('',#2152,#2151,#684,.T.);
#2702=EDGE_CURVE('',#2151,#2153,#685,.T.);
#2703=EDGE_CURVE('',#2154,#2152,#686,.T.);
#2704=EDGE_CURVE('',#2154,#2153,#687,.T.);
#2705=EDGE_CURVE('',#2153,#2155,#688,.T.);
#2706=EDGE_CURVE('',#2156,#2154,#689,.T.);
#2707=EDGE_CURVE('',#2156,#2155,#690,.T.);
#2708=EDGE_CURVE('',#2155,#2157,#691,.T.);
#2709=EDGE_CURVE('',#2158,#2156,#692,.T.);
#2710=EDGE_CURVE('',#2158,#2157,#693,.T.);
#2711=EDGE_CURVE('',#2157,#2159,#694,.T.);
#2712=EDGE_CURVE('',#2160,#2158,#695,.T.);
#2713=EDGE_CURVE('',#2160,#2159,#696,.T.);
#2714=EDGE_CURVE('',#2159,#2161,#697,.T.);
#2715=EDGE_CURVE('',#2162,#2160,#698,.T.);
#2716=EDGE_CURVE('',#2162,#2161,#699,.T.);
#2717=EDGE_CURVE('',#2161,#2163,#700,.T.);
#2718=EDGE_CURVE('',#2164,#2162,#701,.T.);
#2719=EDGE_CURVE('',#2164,#2163,#702,.T.);
#2720=EDGE_CURVE('',#2163,#2165,#703,.T.);
#2721=EDGE_CURVE('',#2166,#2164,#704,.T.);
#2722=EDGE_CURVE('',#2166,#2165,#705,.T.);
#2723=EDGE_CURVE('',#2165,#2143,#706,.T.);
#2724=EDGE_CURVE('',#2145,#2166,#707,.T.);
#2725=EDGE_CURVE('',#2110,#2167,#708,.T.);
#2726=EDGE_CURVE('',#2167,#2168,#709,.T.);
#2727=EDGE_CURVE('',#2112,#2168,#710,.T.);
#2728=EDGE_CURVE('',#1896,#2169,#711,.T.);
#2729=EDGE_CURVE('',#2117,#2169,#712,.T.);
#2730=EDGE_CURVE('',#2170,#1895,#713,.T.);
#2731=EDGE_CURVE('',#2170,#2094,#714,.T.);
#2732=EDGE_CURVE('',#2169,#2170,#715,.T.);
#2733=EDGE_CURVE('',#2171,#2073,#716,.T.);
#2734=EDGE_CURVE('',#2171,#2092,#717,.T.);
#2735=EDGE_CURVE('',#2074,#2172,#718,.T.);
#2736=EDGE_CURVE('',#2173,#2172,#719,.T.);
#2737=EDGE_CURVE('',#2075,#2173,#720,.T.);
#2738=EDGE_CURVE('',#2172,#2171,#721,.T.);
#2739=EDGE_CURVE('',#2173,#2174,#722,.T.);
#2740=EDGE_CURVE('',#2075,#2174,#1806,.T.);
#2741=EDGE_CURVE('',#2093,#2167,#1807,.T.);
#2742=EDGE_CURVE('',#2168,#2174,#1808,.T.);
#2743=EDGE_CURVE('',#2175,#2118,#1809,.T.);
#2744=EDGE_CURVE('',#2175,#2176,#723,.T.);
#2745=EDGE_CURVE('',#2091,#2176,#1810,.T.);
#2746=EDGE_CURVE('',#2116,#2176,#724,.T.);
#2747=EDGE_CURVE('',#2114,#2175,#725,.T.);
#2748=EDGE_CURVE('',#2118,#2177,#726,.T.);
#2749=EDGE_CURVE('',#2175,#2177,#727,.T.);
#2750=EDGE_CURVE('',#2054,#2113,#728,.T.);
#2751=EDGE_CURVE('',#2068,#2115,#729,.T.);
#2752=EDGE_CURVE('',#2176,#2178,#730,.T.);
#2753=EDGE_CURVE('',#2178,#2091,#731,.T.);
#2754=EDGE_CURVE('',#2063,#2111,#732,.T.);
#2755=EDGE_CURVE('',#2059,#2109,#733,.T.);
#2756=EDGE_CURVE('',#2167,#2179,#734,.T.);
#2757=EDGE_CURVE('',#2179,#2093,#735,.T.);
#2758=EDGE_CURVE('',#2058,#2110,#736,.T.);
#2759=EDGE_CURVE('',#2174,#2180,#737,.T.);
#2760=EDGE_CURVE('',#2168,#2180,#738,.T.);
#2761=EDGE_CURVE('',#2181,#2179,#739,.T.);
#2762=EDGE_CURVE('',#2170,#2181,#740,.T.);
#2763=EDGE_CURVE('',#2182,#2172,#741,.T.);
#2764=EDGE_CURVE('',#2180,#2182,#742,.T.);
#2765=EDGE_CURVE('',#2183,#2178,#743,.T.);
#2766=EDGE_CURVE('',#2171,#2183,#744,.T.);
#2767=EDGE_CURVE('',#2184,#2169,#745,.T.);
#2768=EDGE_CURVE('',#2177,#2184,#746,.T.);
#2769=EDGE_CURVE('',#2046,#2077,#747,.T.);
#2770=EDGE_CURVE('',#2067,#2116,#748,.T.);
#2771=EDGE_CURVE('',#2066,#2183,#749,.T.);
#2772=EDGE_CURVE('',#2055,#2114,#750,.T.);
#2773=EDGE_CURVE('',#2056,#2184,#751,.T.);
#2774=EDGE_CURVE('',#2057,#2181,#752,.T.);
#2775=EDGE_CURVE('',#2064,#2112,#753,.T.);
#2776=EDGE_CURVE('',#2065,#2182,#754,.T.);
#2777=ORIENTED_EDGE('',*,*,#2185,.F.);
#2778=ORIENTED_EDGE('',*,*,#2186,.F.);
#2779=ORIENTED_EDGE('',*,*,#2187,.T.);
#2780=ORIENTED_EDGE('',*,*,#2187,.F.);
#2781=ORIENTED_EDGE('',*,*,#2188,.T.);
#2782=ORIENTED_EDGE('',*,*,#2189,.T.);
#2783=ORIENTED_EDGE('',*,*,#2190,.T.);
#2784=ORIENTED_EDGE('',*,*,#2191,.T.);
#2785=ORIENTED_EDGE('',*,*,#2189,.F.);
#2786=ORIENTED_EDGE('',*,*,#2191,.F.);
#2787=ORIENTED_EDGE('',*,*,#2192,.T.);
#2788=ORIENTED_EDGE('',*,*,#2185,.T.);
#2789=ORIENTED_EDGE('',*,*,#2186,.T.);
#2790=ORIENTED_EDGE('',*,*,#2192,.F.);
#2791=ORIENTED_EDGE('',*,*,#2190,.F.);
#2792=ORIENTED_EDGE('',*,*,#2188,.F.);
#2793=ORIENTED_EDGE('',*,*,#2193,.F.);
#2794=ORIENTED_EDGE('',*,*,#2194,.F.);
#2795=ORIENTED_EDGE('',*,*,#2195,.F.);
#2796=ORIENTED_EDGE('',*,*,#2196,.F.);
#2797=ORIENTED_EDGE('',*,*,#2197,.T.);
#2798=ORIENTED_EDGE('',*,*,#2198,.T.);
#2799=ORIENTED_EDGE('',*,*,#2199,.T.);
#2800=ORIENTED_EDGE('',*,*,#2194,.T.);
#2801=ORIENTED_EDGE('',*,*,#2198,.F.);
#2802=ORIENTED_EDGE('',*,*,#2200,.T.);
#2803=ORIENTED_EDGE('',*,*,#2201,.T.);
#2804=ORIENTED_EDGE('',*,*,#2202,.F.);
#2805=ORIENTED_EDGE('',*,*,#2199,.F.);
#2806=ORIENTED_EDGE('',*,*,#2202,.T.);
#2807=ORIENTED_EDGE('',*,*,#2203,.T.);
#2808=ORIENTED_EDGE('',*,*,#2195,.T.);
#2809=ORIENTED_EDGE('',*,*,#2197,.F.);
#2810=ORIENTED_EDGE('',*,*,#2193,.T.);
#2811=ORIENTED_EDGE('',*,*,#2204,.T.);
#2812=ORIENTED_EDGE('',*,*,#2200,.F.);
#2813=ORIENTED_EDGE('',*,*,#2196,.T.);
#2814=ORIENTED_EDGE('',*,*,#2203,.F.);
#2815=ORIENTED_EDGE('',*,*,#2201,.F.);
#2816=ORIENTED_EDGE('',*,*,#2204,.F.);
#2817=ORIENTED_EDGE('',*,*,#2205,.T.);
#2818=ORIENTED_EDGE('',*,*,#2206,.F.);
#2819=ORIENTED_EDGE('',*,*,#2207,.T.);
#2820=ORIENTED_EDGE('',*,*,#2208,.T.);
#2821=ORIENTED_EDGE('',*,*,#2209,.F.);
#2822=ORIENTED_EDGE('',*,*,#2210,.F.);
#2823=ORIENTED_EDGE('',*,*,#2211,.F.);
#2824=ORIENTED_EDGE('',*,*,#2206,.T.);
#2825=ORIENTED_EDGE('',*,*,#2208,.F.);
#2826=ORIENTED_EDGE('',*,*,#2212,.T.);
#2827=ORIENTED_EDGE('',*,*,#2213,.T.);
#2828=ORIENTED_EDGE('',*,*,#2214,.F.);
#2829=ORIENTED_EDGE('',*,*,#2205,.F.);
#2830=ORIENTED_EDGE('',*,*,#2214,.T.);
#2831=ORIENTED_EDGE('',*,*,#2215,.T.);
#2832=ORIENTED_EDGE('',*,*,#2209,.T.);
#2833=ORIENTED_EDGE('',*,*,#2207,.F.);
#2834=ORIENTED_EDGE('',*,*,#2211,.T.);
#2835=ORIENTED_EDGE('',*,*,#2216,.T.);
#2836=ORIENTED_EDGE('',*,*,#2212,.F.);
#2837=ORIENTED_EDGE('',*,*,#2213,.F.);
#2838=ORIENTED_EDGE('',*,*,#2216,.F.);
#2839=ORIENTED_EDGE('',*,*,#2210,.T.);
#2840=ORIENTED_EDGE('',*,*,#2215,.F.);
#2841=ORIENTED_EDGE('',*,*,#2217,.F.);
#2842=ORIENTED_EDGE('',*,*,#2218,.T.);
#2843=ORIENTED_EDGE('',*,*,#2219,.F.);
#2844=ORIENTED_EDGE('',*,*,#2220,.F.);
#2845=ORIENTED_EDGE('',*,*,#2221,.T.);
#2846=ORIENTED_EDGE('',*,*,#2218,.F.);
#2847=ORIENTED_EDGE('',*,*,#2222,.T.);
#2848=ORIENTED_EDGE('',*,*,#2223,.T.);
#2849=ORIENTED_EDGE('',*,*,#2222,.F.);
#2850=ORIENTED_EDGE('',*,*,#2217,.T.);
#2851=ORIENTED_EDGE('',*,*,#2224,.T.);
#2852=ORIENTED_EDGE('',*,*,#2225,.F.);
#2853=ORIENTED_EDGE('',*,*,#2223,.F.);
#2854=ORIENTED_EDGE('',*,*,#2225,.T.);
#2855=ORIENTED_EDGE('',*,*,#2226,.T.);
#2856=ORIENTED_EDGE('',*,*,#2227,.F.);
#2857=ORIENTED_EDGE('',*,*,#2221,.F.);
#2858=ORIENTED_EDGE('',*,*,#2227,.T.);
#2859=ORIENTED_EDGE('',*,*,#2228,.T.);
#2860=ORIENTED_EDGE('',*,*,#2219,.T.);
#2861=ORIENTED_EDGE('',*,*,#2226,.F.);
#2862=ORIENTED_EDGE('',*,*,#2224,.F.);
#2863=ORIENTED_EDGE('',*,*,#2220,.T.);
#2864=ORIENTED_EDGE('',*,*,#2228,.F.);
#2865=ORIENTED_EDGE('',*,*,#2229,.T.);
#2866=ORIENTED_EDGE('',*,*,#2230,.F.);
#2867=ORIENTED_EDGE('',*,*,#2231,.F.);
#2868=ORIENTED_EDGE('',*,*,#2232,.F.);
#2869=ORIENTED_EDGE('',*,*,#2233,.F.);
#2870=ORIENTED_EDGE('',*,*,#2234,.T.);
#2871=ORIENTED_EDGE('',*,*,#2230,.T.);
#2872=ORIENTED_EDGE('',*,*,#2235,.T.);
#2873=ORIENTED_EDGE('',*,*,#2236,.F.);
#2874=ORIENTED_EDGE('',*,*,#2237,.T.);
#2875=ORIENTED_EDGE('',*,*,#2231,.T.);
#2876=ORIENTED_EDGE('',*,*,#2234,.F.);
#2877=ORIENTED_EDGE('',*,*,#2238,.F.);
#2878=ORIENTED_EDGE('',*,*,#2239,.T.);
#2879=ORIENTED_EDGE('',*,*,#2232,.T.);
#2880=ORIENTED_EDGE('',*,*,#2237,.F.);
#2881=ORIENTED_EDGE('',*,*,#2233,.T.);
#2882=ORIENTED_EDGE('',*,*,#2240,.T.);
#2883=ORIENTED_EDGE('',*,*,#2238,.T.);
#2884=ORIENTED_EDGE('',*,*,#2236,.T.);
#2885=ORIENTED_EDGE('',*,*,#2235,.F.);
#2886=ORIENTED_EDGE('',*,*,#2229,.F.);
#2887=ORIENTED_EDGE('',*,*,#2239,.F.);
#2888=ORIENTED_EDGE('',*,*,#2240,.F.);
#2889=ORIENTED_EDGE('',*,*,#2241,.F.);
#2890=ORIENTED_EDGE('',*,*,#2242,.F.);
#2891=ORIENTED_EDGE('',*,*,#2243,.F.);
#2892=ORIENTED_EDGE('',*,*,#2244,.F.);
#2893=ORIENTED_EDGE('',*,*,#2245,.F.);
#2894=ORIENTED_EDGE('',*,*,#2246,.F.);
#2895=ORIENTED_EDGE('',*,*,#2247,.F.);
#2896=ORIENTED_EDGE('',*,*,#2248,.F.);
#2897=ORIENTED_EDGE('',*,*,#2249,.F.);
#2898=ORIENTED_EDGE('',*,*,#2250,.F.);
#2899=ORIENTED_EDGE('',*,*,#2251,.F.);
#2900=ORIENTED_EDGE('',*,*,#2252,.F.);
#2901=ORIENTED_EDGE('',*,*,#2253,.F.);
#2902=ORIENTED_EDGE('',*,*,#2254,.F.);
#2903=ORIENTED_EDGE('',*,*,#2255,.F.);
#2904=ORIENTED_EDGE('',*,*,#2256,.T.);
#2905=ORIENTED_EDGE('',*,*,#2257,.T.);
#2906=ORIENTED_EDGE('',*,*,#2258,.T.);
#2907=ORIENTED_EDGE('',*,*,#2259,.T.);
#2908=ORIENTED_EDGE('',*,*,#2260,.F.);
#2909=ORIENTED_EDGE('',*,*,#2261,.F.);
#2910=ORIENTED_EDGE('',*,*,#2262,.F.);
#2911=ORIENTED_EDGE('',*,*,#2263,.F.);
#2912=ORIENTED_EDGE('',*,*,#2264,.F.);
#2913=ORIENTED_EDGE('',*,*,#2265,.F.);
#2914=ORIENTED_EDGE('',*,*,#2266,.F.);
#2915=ORIENTED_EDGE('',*,*,#2267,.F.);
#2916=ORIENTED_EDGE('',*,*,#2268,.F.);
#2917=ORIENTED_EDGE('',*,*,#2269,.F.);
#2918=ORIENTED_EDGE('',*,*,#2270,.F.);
#2919=ORIENTED_EDGE('',*,*,#2271,.F.);
#2920=ORIENTED_EDGE('',*,*,#2272,.F.);
#2921=ORIENTED_EDGE('',*,*,#2273,.F.);
#2922=ORIENTED_EDGE('',*,*,#2274,.F.);
#2923=ORIENTED_EDGE('',*,*,#2275,.F.);
#2924=ORIENTED_EDGE('',*,*,#2276,.F.);
#2925=ORIENTED_EDGE('',*,*,#2277,.F.);
#2926=ORIENTED_EDGE('',*,*,#2278,.F.);
#2927=ORIENTED_EDGE('',*,*,#2279,.F.);
#2928=ORIENTED_EDGE('',*,*,#2280,.F.);
#2929=ORIENTED_EDGE('',*,*,#2281,.F.);
#2930=ORIENTED_EDGE('',*,*,#2282,.F.);
#2931=ORIENTED_EDGE('',*,*,#2283,.F.);
#2932=ORIENTED_EDGE('',*,*,#2284,.F.);
#2933=ORIENTED_EDGE('',*,*,#2285,.F.);
#2934=ORIENTED_EDGE('',*,*,#2243,.T.);
#2935=ORIENTED_EDGE('',*,*,#2286,.T.);
#2936=ORIENTED_EDGE('',*,*,#2265,.T.);
#2937=ORIENTED_EDGE('',*,*,#2287,.T.);
#2938=ORIENTED_EDGE('',*,*,#2286,.F.);
#2939=ORIENTED_EDGE('',*,*,#2242,.T.);
#2940=ORIENTED_EDGE('',*,*,#2288,.F.);
#2941=ORIENTED_EDGE('',*,*,#2264,.T.);
#2942=ORIENTED_EDGE('',*,*,#2289,.F.);
#2943=ORIENTED_EDGE('',*,*,#2266,.T.);
#2944=ORIENTED_EDGE('',*,*,#2253,.T.);
#2945=ORIENTED_EDGE('',*,*,#2290,.T.);
#2946=ORIENTED_EDGE('',*,*,#2271,.T.);
#2947=ORIENTED_EDGE('',*,*,#2291,.T.);
#2948=ORIENTED_EDGE('',*,*,#2290,.F.);
#2949=ORIENTED_EDGE('',*,*,#2252,.T.);
#2950=ORIENTED_EDGE('',*,*,#2292,.F.);
#2951=ORIENTED_EDGE('',*,*,#2272,.T.);
#2952=ORIENTED_EDGE('',*,*,#2263,.T.);
#2953=ORIENTED_EDGE('',*,*,#2293,.T.);
#2954=ORIENTED_EDGE('',*,*,#2267,.T.);
#2955=ORIENTED_EDGE('',*,*,#2289,.T.);
#2956=ORIENTED_EDGE('',*,*,#2293,.F.);
#2957=ORIENTED_EDGE('',*,*,#2262,.T.);
#2958=ORIENTED_EDGE('',*,*,#2294,.F.);
#2959=ORIENTED_EDGE('',*,*,#2268,.T.);
#2960=ORIENTED_EDGE('',*,*,#2261,.T.);
#2961=ORIENTED_EDGE('',*,*,#2295,.T.);
#2962=ORIENTED_EDGE('',*,*,#2269,.T.);
#2963=ORIENTED_EDGE('',*,*,#2294,.T.);
#2964=ORIENTED_EDGE('',*,*,#2291,.F.);
#2965=ORIENTED_EDGE('',*,*,#2270,.T.);
#2966=ORIENTED_EDGE('',*,*,#2295,.F.);
#2967=ORIENTED_EDGE('',*,*,#2260,.T.);
#2968=ORIENTED_EDGE('',*,*,#2296,.F.);
#2969=ORIENTED_EDGE('',*,*,#2254,.T.);
#2970=ORIENTED_EDGE('',*,*,#2251,.T.);
#2971=ORIENTED_EDGE('',*,*,#2297,.F.);
#2972=ORIENTED_EDGE('',*,*,#2273,.T.);
#2973=ORIENTED_EDGE('',*,*,#2292,.T.);
#2974=ORIENTED_EDGE('',*,*,#2250,.T.);
#2975=ORIENTED_EDGE('',*,*,#2298,.F.);
#2976=ORIENTED_EDGE('',*,*,#2274,.T.);
#2977=ORIENTED_EDGE('',*,*,#2297,.T.);
#2978=ORIENTED_EDGE('',*,*,#2249,.T.);
#2979=ORIENTED_EDGE('',*,*,#2299,.F.);
#2980=ORIENTED_EDGE('',*,*,#2275,.T.);
#2981=ORIENTED_EDGE('',*,*,#2298,.T.);
#2982=ORIENTED_EDGE('',*,*,#2248,.T.);
#2983=ORIENTED_EDGE('',*,*,#2300,.F.);
#2984=ORIENTED_EDGE('',*,*,#2276,.T.);
#2985=ORIENTED_EDGE('',*,*,#2299,.T.);
#2986=ORIENTED_EDGE('',*,*,#2247,.T.);
#2987=ORIENTED_EDGE('',*,*,#2301,.F.);
#2988=ORIENTED_EDGE('',*,*,#2277,.T.);
#2989=ORIENTED_EDGE('',*,*,#2300,.T.);
#2990=ORIENTED_EDGE('',*,*,#2246,.T.);
#2991=ORIENTED_EDGE('',*,*,#2302,.F.);
#2992=ORIENTED_EDGE('',*,*,#2278,.T.);
#2993=ORIENTED_EDGE('',*,*,#2301,.T.);
#2994=ORIENTED_EDGE('',*,*,#2245,.T.);
#2995=ORIENTED_EDGE('',*,*,#2303,.F.);
#2996=ORIENTED_EDGE('',*,*,#2279,.T.);
#2997=ORIENTED_EDGE('',*,*,#2302,.T.);
#2998=ORIENTED_EDGE('',*,*,#2287,.F.);
#2999=ORIENTED_EDGE('',*,*,#2280,.T.);
#3000=ORIENTED_EDGE('',*,*,#2303,.T.);
#3001=ORIENTED_EDGE('',*,*,#2244,.T.);
#3002=ORIENTED_EDGE('',*,*,#2288,.T.);
#3003=ORIENTED_EDGE('',*,*,#2304,.F.);
#3004=ORIENTED_EDGE('',*,*,#2305,.T.);
#3005=ORIENTED_EDGE('',*,*,#2306,.T.);
#3006=ORIENTED_EDGE('',*,*,#2307,.F.);
#3007=ORIENTED_EDGE('',*,*,#2308,.T.);
#3008=ORIENTED_EDGE('',*,*,#2283,.T.);
#3009=ORIENTED_EDGE('',*,*,#2309,.T.);
#3010=ORIENTED_EDGE('',*,*,#2310,.T.);
#3011=ORIENTED_EDGE('',*,*,#2311,.F.);
#3012=ORIENTED_EDGE('',*,*,#2312,.F.);
#3013=ORIENTED_EDGE('',*,*,#2282,.T.);
#3014=ORIENTED_EDGE('',*,*,#2313,.T.);
#3015=ORIENTED_EDGE('',*,*,#2314,.T.);
#3016=ORIENTED_EDGE('',*,*,#2309,.F.);
#3017=ORIENTED_EDGE('',*,*,#2315,.T.);
#3018=ORIENTED_EDGE('',*,*,#2316,.T.);
#3019=ORIENTED_EDGE('',*,*,#2317,.T.);
#3020=ORIENTED_EDGE('',*,*,#2318,.T.);
#3021=ORIENTED_EDGE('',*,*,#2317,.F.);
#3022=ORIENTED_EDGE('',*,*,#2319,.T.);
#3023=ORIENTED_EDGE('',*,*,#2320,.T.);
#3024=ORIENTED_EDGE('',*,*,#2321,.F.);
#3025=ORIENTED_EDGE('',*,*,#2322,.T.);
#3026=ORIENTED_EDGE('',*,*,#2323,.T.);
#3027=ORIENTED_EDGE('',*,*,#2324,.T.);
#3028=ORIENTED_EDGE('',*,*,#2325,.T.);
#3029=ORIENTED_EDGE('',*,*,#2326,.F.);
#3030=ORIENTED_EDGE('',*,*,#2327,.T.);
#3031=ORIENTED_EDGE('',*,*,#2328,.T.);
#3032=ORIENTED_EDGE('',*,*,#2329,.T.);
#3033=ORIENTED_EDGE('',*,*,#2316,.F.);
#3034=ORIENTED_EDGE('',*,*,#2330,.T.);
#3035=ORIENTED_EDGE('',*,*,#2331,.F.);
#3036=ORIENTED_EDGE('',*,*,#2319,.F.);
#3037=ORIENTED_EDGE('',*,*,#2326,.T.);
#3038=ORIENTED_EDGE('',*,*,#2332,.T.);
#3039=ORIENTED_EDGE('',*,*,#2333,.T.);
#3040=ORIENTED_EDGE('',*,*,#2334,.T.);
#3041=ORIENTED_EDGE('',*,*,#2332,.F.);
#3042=ORIENTED_EDGE('',*,*,#2325,.F.);
#3043=ORIENTED_EDGE('',*,*,#2335,.F.);
#3044=ORIENTED_EDGE('',*,*,#2336,.T.);
#3045=ORIENTED_EDGE('',*,*,#2334,.F.);
#3046=ORIENTED_EDGE('',*,*,#2337,.T.);
#3047=ORIENTED_EDGE('',*,*,#2338,.F.);
#3048=ORIENTED_EDGE('',*,*,#2327,.F.);
#3049=ORIENTED_EDGE('',*,*,#2339,.T.);
#3050=ORIENTED_EDGE('',*,*,#2340,.F.);
#3051=ORIENTED_EDGE('',*,*,#2328,.F.);
#3052=ORIENTED_EDGE('',*,*,#2338,.T.);
#3053=ORIENTED_EDGE('',*,*,#2318,.F.);
#3054=ORIENTED_EDGE('',*,*,#2329,.F.);
#3055=ORIENTED_EDGE('',*,*,#2340,.T.);
#3056=ORIENTED_EDGE('',*,*,#2341,.T.);
#3057=ORIENTED_EDGE('',*,*,#2331,.T.);
#3058=ORIENTED_EDGE('',*,*,#2342,.F.);
#3059=ORIENTED_EDGE('',*,*,#2343,.F.);
#3060=ORIENTED_EDGE('',*,*,#2320,.F.);
#3061=ORIENTED_EDGE('',*,*,#2335,.T.);
#3062=ORIENTED_EDGE('',*,*,#2324,.F.);
#3063=ORIENTED_EDGE('',*,*,#2344,.F.);
#3064=ORIENTED_EDGE('',*,*,#2345,.F.);
#3065=ORIENTED_EDGE('',*,*,#2346,.T.);
#3066=ORIENTED_EDGE('',*,*,#2347,.F.);
#3067=ORIENTED_EDGE('',*,*,#2348,.F.);
#3068=ORIENTED_EDGE('',*,*,#2349,.T.);
#3069=ORIENTED_EDGE('',*,*,#2350,.F.);
#3070=ORIENTED_EDGE('',*,*,#2351,.T.);
#3071=ORIENTED_EDGE('',*,*,#2352,.T.);
#3072=ORIENTED_EDGE('',*,*,#2353,.F.);
#3073=ORIENTED_EDGE('',*,*,#2354,.T.);
#3074=ORIENTED_EDGE('',*,*,#2355,.T.);
#3075=ORIENTED_EDGE('',*,*,#2356,.F.);
#3076=ORIENTED_EDGE('',*,*,#2357,.T.);
#3077=ORIENTED_EDGE('',*,*,#2358,.F.);
#3078=ORIENTED_EDGE('',*,*,#2359,.T.);
#3079=ORIENTED_EDGE('',*,*,#2356,.T.);
#3080=ORIENTED_EDGE('',*,*,#2360,.T.);
#3081=ORIENTED_EDGE('',*,*,#2357,.F.);
#3082=ORIENTED_EDGE('',*,*,#2361,.T.);
#3083=ORIENTED_EDGE('',*,*,#2353,.T.);
#3084=ORIENTED_EDGE('',*,*,#2362,.T.);
#3085=ORIENTED_EDGE('',*,*,#2350,.T.);
#3086=ORIENTED_EDGE('',*,*,#2363,.T.);
#3087=ORIENTED_EDGE('',*,*,#2355,.F.);
#3088=ORIENTED_EDGE('',*,*,#2364,.T.);
#3089=ORIENTED_EDGE('',*,*,#2365,.F.);
#3090=ORIENTED_EDGE('',*,*,#2366,.T.);
#3091=ORIENTED_EDGE('',*,*,#2354,.F.);
#3092=ORIENTED_EDGE('',*,*,#2367,.T.);
#3093=ORIENTED_EDGE('',*,*,#2352,.F.);
#3094=ORIENTED_EDGE('',*,*,#2368,.T.);
#3095=ORIENTED_EDGE('',*,*,#2348,.T.);
#3096=ORIENTED_EDGE('',*,*,#2369,.T.);
#3097=ORIENTED_EDGE('',*,*,#2370,.F.);
#3098=ORIENTED_EDGE('',*,*,#2371,.T.);
#3099=ORIENTED_EDGE('',*,*,#2349,.F.);
#3100=ORIENTED_EDGE('',*,*,#2372,.T.);
#3101=ORIENTED_EDGE('',*,*,#2347,.T.);
#3102=ORIENTED_EDGE('',*,*,#2373,.T.);
#3103=ORIENTED_EDGE('',*,*,#2351,.F.);
#3104=ORIENTED_EDGE('',*,*,#2374,.T.);
#3105=ORIENTED_EDGE('',*,*,#2375,.F.);
#3106=ORIENTED_EDGE('',*,*,#2376,.T.);
#3107=ORIENTED_EDGE('',*,*,#2346,.F.);
#3108=ORIENTED_EDGE('',*,*,#2377,.T.);
#3109=ORIENTED_EDGE('',*,*,#2360,.F.);
#3110=ORIENTED_EDGE('',*,*,#2363,.F.);
#3111=ORIENTED_EDGE('',*,*,#2371,.F.);
#3112=ORIENTED_EDGE('',*,*,#2378,.F.);
#3113=ORIENTED_EDGE('',*,*,#2372,.F.);
#3114=ORIENTED_EDGE('',*,*,#2373,.F.);
#3115=ORIENTED_EDGE('',*,*,#2376,.F.);
#3116=ORIENTED_EDGE('',*,*,#2379,.F.);
#3117=ORIENTED_EDGE('',*,*,#2362,.F.);
#3118=ORIENTED_EDGE('',*,*,#2369,.F.);
#3119=ORIENTED_EDGE('',*,*,#2374,.F.);
#3120=ORIENTED_EDGE('',*,*,#2364,.F.);
#3121=ORIENTED_EDGE('',*,*,#2380,.F.);
#3122=ORIENTED_EDGE('',*,*,#2322,.F.);
#3123=ORIENTED_EDGE('',*,*,#2381,.F.);
#3124=ORIENTED_EDGE('',*,*,#2382,.F.);
#3125=ORIENTED_EDGE('',*,*,#2380,.T.);
#3126=ORIENTED_EDGE('',*,*,#2383,.T.);
#3127=ORIENTED_EDGE('',*,*,#2344,.T.);
#3128=ORIENTED_EDGE('',*,*,#2323,.F.);
#3129=ORIENTED_EDGE('',*,*,#2315,.F.);
#3130=ORIENTED_EDGE('',*,*,#2341,.F.);
#3131=ORIENTED_EDGE('',*,*,#2339,.F.);
#3132=ORIENTED_EDGE('',*,*,#2337,.F.);
#3133=ORIENTED_EDGE('',*,*,#2333,.F.);
#3134=ORIENTED_EDGE('',*,*,#2336,.F.);
#3135=ORIENTED_EDGE('',*,*,#2345,.T.);
#3136=ORIENTED_EDGE('',*,*,#2383,.F.);
#3137=ORIENTED_EDGE('',*,*,#2382,.T.);
#3138=ORIENTED_EDGE('',*,*,#2384,.T.);
#3139=ORIENTED_EDGE('',*,*,#2342,.T.);
#3140=ORIENTED_EDGE('',*,*,#2330,.F.);
#3141=ORIENTED_EDGE('',*,*,#2381,.T.);
#3142=ORIENTED_EDGE('',*,*,#2321,.T.);
#3143=ORIENTED_EDGE('',*,*,#2343,.T.);
#3144=ORIENTED_EDGE('',*,*,#2384,.F.);
#3145=ORIENTED_EDGE('',*,*,#2366,.F.);
#3146=ORIENTED_EDGE('',*,*,#2385,.F.);
#3147=ORIENTED_EDGE('',*,*,#2377,.F.);
#3148=ORIENTED_EDGE('',*,*,#2368,.F.);
#3149=ORIENTED_EDGE('',*,*,#2359,.F.);
#3150=ORIENTED_EDGE('',*,*,#2386,.F.);
#3151=ORIENTED_EDGE('',*,*,#2367,.F.);
#3152=ORIENTED_EDGE('',*,*,#2361,.F.);
#3153=ORIENTED_EDGE('',*,*,#2387,.T.);
#3154=ORIENTED_EDGE('',*,*,#2388,.T.);
#3155=ORIENTED_EDGE('',*,*,#2389,.T.);
#3156=ORIENTED_EDGE('',*,*,#2390,.T.);
#3157=ORIENTED_EDGE('',*,*,#2389,.F.);
#3158=ORIENTED_EDGE('',*,*,#2391,.T.);
#3159=ORIENTED_EDGE('',*,*,#2392,.T.);
#3160=ORIENTED_EDGE('',*,*,#2393,.F.);
#3161=ORIENTED_EDGE('',*,*,#2394,.T.);
#3162=ORIENTED_EDGE('',*,*,#2395,.T.);
#3163=ORIENTED_EDGE('',*,*,#2396,.T.);
#3164=ORIENTED_EDGE('',*,*,#2397,.T.);
#3165=ORIENTED_EDGE('',*,*,#2398,.F.);
#3166=ORIENTED_EDGE('',*,*,#2399,.T.);
#3167=ORIENTED_EDGE('',*,*,#2400,.T.);
#3168=ORIENTED_EDGE('',*,*,#2401,.T.);
#3169=ORIENTED_EDGE('',*,*,#2388,.F.);
#3170=ORIENTED_EDGE('',*,*,#2402,.T.);
#3171=ORIENTED_EDGE('',*,*,#2403,.F.);
#3172=ORIENTED_EDGE('',*,*,#2391,.F.);
#3173=ORIENTED_EDGE('',*,*,#2398,.T.);
#3174=ORIENTED_EDGE('',*,*,#2404,.T.);
#3175=ORIENTED_EDGE('',*,*,#2405,.T.);
#3176=ORIENTED_EDGE('',*,*,#2406,.T.);
#3177=ORIENTED_EDGE('',*,*,#2404,.F.);
#3178=ORIENTED_EDGE('',*,*,#2397,.F.);
#3179=ORIENTED_EDGE('',*,*,#2407,.F.);
#3180=ORIENTED_EDGE('',*,*,#2408,.T.);
#3181=ORIENTED_EDGE('',*,*,#2406,.F.);
#3182=ORIENTED_EDGE('',*,*,#2409,.T.);
#3183=ORIENTED_EDGE('',*,*,#2410,.F.);
#3184=ORIENTED_EDGE('',*,*,#2399,.F.);
#3185=ORIENTED_EDGE('',*,*,#2411,.T.);
#3186=ORIENTED_EDGE('',*,*,#2412,.F.);
#3187=ORIENTED_EDGE('',*,*,#2400,.F.);
#3188=ORIENTED_EDGE('',*,*,#2410,.T.);
#3189=ORIENTED_EDGE('',*,*,#2390,.F.);
#3190=ORIENTED_EDGE('',*,*,#2401,.F.);
#3191=ORIENTED_EDGE('',*,*,#2412,.T.);
#3192=ORIENTED_EDGE('',*,*,#2413,.T.);
#3193=ORIENTED_EDGE('',*,*,#2403,.T.);
#3194=ORIENTED_EDGE('',*,*,#2414,.F.);
#3195=ORIENTED_EDGE('',*,*,#2415,.F.);
#3196=ORIENTED_EDGE('',*,*,#2392,.F.);
#3197=ORIENTED_EDGE('',*,*,#2407,.T.);
#3198=ORIENTED_EDGE('',*,*,#2396,.F.);
#3199=ORIENTED_EDGE('',*,*,#2416,.F.);
#3200=ORIENTED_EDGE('',*,*,#2417,.F.);
#3201=ORIENTED_EDGE('',*,*,#2418,.T.);
#3202=ORIENTED_EDGE('',*,*,#2419,.F.);
#3203=ORIENTED_EDGE('',*,*,#2420,.T.);
#3204=ORIENTED_EDGE('',*,*,#2421,.T.);
#3205=ORIENTED_EDGE('',*,*,#2422,.F.);
#3206=ORIENTED_EDGE('',*,*,#2423,.T.);
#3207=ORIENTED_EDGE('',*,*,#2424,.T.);
#3208=ORIENTED_EDGE('',*,*,#2425,.F.);
#3209=ORIENTED_EDGE('',*,*,#2426,.T.);
#3210=ORIENTED_EDGE('',*,*,#2427,.T.);
#3211=ORIENTED_EDGE('',*,*,#2428,.F.);
#3212=ORIENTED_EDGE('',*,*,#2429,.T.);
#3213=ORIENTED_EDGE('',*,*,#2425,.T.);
#3214=ORIENTED_EDGE('',*,*,#2430,.T.);
#3215=ORIENTED_EDGE('',*,*,#2428,.T.);
#3216=ORIENTED_EDGE('',*,*,#2431,.T.);
#3217=ORIENTED_EDGE('',*,*,#2432,.F.);
#3218=ORIENTED_EDGE('',*,*,#2433,.F.);
#3219=ORIENTED_EDGE('',*,*,#2434,.T.);
#3220=ORIENTED_EDGE('',*,*,#2429,.F.);
#3221=ORIENTED_EDGE('',*,*,#2435,.T.);
#3222=ORIENTED_EDGE('',*,*,#2427,.F.);
#3223=ORIENTED_EDGE('',*,*,#2436,.T.);
#3224=ORIENTED_EDGE('',*,*,#2422,.T.);
#3225=ORIENTED_EDGE('',*,*,#2437,.T.);
#3226=ORIENTED_EDGE('',*,*,#2438,.F.);
#3227=ORIENTED_EDGE('',*,*,#2439,.F.);
#3228=ORIENTED_EDGE('',*,*,#2440,.T.);
#3229=ORIENTED_EDGE('',*,*,#2424,.F.);
#3230=ORIENTED_EDGE('',*,*,#2441,.T.);
#3231=ORIENTED_EDGE('',*,*,#2419,.T.);
#3232=ORIENTED_EDGE('',*,*,#2442,.T.);
#3233=ORIENTED_EDGE('',*,*,#2426,.F.);
#3234=ORIENTED_EDGE('',*,*,#2443,.T.);
#3235=ORIENTED_EDGE('',*,*,#2444,.F.);
#3236=ORIENTED_EDGE('',*,*,#2445,.F.);
#3237=ORIENTED_EDGE('',*,*,#2446,.T.);
#3238=ORIENTED_EDGE('',*,*,#2423,.F.);
#3239=ORIENTED_EDGE('',*,*,#2447,.T.);
#3240=ORIENTED_EDGE('',*,*,#2421,.F.);
#3241=ORIENTED_EDGE('',*,*,#2448,.T.);
#3242=ORIENTED_EDGE('',*,*,#2420,.F.);
#3243=ORIENTED_EDGE('',*,*,#2449,.T.);
#3244=ORIENTED_EDGE('',*,*,#2450,.F.);
#3245=ORIENTED_EDGE('',*,*,#2451,.F.);
#3246=ORIENTED_EDGE('',*,*,#2452,.T.);
#3247=ORIENTED_EDGE('',*,*,#2418,.F.);
#3248=ORIENTED_EDGE('',*,*,#2453,.T.);
#3249=ORIENTED_EDGE('',*,*,#2435,.F.);
#3250=ORIENTED_EDGE('',*,*,#2430,.F.);
#3251=ORIENTED_EDGE('',*,*,#2440,.F.);
#3252=ORIENTED_EDGE('',*,*,#2454,.F.);
#3253=ORIENTED_EDGE('',*,*,#2455,.F.);
#3254=ORIENTED_EDGE('',*,*,#2456,.F.);
#3255=ORIENTED_EDGE('',*,*,#2441,.F.);
#3256=ORIENTED_EDGE('',*,*,#2442,.F.);
#3257=ORIENTED_EDGE('',*,*,#2452,.F.);
#3258=ORIENTED_EDGE('',*,*,#2457,.F.);
#3259=ORIENTED_EDGE('',*,*,#2431,.F.);
#3260=ORIENTED_EDGE('',*,*,#2437,.F.);
#3261=ORIENTED_EDGE('',*,*,#2449,.F.);
#3262=ORIENTED_EDGE('',*,*,#2443,.F.);
#3263=ORIENTED_EDGE('',*,*,#2458,.F.);
#3264=ORIENTED_EDGE('',*,*,#2394,.F.);
#3265=ORIENTED_EDGE('',*,*,#2459,.F.);
#3266=ORIENTED_EDGE('',*,*,#2460,.F.);
#3267=ORIENTED_EDGE('',*,*,#2458,.T.);
#3268=ORIENTED_EDGE('',*,*,#2461,.T.);
#3269=ORIENTED_EDGE('',*,*,#2416,.T.);
#3270=ORIENTED_EDGE('',*,*,#2395,.F.);
#3271=ORIENTED_EDGE('',*,*,#2387,.F.);
#3272=ORIENTED_EDGE('',*,*,#2413,.F.);
#3273=ORIENTED_EDGE('',*,*,#2411,.F.);
#3274=ORIENTED_EDGE('',*,*,#2409,.F.);
#3275=ORIENTED_EDGE('',*,*,#2405,.F.);
#3276=ORIENTED_EDGE('',*,*,#2408,.F.);
#3277=ORIENTED_EDGE('',*,*,#2417,.T.);
#3278=ORIENTED_EDGE('',*,*,#2461,.F.);
#3279=ORIENTED_EDGE('',*,*,#2460,.T.);
#3280=ORIENTED_EDGE('',*,*,#2462,.T.);
#3281=ORIENTED_EDGE('',*,*,#2414,.T.);
#3282=ORIENTED_EDGE('',*,*,#2402,.F.);
#3283=ORIENTED_EDGE('',*,*,#2459,.T.);
#3284=ORIENTED_EDGE('',*,*,#2393,.T.);
#3285=ORIENTED_EDGE('',*,*,#2415,.T.);
#3286=ORIENTED_EDGE('',*,*,#2462,.F.);
#3287=ORIENTED_EDGE('',*,*,#2434,.F.);
#3288=ORIENTED_EDGE('',*,*,#2463,.F.);
#3289=ORIENTED_EDGE('',*,*,#2447,.F.);
#3290=ORIENTED_EDGE('',*,*,#2436,.F.);
#3291=ORIENTED_EDGE('',*,*,#2446,.F.);
#3292=ORIENTED_EDGE('',*,*,#2464,.F.);
#3293=ORIENTED_EDGE('',*,*,#2465,.F.);
#3294=ORIENTED_EDGE('',*,*,#2466,.F.);
#3295=ORIENTED_EDGE('',*,*,#2453,.F.);
#3296=ORIENTED_EDGE('',*,*,#2448,.F.);
#3297=ORIENTED_EDGE('',*,*,#2467,.T.);
#3298=ORIENTED_EDGE('',*,*,#2468,.T.);
#3299=ORIENTED_EDGE('',*,*,#2469,.T.);
#3300=ORIENTED_EDGE('',*,*,#2470,.T.);
#3301=ORIENTED_EDGE('',*,*,#2469,.F.);
#3302=ORIENTED_EDGE('',*,*,#2471,.T.);
#3303=ORIENTED_EDGE('',*,*,#2472,.T.);
#3304=ORIENTED_EDGE('',*,*,#2473,.F.);
#3305=ORIENTED_EDGE('',*,*,#2474,.T.);
#3306=ORIENTED_EDGE('',*,*,#2475,.T.);
#3307=ORIENTED_EDGE('',*,*,#2476,.T.);
#3308=ORIENTED_EDGE('',*,*,#2477,.T.);
#3309=ORIENTED_EDGE('',*,*,#2478,.F.);
#3310=ORIENTED_EDGE('',*,*,#2479,.T.);
#3311=ORIENTED_EDGE('',*,*,#2480,.T.);
#3312=ORIENTED_EDGE('',*,*,#2481,.T.);
#3313=ORIENTED_EDGE('',*,*,#2468,.F.);
#3314=ORIENTED_EDGE('',*,*,#2482,.T.);
#3315=ORIENTED_EDGE('',*,*,#2483,.F.);
#3316=ORIENTED_EDGE('',*,*,#2471,.F.);
#3317=ORIENTED_EDGE('',*,*,#2478,.T.);
#3318=ORIENTED_EDGE('',*,*,#2484,.T.);
#3319=ORIENTED_EDGE('',*,*,#2485,.T.);
#3320=ORIENTED_EDGE('',*,*,#2486,.T.);
#3321=ORIENTED_EDGE('',*,*,#2484,.F.);
#3322=ORIENTED_EDGE('',*,*,#2477,.F.);
#3323=ORIENTED_EDGE('',*,*,#2487,.F.);
#3324=ORIENTED_EDGE('',*,*,#2488,.T.);
#3325=ORIENTED_EDGE('',*,*,#2486,.F.);
#3326=ORIENTED_EDGE('',*,*,#2489,.T.);
#3327=ORIENTED_EDGE('',*,*,#2490,.F.);
#3328=ORIENTED_EDGE('',*,*,#2479,.F.);
#3329=ORIENTED_EDGE('',*,*,#2491,.T.);
#3330=ORIENTED_EDGE('',*,*,#2492,.F.);
#3331=ORIENTED_EDGE('',*,*,#2480,.F.);
#3332=ORIENTED_EDGE('',*,*,#2490,.T.);
#3333=ORIENTED_EDGE('',*,*,#2470,.F.);
#3334=ORIENTED_EDGE('',*,*,#2481,.F.);
#3335=ORIENTED_EDGE('',*,*,#2492,.T.);
#3336=ORIENTED_EDGE('',*,*,#2493,.T.);
#3337=ORIENTED_EDGE('',*,*,#2483,.T.);
#3338=ORIENTED_EDGE('',*,*,#2494,.F.);
#3339=ORIENTED_EDGE('',*,*,#2495,.F.);
#3340=ORIENTED_EDGE('',*,*,#2472,.F.);
#3341=ORIENTED_EDGE('',*,*,#2487,.T.);
#3342=ORIENTED_EDGE('',*,*,#2476,.F.);
#3343=ORIENTED_EDGE('',*,*,#2496,.F.);
#3344=ORIENTED_EDGE('',*,*,#2497,.F.);
#3345=ORIENTED_EDGE('',*,*,#2498,.T.);
#3346=ORIENTED_EDGE('',*,*,#2499,.F.);
#3347=ORIENTED_EDGE('',*,*,#2500,.T.);
#3348=ORIENTED_EDGE('',*,*,#2501,.T.);
#3349=ORIENTED_EDGE('',*,*,#2502,.F.);
#3350=ORIENTED_EDGE('',*,*,#2503,.T.);
#3351=ORIENTED_EDGE('',*,*,#2504,.T.);
#3352=ORIENTED_EDGE('',*,*,#2505,.F.);
#3353=ORIENTED_EDGE('',*,*,#2506,.T.);
#3354=ORIENTED_EDGE('',*,*,#2507,.T.);
#3355=ORIENTED_EDGE('',*,*,#2508,.F.);
#3356=ORIENTED_EDGE('',*,*,#2509,.T.);
#3357=ORIENTED_EDGE('',*,*,#2505,.T.);
#3358=ORIENTED_EDGE('',*,*,#2510,.T.);
#3359=ORIENTED_EDGE('',*,*,#2508,.T.);
#3360=ORIENTED_EDGE('',*,*,#2511,.T.);
#3361=ORIENTED_EDGE('',*,*,#2512,.F.);
#3362=ORIENTED_EDGE('',*,*,#2513,.T.);
#3363=ORIENTED_EDGE('',*,*,#2509,.F.);
#3364=ORIENTED_EDGE('',*,*,#2514,.T.);
#3365=ORIENTED_EDGE('',*,*,#2507,.F.);
#3366=ORIENTED_EDGE('',*,*,#2515,.T.);
#3367=ORIENTED_EDGE('',*,*,#2502,.T.);
#3368=ORIENTED_EDGE('',*,*,#2516,.T.);
#3369=ORIENTED_EDGE('',*,*,#2517,.F.);
#3370=ORIENTED_EDGE('',*,*,#2518,.T.);
#3371=ORIENTED_EDGE('',*,*,#2504,.F.);
#3372=ORIENTED_EDGE('',*,*,#2519,.T.);
#3373=ORIENTED_EDGE('',*,*,#2499,.T.);
#3374=ORIENTED_EDGE('',*,*,#2520,.T.);
#3375=ORIENTED_EDGE('',*,*,#2506,.F.);
#3376=ORIENTED_EDGE('',*,*,#2521,.T.);
#3377=ORIENTED_EDGE('',*,*,#2522,.F.);
#3378=ORIENTED_EDGE('',*,*,#2523,.T.);
#3379=ORIENTED_EDGE('',*,*,#2503,.F.);
#3380=ORIENTED_EDGE('',*,*,#2524,.T.);
#3381=ORIENTED_EDGE('',*,*,#2501,.F.);
#3382=ORIENTED_EDGE('',*,*,#2525,.T.);
#3383=ORIENTED_EDGE('',*,*,#2500,.F.);
#3384=ORIENTED_EDGE('',*,*,#2526,.T.);
#3385=ORIENTED_EDGE('',*,*,#2527,.F.);
#3386=ORIENTED_EDGE('',*,*,#2528,.T.);
#3387=ORIENTED_EDGE('',*,*,#2498,.F.);
#3388=ORIENTED_EDGE('',*,*,#2529,.T.);
#3389=ORIENTED_EDGE('',*,*,#2514,.F.);
#3390=ORIENTED_EDGE('',*,*,#2510,.F.);
#3391=ORIENTED_EDGE('',*,*,#2518,.F.);
#3392=ORIENTED_EDGE('',*,*,#2530,.F.);
#3393=ORIENTED_EDGE('',*,*,#2519,.F.);
#3394=ORIENTED_EDGE('',*,*,#2520,.F.);
#3395=ORIENTED_EDGE('',*,*,#2528,.F.);
#3396=ORIENTED_EDGE('',*,*,#2531,.F.);
#3397=ORIENTED_EDGE('',*,*,#2511,.F.);
#3398=ORIENTED_EDGE('',*,*,#2516,.F.);
#3399=ORIENTED_EDGE('',*,*,#2526,.F.);
#3400=ORIENTED_EDGE('',*,*,#2521,.F.);
#3401=ORIENTED_EDGE('',*,*,#2532,.F.);
#3402=ORIENTED_EDGE('',*,*,#2474,.F.);
#3403=ORIENTED_EDGE('',*,*,#2533,.F.);
#3404=ORIENTED_EDGE('',*,*,#2534,.F.);
#3405=ORIENTED_EDGE('',*,*,#2532,.T.);
#3406=ORIENTED_EDGE('',*,*,#2535,.T.);
#3407=ORIENTED_EDGE('',*,*,#2496,.T.);
#3408=ORIENTED_EDGE('',*,*,#2475,.F.);
#3409=ORIENTED_EDGE('',*,*,#2467,.F.);
#3410=ORIENTED_EDGE('',*,*,#2493,.F.);
#3411=ORIENTED_EDGE('',*,*,#2491,.F.);
#3412=ORIENTED_EDGE('',*,*,#2489,.F.);
#3413=ORIENTED_EDGE('',*,*,#2485,.F.);
#3414=ORIENTED_EDGE('',*,*,#2488,.F.);
#3415=ORIENTED_EDGE('',*,*,#2497,.T.);
#3416=ORIENTED_EDGE('',*,*,#2535,.F.);
#3417=ORIENTED_EDGE('',*,*,#2534,.T.);
#3418=ORIENTED_EDGE('',*,*,#2536,.T.);
#3419=ORIENTED_EDGE('',*,*,#2494,.T.);
#3420=ORIENTED_EDGE('',*,*,#2482,.F.);
#3421=ORIENTED_EDGE('',*,*,#2533,.T.);
#3422=ORIENTED_EDGE('',*,*,#2473,.T.);
#3423=ORIENTED_EDGE('',*,*,#2495,.T.);
#3424=ORIENTED_EDGE('',*,*,#2536,.F.);
#3425=ORIENTED_EDGE('',*,*,#2513,.F.);
#3426=ORIENTED_EDGE('',*,*,#2537,.F.);
#3427=ORIENTED_EDGE('',*,*,#2524,.F.);
#3428=ORIENTED_EDGE('',*,*,#2515,.F.);
#3429=ORIENTED_EDGE('',*,*,#2523,.F.);
#3430=ORIENTED_EDGE('',*,*,#2538,.F.);
#3431=ORIENTED_EDGE('',*,*,#2529,.F.);
#3432=ORIENTED_EDGE('',*,*,#2525,.F.);
#3433=ORIENTED_EDGE('',*,*,#2432,.T.);
#3434=ORIENTED_EDGE('',*,*,#2456,.T.);
#3435=ORIENTED_EDGE('',*,*,#2539,.F.);
#3436=ORIENTED_EDGE('',*,*,#2540,.F.);
#3437=ORIENTED_EDGE('',*,*,#2541,.T.);
#3438=ORIENTED_EDGE('',*,*,#2542,.F.);
#3439=ORIENTED_EDGE('',*,*,#2543,.T.);
#3440=ORIENTED_EDGE('',*,*,#2544,.F.);
#3441=ORIENTED_EDGE('',*,*,#2454,.T.);
#3442=ORIENTED_EDGE('',*,*,#2439,.T.);
#3443=ORIENTED_EDGE('',*,*,#2545,.F.);
#3444=ORIENTED_EDGE('',*,*,#2546,.T.);
#3445=ORIENTED_EDGE('',*,*,#2547,.F.);
#3446=ORIENTED_EDGE('',*,*,#2548,.T.);
#3447=ORIENTED_EDGE('',*,*,#2549,.F.);
#3448=ORIENTED_EDGE('',*,*,#2550,.F.);
#3449=ORIENTED_EDGE('',*,*,#2465,.T.);
#3450=ORIENTED_EDGE('',*,*,#2551,.T.);
#3451=ORIENTED_EDGE('',*,*,#2552,.T.);
#3452=ORIENTED_EDGE('',*,*,#2553,.T.);
#3453=ORIENTED_EDGE('',*,*,#2554,.T.);
#3454=ORIENTED_EDGE('',*,*,#2555,.T.);
#3455=ORIENTED_EDGE('',*,*,#2556,.T.);
#3456=ORIENTED_EDGE('',*,*,#2557,.T.);
#3457=ORIENTED_EDGE('',*,*,#2558,.T.);
#3458=ORIENTED_EDGE('',*,*,#2559,.T.);
#3459=ORIENTED_EDGE('',*,*,#2560,.T.);
#3460=ORIENTED_EDGE('',*,*,#2561,.T.);
#3461=ORIENTED_EDGE('',*,*,#2375,.T.);
#3462=ORIENTED_EDGE('',*,*,#2385,.T.);
#3463=ORIENTED_EDGE('',*,*,#2365,.T.);
#3464=ORIENTED_EDGE('',*,*,#2386,.T.);
#3465=ORIENTED_EDGE('',*,*,#2358,.T.);
#3466=ORIENTED_EDGE('',*,*,#2378,.T.);
#3467=ORIENTED_EDGE('',*,*,#2370,.T.);
#3468=ORIENTED_EDGE('',*,*,#2379,.T.);
#3469=ORIENTED_EDGE('',*,*,#2438,.T.);
#3470=ORIENTED_EDGE('',*,*,#2457,.T.);
#3471=ORIENTED_EDGE('',*,*,#2451,.T.);
#3472=ORIENTED_EDGE('',*,*,#2562,.T.);
#3473=ORIENTED_EDGE('',*,*,#2563,.T.);
#3474=ORIENTED_EDGE('',*,*,#2545,.T.);
#3475=ORIENTED_EDGE('',*,*,#2455,.T.);
#3476=ORIENTED_EDGE('',*,*,#2550,.T.);
#3477=ORIENTED_EDGE('',*,*,#2549,.T.);
#3478=ORIENTED_EDGE('',*,*,#2564,.T.);
#3479=ORIENTED_EDGE('',*,*,#2565,.T.);
#3480=ORIENTED_EDGE('',*,*,#2566,.T.);
#3481=ORIENTED_EDGE('',*,*,#2567,.T.);
#3482=ORIENTED_EDGE('',*,*,#2568,.T.);
#3483=ORIENTED_EDGE('',*,*,#2569,.T.);
#3484=ORIENTED_EDGE('',*,*,#2570,.T.);
#3485=ORIENTED_EDGE('',*,*,#2540,.T.);
#3486=ORIENTED_EDGE('',*,*,#2539,.T.);
#3487=ORIENTED_EDGE('',*,*,#2527,.T.);
#3488=ORIENTED_EDGE('',*,*,#2538,.T.);
#3489=ORIENTED_EDGE('',*,*,#2522,.T.);
#3490=ORIENTED_EDGE('',*,*,#2537,.T.);
#3491=ORIENTED_EDGE('',*,*,#2512,.T.);
#3492=ORIENTED_EDGE('',*,*,#2530,.T.);
#3493=ORIENTED_EDGE('',*,*,#2517,.T.);
#3494=ORIENTED_EDGE('',*,*,#2531,.T.);
#3495=ORIENTED_EDGE('',*,*,#2571,.T.);
#3496=ORIENTED_EDGE('',*,*,#2258,.F.);
#3497=ORIENTED_EDGE('',*,*,#2572,.F.);
#3498=ORIENTED_EDGE('',*,*,#2256,.F.);
#3499=ORIENTED_EDGE('',*,*,#2573,.T.);
#3500=ORIENTED_EDGE('',*,*,#2574,.T.);
#3501=ORIENTED_EDGE('',*,*,#2311,.T.);
#3502=ORIENTED_EDGE('',*,*,#2575,.T.);
#3503=ORIENTED_EDGE('',*,*,#2575,.F.);
#3504=ORIENTED_EDGE('',*,*,#2310,.F.);
#3505=ORIENTED_EDGE('',*,*,#2314,.F.);
#3506=ORIENTED_EDGE('',*,*,#2576,.F.);
#3507=ORIENTED_EDGE('',*,*,#2577,.T.);
#3508=ORIENTED_EDGE('',*,*,#2285,.T.);
#3509=ORIENTED_EDGE('',*,*,#2578,.T.);
#3510=ORIENTED_EDGE('',*,*,#2577,.F.);
#3511=ORIENTED_EDGE('',*,*,#2578,.F.);
#3512=ORIENTED_EDGE('',*,*,#2281,.T.);
#3513=ORIENTED_EDGE('',*,*,#2579,.T.);
#3514=ORIENTED_EDGE('',*,*,#2573,.F.);
#3515=ORIENTED_EDGE('',*,*,#2576,.T.);
#3516=ORIENTED_EDGE('',*,*,#2313,.F.);
#3517=ORIENTED_EDGE('',*,*,#2284,.T.);
#3518=ORIENTED_EDGE('',*,*,#2312,.T.);
#3519=ORIENTED_EDGE('',*,*,#2574,.F.);
#3520=ORIENTED_EDGE('',*,*,#2579,.F.);
#3521=ORIENTED_EDGE('',*,*,#2296,.T.);
#3522=ORIENTED_EDGE('',*,*,#2580,.T.);
#3523=ORIENTED_EDGE('',*,*,#2581,.T.);
#3524=ORIENTED_EDGE('',*,*,#2582,.T.);
#3525=ORIENTED_EDGE('',*,*,#2583,.F.);
#3526=ORIENTED_EDGE('',*,*,#2584,.F.);
#3527=ORIENTED_EDGE('',*,*,#2585,.F.);
#3528=ORIENTED_EDGE('',*,*,#2586,.F.);
#3529=ORIENTED_EDGE('',*,*,#2587,.F.);
#3530=ORIENTED_EDGE('',*,*,#2588,.F.);
#3531=ORIENTED_EDGE('',*,*,#2589,.F.);
#3532=ORIENTED_EDGE('',*,*,#2590,.F.);
#3533=ORIENTED_EDGE('',*,*,#2591,.F.);
#3534=ORIENTED_EDGE('',*,*,#2592,.F.);
#3535=ORIENTED_EDGE('',*,*,#2593,.F.);
#3536=ORIENTED_EDGE('',*,*,#2546,.F.);
#3537=ORIENTED_EDGE('',*,*,#2594,.F.);
#3538=ORIENTED_EDGE('',*,*,#2595,.F.);
#3539=ORIENTED_EDGE('',*,*,#2596,.F.);
#3540=ORIENTED_EDGE('',*,*,#2597,.F.);
#3541=ORIENTED_EDGE('',*,*,#2541,.F.);
#3542=ORIENTED_EDGE('',*,*,#2598,.F.);
#3543=ORIENTED_EDGE('',*,*,#2599,.F.);
#3544=ORIENTED_EDGE('',*,*,#2600,.F.);
#3545=ORIENTED_EDGE('',*,*,#2601,.F.);
#3546=ORIENTED_EDGE('',*,*,#2602,.F.);
#3547=ORIENTED_EDGE('',*,*,#2603,.T.);
#3548=ORIENTED_EDGE('',*,*,#2604,.T.);
#3549=ORIENTED_EDGE('',*,*,#2605,.F.);
#3550=ORIENTED_EDGE('',*,*,#2606,.T.);
#3551=ORIENTED_EDGE('',*,*,#2607,.T.);
#3552=ORIENTED_EDGE('',*,*,#2608,.F.);
#3553=ORIENTED_EDGE('',*,*,#2597,.T.);
#3554=ORIENTED_EDGE('',*,*,#2609,.T.);
#3555=ORIENTED_EDGE('',*,*,#2610,.T.);
#3556=ORIENTED_EDGE('',*,*,#2542,.T.);
#3557=ORIENTED_EDGE('',*,*,#2611,.F.);
#3558=ORIENTED_EDGE('',*,*,#2543,.F.);
#3559=ORIENTED_EDGE('',*,*,#2610,.F.);
#3560=ORIENTED_EDGE('',*,*,#2612,.F.);
#3561=ORIENTED_EDGE('',*,*,#2613,.F.);
#3562=ORIENTED_EDGE('',*,*,#2614,.T.);
#3563=ORIENTED_EDGE('',*,*,#2547,.T.);
#3564=ORIENTED_EDGE('',*,*,#2593,.T.);
#3565=ORIENTED_EDGE('',*,*,#2615,.T.);
#3566=ORIENTED_EDGE('',*,*,#2616,.F.);
#3567=ORIENTED_EDGE('',*,*,#2548,.F.);
#3568=ORIENTED_EDGE('',*,*,#2614,.F.);
#3569=ORIENTED_EDGE('',*,*,#2617,.F.);
#3570=ORIENTED_EDGE('',*,*,#2618,.F.);
#3571=ORIENTED_EDGE('',*,*,#2601,.T.);
#3572=ORIENTED_EDGE('',*,*,#2619,.T.);
#3573=ORIENTED_EDGE('',*,*,#2620,.T.);
#3574=ORIENTED_EDGE('',*,*,#2621,.T.);
#3575=ORIENTED_EDGE('',*,*,#2466,.T.);
#3576=ORIENTED_EDGE('',*,*,#2561,.F.);
#3577=ORIENTED_EDGE('',*,*,#2560,.F.);
#3578=ORIENTED_EDGE('',*,*,#2602,.T.);
#3579=ORIENTED_EDGE('',*,*,#2621,.F.);
#3580=ORIENTED_EDGE('',*,*,#2622,.T.);
#3581=ORIENTED_EDGE('',*,*,#2562,.F.);
#3582=ORIENTED_EDGE('',*,*,#2450,.T.);
#3583=ORIENTED_EDGE('',*,*,#2623,.F.);
#3584=ORIENTED_EDGE('',*,*,#2622,.F.);
#3585=ORIENTED_EDGE('',*,*,#2620,.F.);
#3586=ORIENTED_EDGE('',*,*,#2624,.F.);
#3587=ORIENTED_EDGE('',*,*,#2625,.F.);
#3588=ORIENTED_EDGE('',*,*,#2626,.T.);
#3589=ORIENTED_EDGE('',*,*,#2627,.T.);
#3590=ORIENTED_EDGE('',*,*,#2588,.T.);
#3591=ORIENTED_EDGE('',*,*,#2628,.T.);
#3592=ORIENTED_EDGE('',*,*,#2445,.T.);
#3593=ORIENTED_EDGE('',*,*,#2629,.F.);
#3594=ORIENTED_EDGE('',*,*,#2589,.T.);
#3595=ORIENTED_EDGE('',*,*,#2627,.F.);
#3596=ORIENTED_EDGE('',*,*,#2630,.T.);
#3597=ORIENTED_EDGE('',*,*,#2552,.F.);
#3598=ORIENTED_EDGE('',*,*,#2551,.F.);
#3599=ORIENTED_EDGE('',*,*,#2464,.T.);
#3600=ORIENTED_EDGE('',*,*,#2631,.F.);
#3601=ORIENTED_EDGE('',*,*,#2630,.F.);
#3602=ORIENTED_EDGE('',*,*,#2626,.F.);
#3603=ORIENTED_EDGE('',*,*,#2632,.F.);
#3604=ORIENTED_EDGE('',*,*,#2633,.F.);
#3605=ORIENTED_EDGE('',*,*,#2634,.F.);
#3606=ORIENTED_EDGE('',*,*,#2635,.F.);
#3607=ORIENTED_EDGE('',*,*,#2636,.F.);
#3608=ORIENTED_EDGE('',*,*,#2599,.T.);
#3609=ORIENTED_EDGE('',*,*,#2637,.F.);
#3610=ORIENTED_EDGE('',*,*,#2618,.T.);
#3611=ORIENTED_EDGE('',*,*,#2638,.F.);
#3612=ORIENTED_EDGE('',*,*,#2639,.F.);
#3613=ORIENTED_EDGE('',*,*,#2640,.F.);
#3614=ORIENTED_EDGE('',*,*,#2625,.T.);
#3615=ORIENTED_EDGE('',*,*,#2641,.F.);
#3616=ORIENTED_EDGE('',*,*,#2591,.T.);
#3617=ORIENTED_EDGE('',*,*,#2642,.F.);
#3618=ORIENTED_EDGE('',*,*,#2633,.T.);
#3619=ORIENTED_EDGE('',*,*,#2643,.F.);
#3620=ORIENTED_EDGE('',*,*,#2644,.F.);
#3621=ORIENTED_EDGE('',*,*,#2645,.F.);
#3622=ORIENTED_EDGE('',*,*,#2613,.T.);
#3623=ORIENTED_EDGE('',*,*,#2646,.F.);
#3624=ORIENTED_EDGE('',*,*,#2586,.T.);
#3625=ORIENTED_EDGE('',*,*,#2647,.F.);
#3626=ORIENTED_EDGE('',*,*,#2648,.F.);
#3627=ORIENTED_EDGE('',*,*,#2649,.F.);
#3628=ORIENTED_EDGE('',*,*,#2595,.T.);
#3629=ORIENTED_EDGE('',*,*,#2650,.T.);
#3630=ORIENTED_EDGE('',*,*,#2651,.F.);
#3631=ORIENTED_EDGE('',*,*,#2652,.T.);
#3632=ORIENTED_EDGE('',*,*,#2653,.T.);
#3633=ORIENTED_EDGE('',*,*,#2654,.F.);
#3634=ORIENTED_EDGE('',*,*,#2655,.F.);
#3635=ORIENTED_EDGE('',*,*,#2656,.T.);
#3636=ORIENTED_EDGE('',*,*,#2657,.T.);
#3637=ORIENTED_EDGE('',*,*,#2658,.F.);
#3638=ORIENTED_EDGE('',*,*,#2659,.F.);
#3639=ORIENTED_EDGE('',*,*,#2654,.T.);
#3640=ORIENTED_EDGE('',*,*,#2660,.T.);
#3641=ORIENTED_EDGE('',*,*,#2661,.F.);
#3642=ORIENTED_EDGE('',*,*,#2662,.F.);
#3643=ORIENTED_EDGE('',*,*,#2658,.T.);
#3644=ORIENTED_EDGE('',*,*,#2663,.T.);
#3645=ORIENTED_EDGE('',*,*,#2664,.F.);
#3646=ORIENTED_EDGE('',*,*,#2665,.F.);
#3647=ORIENTED_EDGE('',*,*,#2661,.T.);
#3648=ORIENTED_EDGE('',*,*,#2666,.T.);
#3649=ORIENTED_EDGE('',*,*,#2667,.F.);
#3650=ORIENTED_EDGE('',*,*,#2668,.F.);
#3651=ORIENTED_EDGE('',*,*,#2664,.T.);
#3652=ORIENTED_EDGE('',*,*,#2669,.T.);
#3653=ORIENTED_EDGE('',*,*,#2670,.F.);
#3654=ORIENTED_EDGE('',*,*,#2671,.F.);
#3655=ORIENTED_EDGE('',*,*,#2667,.T.);
#3656=ORIENTED_EDGE('',*,*,#2672,.T.);
#3657=ORIENTED_EDGE('',*,*,#2673,.F.);
#3658=ORIENTED_EDGE('',*,*,#2674,.F.);
#3659=ORIENTED_EDGE('',*,*,#2670,.T.);
#3660=ORIENTED_EDGE('',*,*,#2675,.T.);
#3661=ORIENTED_EDGE('',*,*,#2676,.F.);
#3662=ORIENTED_EDGE('',*,*,#2677,.F.);
#3663=ORIENTED_EDGE('',*,*,#2673,.T.);
#3664=ORIENTED_EDGE('',*,*,#2678,.T.);
#3665=ORIENTED_EDGE('',*,*,#2679,.F.);
#3666=ORIENTED_EDGE('',*,*,#2680,.F.);
#3667=ORIENTED_EDGE('',*,*,#2676,.T.);
#3668=ORIENTED_EDGE('',*,*,#2681,.T.);
#3669=ORIENTED_EDGE('',*,*,#2682,.F.);
#3670=ORIENTED_EDGE('',*,*,#2683,.F.);
#3671=ORIENTED_EDGE('',*,*,#2679,.T.);
#3672=ORIENTED_EDGE('',*,*,#2684,.T.);
#3673=ORIENTED_EDGE('',*,*,#2685,.F.);
#3674=ORIENTED_EDGE('',*,*,#2686,.F.);
#3675=ORIENTED_EDGE('',*,*,#2682,.T.);
#3676=ORIENTED_EDGE('',*,*,#2687,.T.);
#3677=ORIENTED_EDGE('',*,*,#2656,.F.);
#3678=ORIENTED_EDGE('',*,*,#2688,.F.);
#3679=ORIENTED_EDGE('',*,*,#2685,.T.);
#3680=ORIENTED_EDGE('',*,*,#2689,.F.);
#3681=ORIENTED_EDGE('',*,*,#2690,.F.);
#3682=ORIENTED_EDGE('',*,*,#2691,.F.);
#3683=ORIENTED_EDGE('',*,*,#2692,.T.);
#3684=ORIENTED_EDGE('',*,*,#2693,.F.);
#3685=ORIENTED_EDGE('',*,*,#2692,.F.);
#3686=ORIENTED_EDGE('',*,*,#2694,.F.);
#3687=ORIENTED_EDGE('',*,*,#2695,.T.);
#3688=ORIENTED_EDGE('',*,*,#2696,.F.);
#3689=ORIENTED_EDGE('',*,*,#2695,.F.);
#3690=ORIENTED_EDGE('',*,*,#2697,.F.);
#3691=ORIENTED_EDGE('',*,*,#2698,.T.);
#3692=ORIENTED_EDGE('',*,*,#2699,.F.);
#3693=ORIENTED_EDGE('',*,*,#2698,.F.);
#3694=ORIENTED_EDGE('',*,*,#2700,.F.);
#3695=ORIENTED_EDGE('',*,*,#2701,.T.);
#3696=ORIENTED_EDGE('',*,*,#2702,.F.);
#3697=ORIENTED_EDGE('',*,*,#2701,.F.);
#3698=ORIENTED_EDGE('',*,*,#2703,.F.);
#3699=ORIENTED_EDGE('',*,*,#2704,.T.);
#3700=ORIENTED_EDGE('',*,*,#2705,.F.);
#3701=ORIENTED_EDGE('',*,*,#2704,.F.);
#3702=ORIENTED_EDGE('',*,*,#2706,.F.);
#3703=ORIENTED_EDGE('',*,*,#2707,.T.);
#3704=ORIENTED_EDGE('',*,*,#2708,.F.);
#3705=ORIENTED_EDGE('',*,*,#2707,.F.);
#3706=ORIENTED_EDGE('',*,*,#2709,.F.);
#3707=ORIENTED_EDGE('',*,*,#2710,.T.);
#3708=ORIENTED_EDGE('',*,*,#2711,.F.);
#3709=ORIENTED_EDGE('',*,*,#2710,.F.);
#3710=ORIENTED_EDGE('',*,*,#2712,.F.);
#3711=ORIENTED_EDGE('',*,*,#2713,.T.);
#3712=ORIENTED_EDGE('',*,*,#2714,.F.);
#3713=ORIENTED_EDGE('',*,*,#2713,.F.);
#3714=ORIENTED_EDGE('',*,*,#2715,.F.);
#3715=ORIENTED_EDGE('',*,*,#2716,.T.);
#3716=ORIENTED_EDGE('',*,*,#2717,.F.);
#3717=ORIENTED_EDGE('',*,*,#2716,.F.);
#3718=ORIENTED_EDGE('',*,*,#2718,.F.);
#3719=ORIENTED_EDGE('',*,*,#2719,.T.);
#3720=ORIENTED_EDGE('',*,*,#2720,.F.);
#3721=ORIENTED_EDGE('',*,*,#2719,.F.);
#3722=ORIENTED_EDGE('',*,*,#2721,.F.);
#3723=ORIENTED_EDGE('',*,*,#2722,.T.);
#3724=ORIENTED_EDGE('',*,*,#2723,.F.);
#3725=ORIENTED_EDGE('',*,*,#2722,.F.);
#3726=ORIENTED_EDGE('',*,*,#2724,.F.);
#3727=ORIENTED_EDGE('',*,*,#2690,.T.);
#3728=ORIENTED_EDGE('',*,*,#2689,.T.);
#3729=ORIENTED_EDGE('',*,*,#2693,.T.);
#3730=ORIENTED_EDGE('',*,*,#2696,.T.);
#3731=ORIENTED_EDGE('',*,*,#2699,.T.);
#3732=ORIENTED_EDGE('',*,*,#2702,.T.);
#3733=ORIENTED_EDGE('',*,*,#2705,.T.);
#3734=ORIENTED_EDGE('',*,*,#2708,.T.);
#3735=ORIENTED_EDGE('',*,*,#2711,.T.);
#3736=ORIENTED_EDGE('',*,*,#2714,.T.);
#3737=ORIENTED_EDGE('',*,*,#2717,.T.);
#3738=ORIENTED_EDGE('',*,*,#2720,.T.);
#3739=ORIENTED_EDGE('',*,*,#2723,.T.);
#3740=ORIENTED_EDGE('',*,*,#2653,.F.);
#3741=ORIENTED_EDGE('',*,*,#2687,.F.);
#3742=ORIENTED_EDGE('',*,*,#2684,.F.);
#3743=ORIENTED_EDGE('',*,*,#2681,.F.);
#3744=ORIENTED_EDGE('',*,*,#2678,.F.);
#3745=ORIENTED_EDGE('',*,*,#2675,.F.);
#3746=ORIENTED_EDGE('',*,*,#2672,.F.);
#3747=ORIENTED_EDGE('',*,*,#2669,.F.);
#3748=ORIENTED_EDGE('',*,*,#2666,.F.);
#3749=ORIENTED_EDGE('',*,*,#2663,.F.);
#3750=ORIENTED_EDGE('',*,*,#2660,.F.);
#3751=ORIENTED_EDGE('',*,*,#2657,.F.);
#3752=ORIENTED_EDGE('',*,*,#2615,.F.);
#3753=ORIENTED_EDGE('',*,*,#2592,.T.);
#3754=ORIENTED_EDGE('',*,*,#2641,.T.);
#3755=ORIENTED_EDGE('',*,*,#2624,.T.);
#3756=ORIENTED_EDGE('',*,*,#2619,.F.);
#3757=ORIENTED_EDGE('',*,*,#2600,.T.);
#3758=ORIENTED_EDGE('',*,*,#2636,.T.);
#3759=ORIENTED_EDGE('',*,*,#2725,.T.);
#3760=ORIENTED_EDGE('',*,*,#2726,.T.);
#3761=ORIENTED_EDGE('',*,*,#2727,.F.);
#3762=ORIENTED_EDGE('',*,*,#2638,.T.);
#3763=ORIENTED_EDGE('',*,*,#2617,.T.);
#3764=ORIENTED_EDGE('',*,*,#2691,.T.);
#3765=ORIENTED_EDGE('',*,*,#2724,.T.);
#3766=ORIENTED_EDGE('',*,*,#2721,.T.);
#3767=ORIENTED_EDGE('',*,*,#2718,.T.);
#3768=ORIENTED_EDGE('',*,*,#2715,.T.);
#3769=ORIENTED_EDGE('',*,*,#2712,.T.);
#3770=ORIENTED_EDGE('',*,*,#2709,.T.);
#3771=ORIENTED_EDGE('',*,*,#2706,.T.);
#3772=ORIENTED_EDGE('',*,*,#2703,.T.);
#3773=ORIENTED_EDGE('',*,*,#2700,.T.);
#3774=ORIENTED_EDGE('',*,*,#2697,.T.);
#3775=ORIENTED_EDGE('',*,*,#2694,.T.);
#3776=ORIENTED_EDGE('',*,*,#2728,.T.);
#3777=ORIENTED_EDGE('',*,*,#2729,.F.);
#3778=ORIENTED_EDGE('',*,*,#2652,.F.);
#3779=ORIENTED_EDGE('',*,*,#2307,.T.);
#3780=ORIENTED_EDGE('',*,*,#2730,.T.);
#3781=ORIENTED_EDGE('',*,*,#2305,.F.);
#3782=ORIENTED_EDGE('',*,*,#2607,.F.);
#3783=ORIENTED_EDGE('',*,*,#2731,.F.);
#3784=ORIENTED_EDGE('',*,*,#2728,.F.);
#3785=ORIENTED_EDGE('',*,*,#2306,.F.);
#3786=ORIENTED_EDGE('',*,*,#2730,.F.);
#3787=ORIENTED_EDGE('',*,*,#2732,.F.);
#3788=ORIENTED_EDGE('',*,*,#2733,.T.);
#3789=ORIENTED_EDGE('',*,*,#2581,.F.);
#3790=ORIENTED_EDGE('',*,*,#2604,.F.);
#3791=ORIENTED_EDGE('',*,*,#2734,.F.);
#3792=ORIENTED_EDGE('',*,*,#2735,.T.);
#3793=ORIENTED_EDGE('',*,*,#2736,.F.);
#3794=ORIENTED_EDGE('',*,*,#2737,.F.);
#3795=ORIENTED_EDGE('',*,*,#2583,.T.);
#3796=ORIENTED_EDGE('',*,*,#2738,.F.);
#3797=ORIENTED_EDGE('',*,*,#2735,.F.);
#3798=ORIENTED_EDGE('',*,*,#2582,.F.);
#3799=ORIENTED_EDGE('',*,*,#2733,.F.);
#3800=ORIENTED_EDGE('',*,*,#2739,.T.);
#3801=ORIENTED_EDGE('',*,*,#2740,.F.);
#3802=ORIENTED_EDGE('',*,*,#2737,.T.);
#3803=ORIENTED_EDGE('',*,*,#2655,.T.);
#3804=ORIENTED_EDGE('',*,*,#2659,.T.);
#3805=ORIENTED_EDGE('',*,*,#2662,.T.);
#3806=ORIENTED_EDGE('',*,*,#2665,.T.);
#3807=ORIENTED_EDGE('',*,*,#2668,.T.);
#3808=ORIENTED_EDGE('',*,*,#2671,.T.);
#3809=ORIENTED_EDGE('',*,*,#2674,.T.);
#3810=ORIENTED_EDGE('',*,*,#2677,.T.);
#3811=ORIENTED_EDGE('',*,*,#2680,.T.);
#3812=ORIENTED_EDGE('',*,*,#2683,.T.);
#3813=ORIENTED_EDGE('',*,*,#2686,.T.);
#3814=ORIENTED_EDGE('',*,*,#2688,.T.);
#3815=ORIENTED_EDGE('',*,*,#2741,.F.);
#3816=ORIENTED_EDGE('',*,*,#2608,.T.);
#3817=ORIENTED_EDGE('',*,*,#2304,.T.);
#3818=ORIENTED_EDGE('',*,*,#2241,.T.);
#3819=ORIENTED_EDGE('',*,*,#2572,.T.);
#3820=ORIENTED_EDGE('',*,*,#2255,.T.);
#3821=ORIENTED_EDGE('',*,*,#2584,.T.);
#3822=ORIENTED_EDGE('',*,*,#2740,.T.);
#3823=ORIENTED_EDGE('',*,*,#2742,.F.);
#3824=ORIENTED_EDGE('',*,*,#2726,.F.);
#3825=ORIENTED_EDGE('',*,*,#2651,.T.);
#3826=ORIENTED_EDGE('',*,*,#2743,.F.);
#3827=ORIENTED_EDGE('',*,*,#2744,.T.);
#3828=ORIENTED_EDGE('',*,*,#2745,.F.);
#3829=ORIENTED_EDGE('',*,*,#2605,.T.);
#3830=ORIENTED_EDGE('',*,*,#2580,.F.);
#3831=ORIENTED_EDGE('',*,*,#2259,.F.);
#3832=ORIENTED_EDGE('',*,*,#2571,.F.);
#3833=ORIENTED_EDGE('',*,*,#2257,.F.);
#3834=ORIENTED_EDGE('',*,*,#2308,.F.);
#3835=ORIENTED_EDGE('',*,*,#2609,.F.);
#3836=ORIENTED_EDGE('',*,*,#2596,.T.);
#3837=ORIENTED_EDGE('',*,*,#2649,.T.);
#3838=ORIENTED_EDGE('',*,*,#2746,.T.);
#3839=ORIENTED_EDGE('',*,*,#2744,.F.);
#3840=ORIENTED_EDGE('',*,*,#2747,.F.);
#3841=ORIENTED_EDGE('',*,*,#2643,.T.);
#3842=ORIENTED_EDGE('',*,*,#2632,.T.);
#3843=ORIENTED_EDGE('',*,*,#2628,.F.);
#3844=ORIENTED_EDGE('',*,*,#2587,.T.);
#3845=ORIENTED_EDGE('',*,*,#2646,.T.);
#3846=ORIENTED_EDGE('',*,*,#2612,.T.);
#3847=ORIENTED_EDGE('',*,*,#2743,.T.);
#3848=ORIENTED_EDGE('',*,*,#2748,.T.);
#3849=ORIENTED_EDGE('',*,*,#2749,.F.);
#3850=ORIENTED_EDGE('',*,*,#2642,.T.);
#3851=ORIENTED_EDGE('',*,*,#2750,.F.);
#3852=ORIENTED_EDGE('',*,*,#2553,.F.);
#3853=ORIENTED_EDGE('',*,*,#2631,.T.);
#3854=ORIENTED_EDGE('',*,*,#2647,.T.);
#3855=ORIENTED_EDGE('',*,*,#2594,.T.);
#3856=ORIENTED_EDGE('',*,*,#2570,.F.);
#3857=ORIENTED_EDGE('',*,*,#2751,.T.);
#3858=ORIENTED_EDGE('',*,*,#2745,.T.);
#3859=ORIENTED_EDGE('',*,*,#2752,.T.);
#3860=ORIENTED_EDGE('',*,*,#2753,.T.);
#3861=ORIENTED_EDGE('',*,*,#2637,.T.);
#3862=ORIENTED_EDGE('',*,*,#2754,.F.);
#3863=ORIENTED_EDGE('',*,*,#2564,.F.);
#3864=ORIENTED_EDGE('',*,*,#2616,.T.);
#3865=ORIENTED_EDGE('',*,*,#2634,.T.);
#3866=ORIENTED_EDGE('',*,*,#2598,.T.);
#3867=ORIENTED_EDGE('',*,*,#2559,.F.);
#3868=ORIENTED_EDGE('',*,*,#2755,.T.);
#3869=ORIENTED_EDGE('',*,*,#2640,.T.);
#3870=ORIENTED_EDGE('',*,*,#2590,.T.);
#3871=ORIENTED_EDGE('',*,*,#2563,.F.);
#3872=ORIENTED_EDGE('',*,*,#2623,.T.);
#3873=ORIENTED_EDGE('',*,*,#2741,.T.);
#3874=ORIENTED_EDGE('',*,*,#2756,.T.);
#3875=ORIENTED_EDGE('',*,*,#2757,.T.);
#3876=ORIENTED_EDGE('',*,*,#2635,.T.);
#3877=ORIENTED_EDGE('',*,*,#2755,.F.);
#3878=ORIENTED_EDGE('',*,*,#2558,.F.);
#3879=ORIENTED_EDGE('',*,*,#2758,.T.);
#3880=ORIENTED_EDGE('',*,*,#2742,.T.);
#3881=ORIENTED_EDGE('',*,*,#2759,.T.);
#3882=ORIENTED_EDGE('',*,*,#2760,.F.);
#3883=ORIENTED_EDGE('',*,*,#2731,.T.);
#3884=ORIENTED_EDGE('',*,*,#2606,.F.);
#3885=ORIENTED_EDGE('',*,*,#2757,.F.);
#3886=ORIENTED_EDGE('',*,*,#2761,.F.);
#3887=ORIENTED_EDGE('',*,*,#2762,.F.);
#3888=ORIENTED_EDGE('',*,*,#2736,.T.);
#3889=ORIENTED_EDGE('',*,*,#2763,.F.);
#3890=ORIENTED_EDGE('',*,*,#2764,.F.);
#3891=ORIENTED_EDGE('',*,*,#2759,.F.);
#3892=ORIENTED_EDGE('',*,*,#2739,.F.);
#3893=ORIENTED_EDGE('',*,*,#2734,.T.);
#3894=ORIENTED_EDGE('',*,*,#2603,.F.);
#3895=ORIENTED_EDGE('',*,*,#2753,.F.);
#3896=ORIENTED_EDGE('',*,*,#2765,.F.);
#3897=ORIENTED_EDGE('',*,*,#2766,.F.);
#3898=ORIENTED_EDGE('',*,*,#2729,.T.);
#3899=ORIENTED_EDGE('',*,*,#2767,.F.);
#3900=ORIENTED_EDGE('',*,*,#2768,.F.);
#3901=ORIENTED_EDGE('',*,*,#2748,.F.);
#3902=ORIENTED_EDGE('',*,*,#2650,.F.);
#3903=ORIENTED_EDGE('',*,*,#2645,.T.);
#3904=ORIENTED_EDGE('',*,*,#2585,.T.);
#3905=ORIENTED_EDGE('',*,*,#2769,.F.);
#3906=ORIENTED_EDGE('',*,*,#2611,.T.);
#3907=ORIENTED_EDGE('',*,*,#2433,.T.);
#3908=ORIENTED_EDGE('',*,*,#2544,.T.);
#3909=ORIENTED_EDGE('',*,*,#2769,.T.);
#3910=ORIENTED_EDGE('',*,*,#2629,.T.);
#3911=ORIENTED_EDGE('',*,*,#2444,.T.);
#3912=ORIENTED_EDGE('',*,*,#2463,.T.);
#3913=ORIENTED_EDGE('',*,*,#2765,.T.);
#3914=ORIENTED_EDGE('',*,*,#2752,.F.);
#3915=ORIENTED_EDGE('',*,*,#2746,.F.);
#3916=ORIENTED_EDGE('',*,*,#2770,.F.);
#3917=ORIENTED_EDGE('',*,*,#2568,.F.);
#3918=ORIENTED_EDGE('',*,*,#2771,.T.);
#3919=ORIENTED_EDGE('',*,*,#2648,.T.);
#3920=ORIENTED_EDGE('',*,*,#2751,.F.);
#3921=ORIENTED_EDGE('',*,*,#2569,.F.);
#3922=ORIENTED_EDGE('',*,*,#2770,.T.);
#3923=ORIENTED_EDGE('',*,*,#2644,.T.);
#3924=ORIENTED_EDGE('',*,*,#2772,.F.);
#3925=ORIENTED_EDGE('',*,*,#2554,.F.);
#3926=ORIENTED_EDGE('',*,*,#2750,.T.);
#3927=ORIENTED_EDGE('',*,*,#2768,.T.);
#3928=ORIENTED_EDGE('',*,*,#2773,.F.);
#3929=ORIENTED_EDGE('',*,*,#2555,.F.);
#3930=ORIENTED_EDGE('',*,*,#2772,.T.);
#3931=ORIENTED_EDGE('',*,*,#2747,.T.);
#3932=ORIENTED_EDGE('',*,*,#2749,.T.);
#3933=ORIENTED_EDGE('',*,*,#2767,.T.);
#3934=ORIENTED_EDGE('',*,*,#2732,.T.);
#3935=ORIENTED_EDGE('',*,*,#2762,.T.);
#3936=ORIENTED_EDGE('',*,*,#2774,.F.);
#3937=ORIENTED_EDGE('',*,*,#2556,.F.);
#3938=ORIENTED_EDGE('',*,*,#2773,.T.);
#3939=ORIENTED_EDGE('',*,*,#2761,.T.);
#3940=ORIENTED_EDGE('',*,*,#2756,.F.);
#3941=ORIENTED_EDGE('',*,*,#2725,.F.);
#3942=ORIENTED_EDGE('',*,*,#2758,.F.);
#3943=ORIENTED_EDGE('',*,*,#2557,.F.);
#3944=ORIENTED_EDGE('',*,*,#2774,.T.);
#3945=ORIENTED_EDGE('',*,*,#2639,.T.);
#3946=ORIENTED_EDGE('',*,*,#2775,.F.);
#3947=ORIENTED_EDGE('',*,*,#2565,.F.);
#3948=ORIENTED_EDGE('',*,*,#2754,.T.);
#3949=ORIENTED_EDGE('',*,*,#2764,.T.);
#3950=ORIENTED_EDGE('',*,*,#2776,.F.);
#3951=ORIENTED_EDGE('',*,*,#2566,.F.);
#3952=ORIENTED_EDGE('',*,*,#2775,.T.);
#3953=ORIENTED_EDGE('',*,*,#2727,.T.);
#3954=ORIENTED_EDGE('',*,*,#2760,.T.);
#3955=ORIENTED_EDGE('',*,*,#2763,.T.);
#3956=ORIENTED_EDGE('',*,*,#2738,.T.);
#3957=ORIENTED_EDGE('',*,*,#2766,.T.);
#3958=ORIENTED_EDGE('',*,*,#2771,.F.);
#3959=ORIENTED_EDGE('',*,*,#2567,.F.);
#3960=ORIENTED_EDGE('',*,*,#2776,.T.);
#3961=SPHERICAL_SURFACE('',#4238,0.0826771653543307);
#3962=SPHERICAL_SURFACE('',#4333,0.015748031496063);
#3963=SPHERICAL_SURFACE('',#4337,0.015748031496063);
#3964=SPHERICAL_SURFACE('',#4341,0.015748031496063);
#3965=SPHERICAL_SURFACE('',#4345,0.015748031496063);
#3966=SPHERICAL_SURFACE('',#4383,0.015748031496063);
#3967=SPHERICAL_SURFACE('',#4387,0.015748031496063);
#3968=SPHERICAL_SURFACE('',#4391,0.015748031496063);
#3969=SPHERICAL_SURFACE('',#4395,0.015748031496063);
#3970=SPHERICAL_SURFACE('',#4437,0.015748031496063);
#3971=SPHERICAL_SURFACE('',#4441,0.015748031496063);
#3972=SPHERICAL_SURFACE('',#4445,0.015748031496063);
#3973=SPHERICAL_SURFACE('',#4449,0.015748031496063);
#3974=ADVANCED_FACE('',(#1230),#3961,.T.);
#3975=ADVANCED_FACE('',(#1231),#1229,.F.);
#3976=ADVANCED_FACE('',(#1232),#1227,.T.);
#3977=ADVANCED_FACE('',(#1233),#108,.F.);
#3978=ADVANCED_FACE('',(#1234),#109,.F.);
#3979=ADVANCED_FACE('',(#1235),#110,.F.);
#3980=ADVANCED_FACE('',(#1236),#48,.T.);
#3981=ADVANCED_FACE('',(#1237),#111,.T.);
#3982=ADVANCED_FACE('',(#1238),#112,.T.);
#3983=ADVANCED_FACE('',(#1239),#113,.T.);
#3984=ADVANCED_FACE('',(#1240),#114,.F.);
#3985=ADVANCED_FACE('',(#1241),#115,.F.);
#3986=ADVANCED_FACE('',(#1242),#49,.T.);
#3987=ADVANCED_FACE('',(#1243),#116,.T.);
#3988=ADVANCED_FACE('',(#1244),#117,.T.);
#3989=ADVANCED_FACE('',(#1245),#118,.T.);
#3990=ADVANCED_FACE('',(#1246),#119,.F.);
#3991=ADVANCED_FACE('',(#1247),#120,.F.);
#3992=ADVANCED_FACE('',(#1248),#121,.T.);
#3993=ADVANCED_FACE('',(#1249),#50,.T.);
#3994=ADVANCED_FACE('',(#1250),#122,.T.);
#3995=ADVANCED_FACE('',(#1251),#123,.T.);
#3996=ADVANCED_FACE('',(#1252),#124,.T.);
#3997=ADVANCED_FACE('',(#1253),#125,.T.);
#3998=ADVANCED_FACE('',(#1254),#51,.T.);
#3999=ADVANCED_FACE('',(#1255),#126,.T.);
#4000=ADVANCED_FACE('',(#1256),#127,.F.);
#4001=ADVANCED_FACE('',(#1257),#128,.F.);
#4002=ADVANCED_FACE('',(#1258),#129,.T.);
#4003=ADVANCED_FACE('',(#1259),#130,.T.);
#4004=ADVANCED_FACE('',(#1260,#39),#131,.F.);
#4005=ADVANCED_FACE('',(#1261),#132,.F.);
#4006=ADVANCED_FACE('',(#1262),#52,.T.);
#4007=ADVANCED_FACE('',(#1263),#133,.T.);
#4008=ADVANCED_FACE('',(#1264),#53,.T.);
#4009=ADVANCED_FACE('',(#1265),#134,.T.);
#4010=ADVANCED_FACE('',(#1266),#54,.T.);
#4011=ADVANCED_FACE('',(#1267),#135,.T.);
#4012=ADVANCED_FACE('',(#1268),#55,.T.);
#4013=ADVANCED_FACE('',(#1269),#136,.T.);
#4014=ADVANCED_FACE('',(#1270),#137,.T.);
#4015=ADVANCED_FACE('',(#1271),#56,.T.);
#4016=ADVANCED_FACE('',(#1272),#138,.T.);
#4017=ADVANCED_FACE('',(#1273),#139,.T.);
#4018=ADVANCED_FACE('',(#1274),#140,.T.);
#4019=ADVANCED_FACE('',(#1275),#57,.T.);
#4020=ADVANCED_FACE('',(#1276),#141,.T.);
#4021=ADVANCED_FACE('',(#1277),#142,.T.);
#4022=ADVANCED_FACE('',(#1278),#143,.T.);
#4023=ADVANCED_FACE('',(#1279),#144,.T.);
#4024=ADVANCED_FACE('',(#1280),#145,.T.);
#4025=ADVANCED_FACE('',(#1281),#58,.T.);
#4026=ADVANCED_FACE('',(#1282),#146,.T.);
#4027=ADVANCED_FACE('',(#1283),#147,.T.);
#4028=ADVANCED_FACE('',(#1284),#59,.F.);
#4029=ADVANCED_FACE('',(#1285),#148,.T.);
#4030=ADVANCED_FACE('',(#1286),#149,.T.);
#4031=ADVANCED_FACE('',(#1287),#150,.T.);
#4032=ADVANCED_FACE('',(#1288),#151,.T.);
#4033=ADVANCED_FACE('',(#1289),#152,.T.);
#4034=ADVANCED_FACE('',(#1290),#153,.T.);
#4035=ADVANCED_FACE('',(#1291),#3962,.T.);
#4036=ADVANCED_FACE('',(#1292),#3963,.T.);
#4037=ADVANCED_FACE('',(#1293),#3964,.T.);
#4038=ADVANCED_FACE('',(#1294),#3965,.T.);
#4039=ADVANCED_FACE('',(#1295),#60,.T.);
#4040=ADVANCED_FACE('',(#1296),#61,.T.);
#4041=ADVANCED_FACE('',(#1297),#62,.T.);
#4042=ADVANCED_FACE('',(#1298),#63,.T.);
#4043=ADVANCED_FACE('',(#1299),#64,.T.);
#4044=ADVANCED_FACE('',(#1300),#65,.T.);
#4045=ADVANCED_FACE('',(#1301),#66,.T.);
#4046=ADVANCED_FACE('',(#1302),#67,.T.);
#4047=ADVANCED_FACE('',(#1303),#154,.T.);
#4048=ADVANCED_FACE('',(#1304),#155,.T.);
#4049=ADVANCED_FACE('',(#1305,#40),#156,.T.);
#4050=ADVANCED_FACE('',(#1306),#157,.T.);
#4051=ADVANCED_FACE('',(#1307),#158,.T.);
#4052=ADVANCED_FACE('',(#1308),#159,.T.);
#4053=ADVANCED_FACE('',(#1309),#160,.T.);
#4054=ADVANCED_FACE('',(#1310),#161,.T.);
#4055=ADVANCED_FACE('',(#1311),#68,.T.);
#4056=ADVANCED_FACE('',(#1312),#162,.T.);
#4057=ADVANCED_FACE('',(#1313),#163,.T.);
#4058=ADVANCED_FACE('',(#1314),#69,.F.);
#4059=ADVANCED_FACE('',(#1315),#164,.T.);
#4060=ADVANCED_FACE('',(#1316),#165,.T.);
#4061=ADVANCED_FACE('',(#1317),#166,.T.);
#4062=ADVANCED_FACE('',(#1318),#167,.T.);
#4063=ADVANCED_FACE('',(#1319),#168,.T.);
#4064=ADVANCED_FACE('',(#1320),#169,.T.);
#4065=ADVANCED_FACE('',(#1321),#3966,.T.);
#4066=ADVANCED_FACE('',(#1322),#3967,.T.);
#4067=ADVANCED_FACE('',(#1323),#3968,.T.);
#4068=ADVANCED_FACE('',(#1324),#3969,.T.);
#4069=ADVANCED_FACE('',(#1325),#70,.T.);
#4070=ADVANCED_FACE('',(#1326),#71,.T.);
#4071=ADVANCED_FACE('',(#1327),#72,.T.);
#4072=ADVANCED_FACE('',(#1328),#73,.T.);
#4073=ADVANCED_FACE('',(#1329),#74,.T.);
#4074=ADVANCED_FACE('',(#1330),#75,.T.);
#4075=ADVANCED_FACE('',(#1331),#76,.T.);
#4076=ADVANCED_FACE('',(#1332),#77,.T.);
#4077=ADVANCED_FACE('',(#1333),#170,.T.);
#4078=ADVANCED_FACE('',(#1334),#171,.T.);
#4079=ADVANCED_FACE('',(#1335,#41),#172,.T.);
#4080=ADVANCED_FACE('',(#1336),#173,.T.);
#4081=ADVANCED_FACE('',(#1337),#174,.T.);
#4082=ADVANCED_FACE('',(#1338),#175,.T.);
#4083=ADVANCED_FACE('',(#1339),#176,.T.);
#4084=ADVANCED_FACE('',(#1340),#177,.T.);
#4085=ADVANCED_FACE('',(#1341),#78,.T.);
#4086=ADVANCED_FACE('',(#1342),#178,.T.);
#4087=ADVANCED_FACE('',(#1343),#179,.T.);
#4088=ADVANCED_FACE('',(#1344),#79,.F.);
#4089=ADVANCED_FACE('',(#1345),#180,.T.);
#4090=ADVANCED_FACE('',(#1346),#181,.T.);
#4091=ADVANCED_FACE('',(#1347),#182,.T.);
#4092=ADVANCED_FACE('',(#1348),#183,.T.);
#4093=ADVANCED_FACE('',(#1349),#184,.T.);
#4094=ADVANCED_FACE('',(#1350),#185,.T.);
#4095=ADVANCED_FACE('',(#1351),#3970,.T.);
#4096=ADVANCED_FACE('',(#1352),#3971,.T.);
#4097=ADVANCED_FACE('',(#1353),#3972,.T.);
#4098=ADVANCED_FACE('',(#1354),#3973,.T.);
#4099=ADVANCED_FACE('',(#1355),#80,.T.);
#4100=ADVANCED_FACE('',(#1356),#81,.T.);
#4101=ADVANCED_FACE('',(#1357),#82,.T.);
#4102=ADVANCED_FACE('',(#1358),#83,.T.);
#4103=ADVANCED_FACE('',(#1359),#84,.T.);
#4104=ADVANCED_FACE('',(#1360),#85,.T.);
#4105=ADVANCED_FACE('',(#1361),#86,.T.);
#4106=ADVANCED_FACE('',(#1362),#87,.T.);
#4107=ADVANCED_FACE('',(#1363),#186,.T.);
#4108=ADVANCED_FACE('',(#1364),#187,.T.);
#4109=ADVANCED_FACE('',(#1365,#42),#188,.T.);
#4110=ADVANCED_FACE('',(#1366),#189,.T.);
#4111=ADVANCED_FACE('',(#1367),#190,.T.);
#4112=ADVANCED_FACE('',(#1368),#191,.T.);
#4113=ADVANCED_FACE('',(#1369),#192,.T.);
#4114=ADVANCED_FACE('',(#1370),#193,.T.);
#4115=ADVANCED_FACE('',(#1371),#194,.T.);
#4116=ADVANCED_FACE('',(#1372),#195,.T.);
#4117=ADVANCED_FACE('',(#1373,#43),#196,.F.);
#4118=ADVANCED_FACE('',(#1374),#197,.F.);
#4119=ADVANCED_FACE('',(#1375,#44),#198,.F.);
#4120=ADVANCED_FACE('',(#1376),#199,.F.);
#4121=ADVANCED_FACE('',(#1377),#200,.F.);
#4122=ADVANCED_FACE('',(#1378),#1228,.T.);
#4123=ADVANCED_FACE('',(#1379,#45),#201,.T.);
#4124=ADVANCED_FACE('',(#1380),#88,.F.);
#4125=ADVANCED_FACE('',(#1381),#202,.T.);
#4126=ADVANCED_FACE('',(#1382),#89,.T.);
#4127=ADVANCED_FACE('',(#1383),#203,.T.);
#4128=ADVANCED_FACE('',(#1384),#204,.F.);
#4129=ADVANCED_FACE('',(#1385),#205,.F.);
#4130=ADVANCED_FACE('',(#1386),#206,.F.);
#4131=ADVANCED_FACE('',(#1387),#207,.F.);
#4132=ADVANCED_FACE('',(#1388),#208,.T.);
#4133=ADVANCED_FACE('',(#1389),#209,.F.);
#4134=ADVANCED_FACE('',(#1390),#90,.T.);
#4135=ADVANCED_FACE('',(#1391),#210,.F.);
#4136=ADVANCED_FACE('',(#1392),#91,.T.);
#4137=ADVANCED_FACE('',(#1393),#211,.F.);
#4138=ADVANCED_FACE('',(#1394),#92,.T.);
#4139=ADVANCED_FACE('',(#1395),#212,.T.);
#4140=ADVANCED_FACE('',(#1396),#213,.F.);
#4141=ADVANCED_FACE('',(#1397),#93,.T.);
#4142=ADVANCED_FACE('',(#1398),#214,.T.);
#4143=ADVANCED_FACE('',(#1399),#215,.F.);
#4144=ADVANCED_FACE('',(#1400),#216,.T.);
#4145=ADVANCED_FACE('',(#1401),#217,.T.);
#4146=ADVANCED_FACE('',(#1402),#218,.T.);
#4147=ADVANCED_FACE('',(#1403),#219,.T.);
#4148=ADVANCED_FACE('',(#1404),#220,.T.);
#4149=ADVANCED_FACE('',(#1405),#221,.T.);
#4150=ADVANCED_FACE('',(#1406),#222,.F.);
#4151=ADVANCED_FACE('',(#1407),#223,.T.);
#4152=ADVANCED_FACE('',(#1408),#224,.T.);
#4153=ADVANCED_FACE('',(#1409),#225,.T.);
#4154=ADVANCED_FACE('',(#1410),#226,.T.);
#4155=ADVANCED_FACE('',(#1411),#227,.T.);
#4156=ADVANCED_FACE('',(#1412),#228,.T.);
#4157=ADVANCED_FACE('',(#1413),#229,.T.);
#4158=ADVANCED_FACE('',(#1414),#230,.T.);
#4159=ADVANCED_FACE('',(#1415),#231,.T.);
#4160=ADVANCED_FACE('',(#1416),#232,.T.);
#4161=ADVANCED_FACE('',(#1417),#233,.T.);
#4162=ADVANCED_FACE('',(#1418),#234,.T.);
#4163=ADVANCED_FACE('',(#1419),#235,.F.);
#4164=ADVANCED_FACE('',(#1420),#236,.F.);
#4165=ADVANCED_FACE('',(#1421),#237,.F.);
#4166=ADVANCED_FACE('',(#1422),#238,.F.);
#4167=ADVANCED_FACE('',(#1423),#239,.F.);
#4168=ADVANCED_FACE('',(#1424),#240,.F.);
#4169=ADVANCED_FACE('',(#1425),#241,.F.);
#4170=ADVANCED_FACE('',(#1426),#242,.F.);
#4171=ADVANCED_FACE('',(#1427),#243,.F.);
#4172=ADVANCED_FACE('',(#1428),#244,.F.);
#4173=ADVANCED_FACE('',(#1429),#245,.F.);
#4174=ADVANCED_FACE('',(#1430),#246,.F.);
#4175=ADVANCED_FACE('',(#1431,#46),#247,.T.);
#4176=ADVANCED_FACE('',(#1432,#47),#248,.T.);
#4177=ADVANCED_FACE('',(#1433),#249,.T.);
#4178=ADVANCED_FACE('',(#1434),#250,.T.);
#4179=ADVANCED_FACE('',(#1435),#251,.F.);
#4180=ADVANCED_FACE('',(#1436),#252,.T.);
#4181=ADVANCED_FACE('',(#1437),#253,.T.);
#4182=ADVANCED_FACE('',(#1438),#254,.T.);
#4183=ADVANCED_FACE('',(#1439),#255,.T.);
#4184=ADVANCED_FACE('',(#1440),#256,.T.);
#4185=ADVANCED_FACE('',(#1441),#94,.T.);
#4186=ADVANCED_FACE('',(#1442),#95,.T.);
#4187=ADVANCED_FACE('',(#1443),#257,.T.);
#4188=ADVANCED_FACE('',(#1444),#258,.T.);
#4189=ADVANCED_FACE('',(#1445),#259,.T.);
#4190=ADVANCED_FACE('',(#1446),#260,.T.);
#4191=ADVANCED_FACE('',(#1447),#261,.T.);
#4192=ADVANCED_FACE('',(#1448),#262,.T.);
#4193=ADVANCED_FACE('',(#1449),#263,.T.);
#4194=ADVANCED_FACE('',(#1450),#264,.T.);
#4195=ADVANCED_FACE('',(#1451),#265,.T.);
#4196=ADVANCED_FACE('',(#1452),#266,.T.);
#4197=ADVANCED_FACE('',(#1453),#267,.T.);
#4198=ADVANCED_FACE('',(#1454),#268,.T.);
#4199=ADVANCED_FACE('',(#1455),#269,.T.);
#4200=ADVANCED_FACE('',(#1456),#270,.T.);
#4201=ADVANCED_FACE('',(#1457),#271,.T.);
#4202=ADVANCED_FACE('',(#1458),#272,.T.);
#4203=ADVANCED_FACE('',(#1459),#273,.F.);
#4204=ADVANCED_FACE('',(#1460),#274,.T.);
#4205=ADVANCED_FACE('',(#1461),#275,.T.);
#4206=ADVANCED_FACE('',(#1462),#276,.T.);
#4207=ADVANCED_FACE('',(#1463),#277,.T.);
#4208=ADVANCED_FACE('',(#1464),#278,.T.);
#4209=ADVANCED_FACE('',(#1465),#279,.T.);
#4210=ADVANCED_FACE('',(#1466),#280,.T.);
#4211=ADVANCED_FACE('',(#1467),#281,.T.);
#4212=ADVANCED_FACE('',(#1468),#282,.T.);
#4213=CLOSED_SHELL('',(#3974,#3975,#3976,#3977));
#4214=CLOSED_SHELL('',(#3978,#3979,#3980,#3981,#3982,#3983));
#4215=CLOSED_SHELL('',(#3984,#3985,#3986,#3987,#3988,#3989));
#4216=CLOSED_SHELL('',(#3990,#3991,#3992,#3993,#3994,#3995));
#4217=CLOSED_SHELL('',(#3996,#3997,#3998,#3999,#4000,#4001));
#4218=CLOSED_SHELL('',(#4002,#4003,#4004,#4005,#4006,#4007,#4008,#4009,
#4010,#4011,#4012,#4013,#4014,#4015,#4016,#4017,#4018,#4019,#4020,#4021,
#4022,#4023,#4024,#4025,#4026,#4027,#4028,#4029,#4030,#4031,#4032,#4033,
#4034,#4035,#4036,#4037,#4038,#4039,#4040,#4041,#4042,#4043,#4044,#4045,
#4046,#4047,#4048,#4049,#4050,#4051,#4052,#4053,#4054,#4055,#4056,#4057,
#4058,#4059,#4060,#4061,#4062,#4063,#4064,#4065,#4066,#4067,#4068,#4069,
#4070,#4071,#4072,#4073,#4074,#4075,#4076,#4077,#4078,#4079,#4080,#4081,
#4082,#4083,#4084,#4085,#4086,#4087,#4088,#4089,#4090,#4091,#4092,#4093,
#4094,#4095,#4096,#4097,#4098,#4099,#4100,#4101,#4102,#4103,#4104,#4105,
#4106,#4107,#4108,#4109,#4110,#4111,#4112,#4113,#4114,#4115,#4116,#4117,
#4118,#4119,#4120,#4121,#4122,#4123,#4124,#4125,#4126,#4127,#4128,#4129,
#4130,#4131,#4132,#4133,#4134,#4135,#4136,#4137,#4138,#4139,#4140,#4141,
#4142,#4143,#4144,#4145,#4146,#4147,#4148,#4149,#4150,#4151,#4152,#4153,
#4154,#4155,#4156,#4157,#4158,#4159,#4160,#4161,#4162,#4163,#4164,#4165,
#4166,#4167,#4168,#4169,#4170,#4171,#4172,#4173,#4174,#4175,#4176,#4177,
#4178,#4179,#4180,#4181,#4182,#4183,#4184,#4185,#4186,#4187,#4188,#4189,
#4190,#4191,#4192,#4193,#4194,#4195,#4196,#4197,#4198,#4199,#4200,#4201,
#4202,#4203,#4204,#4205,#4206,#4207,#4208,#4209,#4210,#4211,#4212));
#4219=DERIVED_UNIT_ELEMENT(#4221,1.);
#4220=DERIVED_UNIT_ELEMENT(#7041,-3.);
#4221=(
MASS_UNIT()
NAMED_UNIT(*)
SI_UNIT($,.GRAM.)
);
#4222=DERIVED_UNIT((#4219,#4220));
#4223=MEASURE_REPRESENTATION_ITEM('density measure',
POSITIVE_RATIO_MEASURE(1.),#4222);
#4224=PROPERTY_DEFINITION_REPRESENTATION(#4229,#4226);
#4225=PROPERTY_DEFINITION_REPRESENTATION(#4230,#4227);
#4226=REPRESENTATION('material name',(#4228),#7036);
#4227=REPRESENTATION('density',(#4223),#7036);
#4228=DESCRIPTIVE_REPRESENTATION_ITEM('Generic','Generic');
#4229=PROPERTY_DEFINITION('material property','material name',#7049);
#4230=PROPERTY_DEFINITION('material property','density of part',#7049);
#4231=DATE_TIME_ROLE('creation_date');
#4232=APPLIED_DATE_AND_TIME_ASSIGNMENT(#4233,#4231,(#7049));
#4233=DATE_AND_TIME(#4234,#4235);
#4234=CALENDAR_DATE(2023,20,9);
#4235=LOCAL_TIME(10,28,17.,#4236);
#4236=COORDINATED_UNIVERSAL_TIME_OFFSET(0,0,.BEHIND.);
#4237=AXIS2_PLACEMENT_3D('placement',#5780,#4594,#4595);
#4238=AXIS2_PLACEMENT_3D('',#5781,#4596,#4597);
#4239=AXIS2_PLACEMENT_3D('',#5784,#4598,#4599);
#4240=AXIS2_PLACEMENT_3D('',#5785,#4600,#4601);
#4241=AXIS2_PLACEMENT_3D('',#5787,#4602,#4603);
#4242=AXIS2_PLACEMENT_3D('',#5834,#4604,#4605);
#4243=AXIS2_PLACEMENT_3D('',#5836,#4606,#4607);
#4244=AXIS2_PLACEMENT_3D('',#5838,#4608,#4609);
#4245=AXIS2_PLACEMENT_3D('',#5839,#4610,#4611);
#4246=AXIS2_PLACEMENT_3D('',#5840,#4612,#4613);
#4247=AXIS2_PLACEMENT_3D('',#5842,#4615,#4616);
#4248=AXIS2_PLACEMENT_3D('',#5843,#4617,#4618);
#4249=AXIS2_PLACEMENT_3D('',#5852,#4623,#4624);
#4250=AXIS2_PLACEMENT_3D('',#5856,#4626,#4627);
#4251=AXIS2_PLACEMENT_3D('',#5858,#4629,#4630);
#4252=AXIS2_PLACEMENT_3D('',#5862,#4632,#4633);
#4253=AXIS2_PLACEMENT_3D('',#5864,#4635,#4636);
#4254=AXIS2_PLACEMENT_3D('',#5866,#4638,#4639);
#4255=AXIS2_PLACEMENT_3D('',#5868,#4641,#4642);
#4256=AXIS2_PLACEMENT_3D('',#5869,#4643,#4644);
#4257=AXIS2_PLACEMENT_3D('',#5877,#4648,#4649);
#4258=AXIS2_PLACEMENT_3D('',#5878,#4650,#4651);
#4259=AXIS2_PLACEMENT_3D('',#5884,#4655,#4656);
#4260=AXIS2_PLACEMENT_3D('',#5888,#4658,#4659);
#4261=AXIS2_PLACEMENT_3D('',#5890,#4661,#4662);
#4262=AXIS2_PLACEMENT_3D('',#5892,#4664,#4665);
#4263=AXIS2_PLACEMENT_3D('',#5894,#4667,#4668);
#4264=AXIS2_PLACEMENT_3D('',#5895,#4669,#4670);
#4265=AXIS2_PLACEMENT_3D('',#5904,#4675,#4676);
#4266=AXIS2_PLACEMENT_3D('',#5909,#4679,#4680);
#4267=AXIS2_PLACEMENT_3D('',#5910,#4681,#4682);
#4268=AXIS2_PLACEMENT_3D('',#5914,#4685,#4686);
#4269=AXIS2_PLACEMENT_3D('',#5916,#4687,#4688);
#4270=AXIS2_PLACEMENT_3D('',#5918,#4690,#4691);
#4271=AXIS2_PLACEMENT_3D('',#5920,#4693,#4694);
#4272=AXIS2_PLACEMENT_3D('',#5921,#4695,#4696);
#4273=AXIS2_PLACEMENT_3D('',#5928,#4699,#4700);
#4274=AXIS2_PLACEMENT_3D('',#5930,#4702,#4703);
#4275=AXIS2_PLACEMENT_3D('',#5936,#4707,#4708);
#4276=AXIS2_PLACEMENT_3D('',#5938,#4709,#4710);
#4277=AXIS2_PLACEMENT_3D('',#5940,#4712,#4713);
#4278=AXIS2_PLACEMENT_3D('',#5944,#4716,#4717);
#4279=AXIS2_PLACEMENT_3D('',#5946,#4719,#4720);
#4280=AXIS2_PLACEMENT_3D('',#5947,#4721,#4722);
#4281=AXIS2_PLACEMENT_3D('',#5954,#4725,#4726);
#4282=AXIS2_PLACEMENT_3D('',#5960,#4729,#4730);
#4283=AXIS2_PLACEMENT_3D('',#5968,#4734,#4735);
#4284=AXIS2_PLACEMENT_3D('',#5974,#4738,#4739);
#4285=AXIS2_PLACEMENT_3D('',#5979,#4742,#4743);
#4286=AXIS2_PLACEMENT_3D('',#5980,#4744,#4745);
#4287=AXIS2_PLACEMENT_3D('',#5985,#4747,#4748);
#4288=AXIS2_PLACEMENT_3D('',#5991,#4751,#4752);
#4289=AXIS2_PLACEMENT_3D('',#5995,#4754,#4755);
#4290=AXIS2_PLACEMENT_3D('',#5997,#4757,#4758);
#4291=AXIS2_PLACEMENT_3D('',#6000,#4759,#4760);
#4292=AXIS2_PLACEMENT_3D('',#6004,#4762,#4763);
#4293=AXIS2_PLACEMENT_3D('',#6008,#4765,#4766);
#4294=AXIS2_PLACEMENT_3D('',#6012,#4768,#4769);
#4295=AXIS2_PLACEMENT_3D('',#6018,#4772,#4773);
#4296=AXIS2_PLACEMENT_3D('',#6026,#4777,#4778);
#4297=AXIS2_PLACEMENT_3D('',#6037,#4784,#4785);
#4298=AXIS2_PLACEMENT_3D('',#6038,#4786,#4787);
#4299=AXIS2_PLACEMENT_3D('',#6040,#4788,#4789);
#4300=AXIS2_PLACEMENT_3D('',#6041,#4790,#4791);
#4301=AXIS2_PLACEMENT_3D('',#6044,#4794,#4795);
#4302=AXIS2_PLACEMENT_3D('',#6047,#4798,#4799);
#4303=AXIS2_PLACEMENT_3D('',#6050,#4802,#4803);
#4304=AXIS2_PLACEMENT_3D('',#6052,#4805,#4806);
#4305=AXIS2_PLACEMENT_3D('',#6054,#4808,#4809);
#4306=AXIS2_PLACEMENT_3D('',#6056,#4811,#4812);
#4307=AXIS2_PLACEMENT_3D('',#6058,#4814,#4815);
#4308=AXIS2_PLACEMENT_3D('',#6060,#4817,#4818);
#4309=AXIS2_PLACEMENT_3D('',#6062,#4820,#4821);
#4310=AXIS2_PLACEMENT_3D('',#6064,#4823,#4824);
#4311=AXIS2_PLACEMENT_3D('',#6066,#4826,#4827);
#4312=AXIS2_PLACEMENT_3D('',#6068,#4829,#4830);
#4313=AXIS2_PLACEMENT_3D('',#6070,#4832,#4833);
#4314=AXIS2_PLACEMENT_3D('',#6072,#4835,#4836);
#4315=AXIS2_PLACEMENT_3D('',#6074,#4838,#4839);
#4316=AXIS2_PLACEMENT_3D('',#6075,#4840,#4841);
#4317=AXIS2_PLACEMENT_3D('',#6085,#4847,#4848);
#4318=AXIS2_PLACEMENT_3D('',#6095,#4852,#4853);
#4319=AXIS2_PLACEMENT_3D('',#6099,#4856,#4857);
#4320=AXIS2_PLACEMENT_3D('',#6102,#4858,#4859);
#4321=AXIS2_PLACEMENT_3D('',#6106,#4861,#4862);
#4322=AXIS2_PLACEMENT_3D('',#6108,#4864,#4865);
#4323=AXIS2_PLACEMENT_3D('',#6124,#4873,#4874);
#4324=AXIS2_PLACEMENT_3D('',#6130,#4878,#4879);
#4325=AXIS2_PLACEMENT_3D('',#6134,#4882,#4883);
#4326=AXIS2_PLACEMENT_3D('',#6138,#4885,#4886);
#4327=AXIS2_PLACEMENT_3D('',#6140,#4888,#4889);
#4328=AXIS2_PLACEMENT_3D('',#6144,#4892,#4893);
#4329=AXIS2_PLACEMENT_3D('',#6148,#4896,#4897);
#4330=AXIS2_PLACEMENT_3D('',#6152,#4900,#4901);
#4331=AXIS2_PLACEMENT_3D('',#6154,#4903,#4904);
#4332=AXIS2_PLACEMENT_3D('',#6158,#4907,#4908);
#4333=AXIS2_PLACEMENT_3D('',#6162,#4911,#4912);
#4334=AXIS2_PLACEMENT_3D('',#6165,#4913,#4914);
#4335=AXIS2_PLACEMENT_3D('',#6167,#4915,#4916);
#4336=AXIS2_PLACEMENT_3D('',#6168,#4917,#4918);
#4337=AXIS2_PLACEMENT_3D('',#6169,#4919,#4920);
#4338=AXIS2_PLACEMENT_3D('',#6172,#4921,#4922);
#4339=AXIS2_PLACEMENT_3D('',#6174,#4923,#4924);
#4340=AXIS2_PLACEMENT_3D('',#6175,#4925,#4926);
#4341=AXIS2_PLACEMENT_3D('',#6176,#4927,#4928);
#4342=AXIS2_PLACEMENT_3D('',#6179,#4929,#4930);
#4343=AXIS2_PLACEMENT_3D('',#6181,#4931,#4932);
#4344=AXIS2_PLACEMENT_3D('',#6182,#4933,#4934);
#4345=AXIS2_PLACEMENT_3D('',#6183,#4935,#4936);
#4346=AXIS2_PLACEMENT_3D('',#6186,#4937,#4938);
#4347=AXIS2_PLACEMENT_3D('',#6188,#4939,#4940);
#4348=AXIS2_PLACEMENT_3D('',#6189,#4941,#4942);
#4349=AXIS2_PLACEMENT_3D('',#6190,#4943,#4944);
#4350=AXIS2_PLACEMENT_3D('',#6193,#4945,#4946);
#4351=AXIS2_PLACEMENT_3D('',#6196,#4949,#4950);
#4352=AXIS2_PLACEMENT_3D('',#6199,#4953,#4954);
#4353=AXIS2_PLACEMENT_3D('',#6202,#4957,#4958);
#4354=AXIS2_PLACEMENT_3D('',#6205,#4959,#4960);
#4355=AXIS2_PLACEMENT_3D('',#6208,#4963,#4964);
#4356=AXIS2_PLACEMENT_3D('',#6211,#4967,#4968);
#4357=AXIS2_PLACEMENT_3D('',#6214,#4969,#4970);
#4358=AXIS2_PLACEMENT_3D('',#6217,#4973,#4974);
#4359=AXIS2_PLACEMENT_3D('',#6220,#4977,#4978);
#4360=AXIS2_PLACEMENT_3D('',#6223,#4979,#4980);
#4361=AXIS2_PLACEMENT_3D('',#6226,#4983,#4984);
#4362=AXIS2_PLACEMENT_3D('',#6228,#4986,#4987);
#4363=AXIS2_PLACEMENT_3D('',#6230,#4989,#4990);
#4364=AXIS2_PLACEMENT_3D('',#6236,#4994,#4995);
#4365=AXIS2_PLACEMENT_3D('',#6238,#4997,#4998);
#4366=AXIS2_PLACEMENT_3D('',#6240,#5000,#5001);
#4367=AXIS2_PLACEMENT_3D('',#6241,#5002,#5003);
#4368=AXIS2_PLACEMENT_3D('',#6243,#5005,#5006);
#4369=AXIS2_PLACEMENT_3D('',#6245,#5008,#5009);
#4370=AXIS2_PLACEMENT_3D('',#6248,#5010,#5011);
#4371=AXIS2_PLACEMENT_3D('',#6252,#5013,#5014);
#4372=AXIS2_PLACEMENT_3D('',#6254,#5016,#5017);
#4373=AXIS2_PLACEMENT_3D('',#6270,#5025,#5026);
#4374=AXIS2_PLACEMENT_3D('',#6276,#5030,#5031);
#4375=AXIS2_PLACEMENT_3D('',#6280,#5034,#5035);
#4376=AXIS2_PLACEMENT_3D('',#6284,#5037,#5038);
#4377=AXIS2_PLACEMENT_3D('',#6286,#5040,#5041);
#4378=AXIS2_PLACEMENT_3D('',#6290,#5044,#5045);
#4379=AXIS2_PLACEMENT_3D('',#6294,#5048,#5049);
#4380=AXIS2_PLACEMENT_3D('',#6298,#5052,#5053);
#4381=AXIS2_PLACEMENT_3D('',#6300,#5055,#5056);
#4382=AXIS2_PLACEMENT_3D('',#6304,#5059,#5060);
#4383=AXIS2_PLACEMENT_3D('',#6308,#5063,#5064);
#4384=AXIS2_PLACEMENT_3D('',#6311,#5065,#5066);
#4385=AXIS2_PLACEMENT_3D('',#6313,#5067,#5068);
#4386=AXIS2_PLACEMENT_3D('',#6314,#5069,#5070);
#4387=AXIS2_PLACEMENT_3D('',#6315,#5071,#5072);
#4388=AXIS2_PLACEMENT_3D('',#6318,#5073,#5074);
#4389=AXIS2_PLACEMENT_3D('',#6320,#5075,#5076);
#4390=AXIS2_PLACEMENT_3D('',#6321,#5077,#5078);
#4391=AXIS2_PLACEMENT_3D('',#6322,#5079,#5080);
#4392=AXIS2_PLACEMENT_3D('',#6325,#5081,#5082);
#4393=AXIS2_PLACEMENT_3D('',#6327,#5083,#5084);
#4394=AXIS2_PLACEMENT_3D('',#6328,#5085,#5086);
#4395=AXIS2_PLACEMENT_3D('',#6329,#5087,#5088);
#4396=AXIS2_PLACEMENT_3D('',#6332,#5089,#5090);
#4397=AXIS2_PLACEMENT_3D('',#6334,#5091,#5092);
#4398=AXIS2_PLACEMENT_3D('',#6335,#5093,#5094);
#4399=AXIS2_PLACEMENT_3D('',#6336,#5095,#5096);
#4400=AXIS2_PLACEMENT_3D('',#6339,#5099,#5100);
#4401=AXIS2_PLACEMENT_3D('',#6342,#5101,#5102);
#4402=AXIS2_PLACEMENT_3D('',#6344,#5103,#5104);
#4403=AXIS2_PLACEMENT_3D('',#6347,#5107,#5108);
#4404=AXIS2_PLACEMENT_3D('',#6350,#5111,#5112);
#4405=AXIS2_PLACEMENT_3D('',#6353,#5113,#5114);
#4406=AXIS2_PLACEMENT_3D('',#6355,#5115,#5116);
#4407=AXIS2_PLACEMENT_3D('',#6358,#5119,#5120);
#4408=AXIS2_PLACEMENT_3D('',#6361,#5123,#5124);
#4409=AXIS2_PLACEMENT_3D('',#6364,#5125,#5126);
#4410=AXIS2_PLACEMENT_3D('',#6366,#5127,#5128);
#4411=AXIS2_PLACEMENT_3D('',#6369,#5131,#5132);
#4412=AXIS2_PLACEMENT_3D('',#6372,#5135,#5136);
#4413=AXIS2_PLACEMENT_3D('',#6375,#5137,#5138);
#4414=AXIS2_PLACEMENT_3D('',#6377,#5139,#5140);
#4415=AXIS2_PLACEMENT_3D('',#6380,#5143,#5144);
#4416=AXIS2_PLACEMENT_3D('',#6386,#5148,#5149);
#4417=AXIS2_PLACEMENT_3D('',#6388,#5151,#5152);
#4418=AXIS2_PLACEMENT_3D('',#6394,#5156,#5157);
#4419=AXIS2_PLACEMENT_3D('',#6396,#5159,#5160);
#4420=AXIS2_PLACEMENT_3D('',#6398,#5162,#5163);
#4421=AXIS2_PLACEMENT_3D('',#6399,#5164,#5165);
#4422=AXIS2_PLACEMENT_3D('',#6401,#5167,#5168);
#4423=AXIS2_PLACEMENT_3D('',#6407,#5172,#5173);
#4424=AXIS2_PLACEMENT_3D('',#6410,#5174,#5175);
#4425=AXIS2_PLACEMENT_3D('',#6414,#5177,#5178);
#4426=AXIS2_PLACEMENT_3D('',#6416,#5180,#5181);
#4427=AXIS2_PLACEMENT_3D('',#6432,#5189,#5190);
#4428=AXIS2_PLACEMENT_3D('',#6438,#5194,#5195);
#4429=AXIS2_PLACEMENT_3D('',#6442,#5198,#5199);
#4430=AXIS2_PLACEMENT_3D('',#6446,#5201,#5202);
#4431=AXIS2_PLACEMENT_3D('',#6448,#5204,#5205);
#4432=AXIS2_PLACEMENT_3D('',#6452,#5208,#5209);
#4433=AXIS2_PLACEMENT_3D('',#6456,#5212,#5213);
#4434=AXIS2_PLACEMENT_3D('',#6460,#5216,#5217);
#4435=AXIS2_PLACEMENT_3D('',#6462,#5219,#5220);
#4436=AXIS2_PLACEMENT_3D('',#6466,#5223,#5224);
#4437=AXIS2_PLACEMENT_3D('',#6470,#5227,#5228);
#4438=AXIS2_PLACEMENT_3D('',#6473,#5229,#5230);
#4439=AXIS2_PLACEMENT_3D('',#6475,#5231,#5232);
#4440=AXIS2_PLACEMENT_3D('',#6476,#5233,#5234);
#4441=AXIS2_PLACEMENT_3D('',#6477,#5235,#5236);
#4442=AXIS2_PLACEMENT_3D('',#6480,#5237,#5238);
#4443=AXIS2_PLACEMENT_3D('',#6482,#5239,#5240);
#4444=AXIS2_PLACEMENT_3D('',#6483,#5241,#5242);
#4445=AXIS2_PLACEMENT_3D('',#6484,#5243,#5244);
#4446=AXIS2_PLACEMENT_3D('',#6487,#5245,#5246);
#4447=AXIS2_PLACEMENT_3D('',#6489,#5247,#5248);
#4448=AXIS2_PLACEMENT_3D('',#6490,#5249,#5250);
#4449=AXIS2_PLACEMENT_3D('',#6491,#5251,#5252);
#4450=AXIS2_PLACEMENT_3D('',#6494,#5253,#5254);
#4451=AXIS2_PLACEMENT_3D('',#6496,#5255,#5256);
#4452=AXIS2_PLACEMENT_3D('',#6497,#5257,#5258);
#4453=AXIS2_PLACEMENT_3D('',#6498,#5259,#5260);
#4454=AXIS2_PLACEMENT_3D('',#6501,#5263,#5264);
#4455=AXIS2_PLACEMENT_3D('',#6504,#5265,#5266);
#4456=AXIS2_PLACEMENT_3D('',#6507,#5269,#5270);
#4457=AXIS2_PLACEMENT_3D('',#6510,#5273,#5274);
#4458=AXIS2_PLACEMENT_3D('',#6513,#5275,#5276);
#4459=AXIS2_PLACEMENT_3D('',#6516,#5279,#5280);
#4460=AXIS2_PLACEMENT_3D('',#6519,#5283,#5284);
#4461=AXIS2_PLACEMENT_3D('',#6522,#5285,#5286);
#4462=AXIS2_PLACEMENT_3D('',#6525,#5289,#5290);
#4463=AXIS2_PLACEMENT_3D('',#6528,#5293,#5294);
#4464=AXIS2_PLACEMENT_3D('',#6531,#5295,#5296);
#4465=AXIS2_PLACEMENT_3D('',#6534,#5299,#5300);
#4466=AXIS2_PLACEMENT_3D('',#6536,#5302,#5303);
#4467=AXIS2_PLACEMENT_3D('',#6538,#5305,#5306);
#4468=AXIS2_PLACEMENT_3D('',#6544,#5310,#5311);
#4469=AXIS2_PLACEMENT_3D('',#6546,#5313,#5314);
#4470=AXIS2_PLACEMENT_3D('',#6548,#5316,#5317);
#4471=AXIS2_PLACEMENT_3D('',#6549,#5318,#5319);
#4472=AXIS2_PLACEMENT_3D('',#6551,#5321,#5322);
#4473=AXIS2_PLACEMENT_3D('',#6553,#5324,#5325);
#4474=AXIS2_PLACEMENT_3D('',#6555,#5326,#5327);
#4475=AXIS2_PLACEMENT_3D('',#6565,#5333,#5334);
#4476=AXIS2_PLACEMENT_3D('',#6576,#5340,#5341);
#4477=AXIS2_PLACEMENT_3D('',#6577,#5342,#5343);
#4478=AXIS2_PLACEMENT_3D('',#6579,#5344,#5345);
#4479=AXIS2_PLACEMENT_3D('',#6598,#5355,#5356);
#4480=AXIS2_PLACEMENT_3D('',#6599,#5357,#5358);
#4481=AXIS2_PLACEMENT_3D('',#6603,#5361,#5362);
#4482=AXIS2_PLACEMENT_3D('',#6617,#5370,#5371);
#4483=AXIS2_PLACEMENT_3D('',#6619,#5373,#5374);
#4484=AXIS2_PLACEMENT_3D('',#6621,#5376,#5377);
#4485=AXIS2_PLACEMENT_3D('',#6627,#5378,#5379);
#4486=AXIS2_PLACEMENT_3D('',#6628,#5380,#5381);
#4487=AXIS2_PLACEMENT_3D('',#6629,#5382,#5383);
#4488=AXIS2_PLACEMENT_3D('',#6632,#5385,#5386);
#4489=AXIS2_PLACEMENT_3D('',#6633,#5387,#5388);
#4490=AXIS2_PLACEMENT_3D('',#6635,#5390,#5391);
#4491=AXIS2_PLACEMENT_3D('',#6637,#5393,#5394);
#4492=AXIS2_PLACEMENT_3D('',#6638,#5395,#5396);
#4493=AXIS2_PLACEMENT_3D('',#6648,#5402,#5403);
#4494=AXIS2_PLACEMENT_3D('',#6657,#5407,#5408);
#4495=AXIS2_PLACEMENT_3D('',#6659,#5410,#5411);
#4496=AXIS2_PLACEMENT_3D('',#6666,#5415,#5416);
#4497=AXIS2_PLACEMENT_3D('',#6667,#5417,#5418);
#4498=AXIS2_PLACEMENT_3D('',#6674,#5422,#5423);
#4499=AXIS2_PLACEMENT_3D('',#6675,#5424,#5425);
#4500=AXIS2_PLACEMENT_3D('',#6683,#5429,#5430);
#4501=AXIS2_PLACEMENT_3D('',#6685,#5432,#5433);
#4502=AXIS2_PLACEMENT_3D('',#6690,#5436,#5437);
#4503=AXIS2_PLACEMENT_3D('',#6691,#5438,#5439);
#4504=AXIS2_PLACEMENT_3D('',#6696,#5442,#5443);
#4505=AXIS2_PLACEMENT_3D('',#6697,#5444,#5445);
#4506=AXIS2_PLACEMENT_3D('',#6700,#5447,#5448);
#4507=AXIS2_PLACEMENT_3D('',#6701,#5449,#5450);
#4508=AXIS2_PLACEMENT_3D('',#6707,#5454,#5455);
#4509=AXIS2_PLACEMENT_3D('',#6709,#5456,#5457);
#4510=AXIS2_PLACEMENT_3D('',#6711,#5459,#5460);
#4511=AXIS2_PLACEMENT_3D('',#6717,#5464,#5465);
#4512=AXIS2_PLACEMENT_3D('',#6721,#5467,#5468);
#4513=AXIS2_PLACEMENT_3D('',#6723,#5470,#5471);
#4514=AXIS2_PLACEMENT_3D('',#6725,#5473,#5474);
#4515=AXIS2_PLACEMENT_3D('',#6731,#5478,#5479);
#4516=AXIS2_PLACEMENT_3D('',#6734,#5480,#5481);
#4517=AXIS2_PLACEMENT_3D('',#6737,#5484,#5485);
#4518=AXIS2_PLACEMENT_3D('',#6740,#5488,#5489);
#4519=AXIS2_PLACEMENT_3D('',#6746,#5493,#5494);
#4520=AXIS2_PLACEMENT_3D('',#6752,#5498,#5499);
#4521=AXIS2_PLACEMENT_3D('',#6758,#5503,#5504);
#4522=AXIS2_PLACEMENT_3D('',#6761,#5507,#5508);
#4523=AXIS2_PLACEMENT_3D('',#6767,#5512,#5513);
#4524=AXIS2_PLACEMENT_3D('',#6770,#5516,#5517);
#4525=AXIS2_PLACEMENT_3D('',#6776,#5521,#5522);
#4526=AXIS2_PLACEMENT_3D('',#6780,#5524,#5525);
#4527=AXIS2_PLACEMENT_3D('',#6782,#5527,#5528);
#4528=AXIS2_PLACEMENT_3D('',#6791,#5533,#5534);
#4529=AXIS2_PLACEMENT_3D('',#6797,#5538,#5539);
#4530=AXIS2_PLACEMENT_3D('',#6803,#5543,#5544);
#4531=AXIS2_PLACEMENT_3D('',#6809,#5548,#5549);
#4532=AXIS2_PLACEMENT_3D('',#6815,#5553,#5554);
#4533=AXIS2_PLACEMENT_3D('',#6821,#5558,#5559);
#4534=AXIS2_PLACEMENT_3D('',#6827,#5563,#5564);
#4535=AXIS2_PLACEMENT_3D('',#6833,#5568,#5569);
#4536=AXIS2_PLACEMENT_3D('',#6839,#5573,#5574);
#4537=AXIS2_PLACEMENT_3D('',#6845,#5578,#5579);
#4538=AXIS2_PLACEMENT_3D('',#6851,#5583,#5584);
#4539=AXIS2_PLACEMENT_3D('',#6854,#5587,#5588);
#4540=AXIS2_PLACEMENT_3D('',#6863,#5593,#5594);
#4541=AXIS2_PLACEMENT_3D('',#6869,#5598,#5599);
#4542=AXIS2_PLACEMENT_3D('',#6875,#5603,#5604);
#4543=AXIS2_PLACEMENT_3D('',#6881,#5608,#5609);
#4544=AXIS2_PLACEMENT_3D('',#6887,#5613,#5614);
#4545=AXIS2_PLACEMENT_3D('',#6893,#5618,#5619);
#4546=AXIS2_PLACEMENT_3D('',#6899,#5623,#5624);
#4547=AXIS2_PLACEMENT_3D('',#6905,#5628,#5629);
#4548=AXIS2_PLACEMENT_3D('',#6911,#5633,#5634);
#4549=AXIS2_PLACEMENT_3D('',#6917,#5638,#5639);
#4550=AXIS2_PLACEMENT_3D('',#6923,#5643,#5644);
#4551=AXIS2_PLACEMENT_3D('',#6926,#5647,#5648);
#4552=AXIS2_PLACEMENT_3D('',#6927,#5649,#5650);
#4553=AXIS2_PLACEMENT_3D('',#6933,#5654,#5655);
#4554=AXIS2_PLACEMENT_3D('',#6937,#5658,#5659);
#4555=AXIS2_PLACEMENT_3D('',#6941,#5662,#5663);
#4556=AXIS2_PLACEMENT_3D('',#6943,#5665,#5666);
#4557=AXIS2_PLACEMENT_3D('',#6947,#5669,#5670);
#4558=AXIS2_PLACEMENT_3D('',#6953,#5674,#5675);
#4559=AXIS2_PLACEMENT_3D('',#6955,#5677,#5678);
#4560=AXIS2_PLACEMENT_3D('',#6958,#5680,#5681);
#4561=AXIS2_PLACEMENT_3D('',#6959,#5682,#5683);
#4562=AXIS2_PLACEMENT_3D('',#6960,#5684,#5685);
#4563=AXIS2_PLACEMENT_3D('',#6961,#5686,#5687);
#4564=AXIS2_PLACEMENT_3D('',#6962,#5688,#5689);
#4565=AXIS2_PLACEMENT_3D('',#6963,#5690,#5691);
#4566=AXIS2_PLACEMENT_3D('',#6965,#5692,#5693);
#4567=AXIS2_PLACEMENT_3D('',#6968,#5695,#5696);
#4568=AXIS2_PLACEMENT_3D('',#6969,#5697,#5698);
#4569=AXIS2_PLACEMENT_3D('',#6972,#5701,#5702);
#4570=AXIS2_PLACEMENT_3D('',#6976,#5705,#5706);
#4571=AXIS2_PLACEMENT_3D('',#6978,#5708,#5709);
#4572=AXIS2_PLACEMENT_3D('',#6980,#5711,#5712);
#4573=AXIS2_PLACEMENT_3D('',#6984,#5715,#5716);
#4574=AXIS2_PLACEMENT_3D('',#6986,#5718,#5719);
#4575=AXIS2_PLACEMENT_3D('',#6988,#5721,#5722);
#4576=AXIS2_PLACEMENT_3D('',#6989,#5723,#5724);
#4577=AXIS2_PLACEMENT_3D('',#6993,#5727,#5728);
#4578=AXIS2_PLACEMENT_3D('',#6995,#5730,#5731);
#4579=AXIS2_PLACEMENT_3D('',#6999,#5734,#5735);
#4580=AXIS2_PLACEMENT_3D('',#7003,#5738,#5739);
#4581=AXIS2_PLACEMENT_3D('',#7007,#5742,#5743);
#4582=AXIS2_PLACEMENT_3D('',#7011,#5746,#5747);
#4583=AXIS2_PLACEMENT_3D('',#7015,#5750,#5751);
#4584=AXIS2_PLACEMENT_3D('',#7017,#5753,#5754);
#4585=AXIS2_PLACEMENT_3D('',#7018,#5755,#5756);
#4586=AXIS2_PLACEMENT_3D('',#7021,#5759,#5760);
#4587=AXIS2_PLACEMENT_3D('',#7022,#5761,#5762);
#4588=AXIS2_PLACEMENT_3D('',#7024,#5764,#5765);
#4589=AXIS2_PLACEMENT_3D('',#7026,#5767,#5768);
#4590=AXIS2_PLACEMENT_3D('',#7028,#5770,#5771);
#4591=AXIS2_PLACEMENT_3D('',#7029,#5772,#5773);
#4592=AXIS2_PLACEMENT_3D('',#7031,#5775,#5776);
#4593=AXIS2_PLACEMENT_3D('',#7033,#5778,#5779);
#4594=DIRECTION('axis',(0.,0.,1.));
#4595=DIRECTION('refdir',(1.,0.,0.));
#4596=DIRECTION('center_axis',(-0.216439613938103,-1.32531040208993E-17,
0.976296007119933));
#4597=DIRECTION('ref_axis',(-0.976296007119933,-5.97808890069883E-17,-0.216439613938103));
#4598=DIRECTION('center_axis',(-0.216439613938103,-1.32531040208993E-17,
0.976296007119933));
#4599=DIRECTION('ref_axis',(0.976296007119933,5.97808890069883E-17,0.216439613938103));
#4600=DIRECTION('center_axis',(-0.216439613938103,-1.32531040208993E-17,
0.976296007119933));
#4601=DIRECTION('ref_axis',(0.976296007119933,5.97808890069883E-17,0.216439613938103));
#4602=DIRECTION('center_axis',(-1.80794117971344E-16,1.,-2.65062080417987E-17));
#4603=DIRECTION('ref_axis',(0.976296007119933,1.82245568921724E-16,0.216439613938104));
#4604=DIRECTION('center_axis',(0.216439613938103,1.32531040208993E-17,-0.976296007119933));
#4605=DIRECTION('ref_axis',(0.976296007119933,5.97808890069883E-17,0.216439613938103));
#4606=DIRECTION('center_axis',(-4.77456897095233E-13,1.,2.15423470032093E-12));
#4607=DIRECTION('ref_axis',(0.976296007118331,-1.22464679914736E-16,0.216439613945331));
#4608=DIRECTION('center_axis',(-0.216439613938103,-1.32531040208993E-17,
0.976296007119933));
#4609=DIRECTION('ref_axis',(0.976296007119933,1.21011206698107E-16,0.216439613938103));
#4610=DIRECTION('center_axis',(-0.216439613938103,-1.32531040208993E-17,
0.976296007119933));
#4611=DIRECTION('ref_axis',(0.976296007119933,1.21011206698107E-16,0.216439613938103));
#4612=DIRECTION('center_axis',(-0.216439613938103,-1.32531040208993E-17,
0.976296007119933));
#4613=DIRECTION('ref_axis',(0.976296007119933,5.97808890069883E-17,0.216439613938103));
#4614=DIRECTION('',(0.243953546137066,1.83999923813998E-17,-0.969786918517233));
#4615=DIRECTION('center_axis',(0.216439613938103,1.32531040208993E-17,-0.976296007119933));
#4616=DIRECTION('ref_axis',(0.976296007119933,5.97808890069883E-17,0.216439613938103));
#4617=DIRECTION('center_axis',(6.12303176911189E-17,-1.,-7.28492798310471E-17));
#4618=DIRECTION('ref_axis',(-1.,-6.12303176911189E-17,-7.49830360911069E-33));
#4619=DIRECTION('',(-3.74915180455534E-33,-2.29561756065155E-49,1.));
#4620=DIRECTION('',(1.,6.12303176911189E-17,7.49830360911069E-33));
#4621=DIRECTION('',(3.74915180455534E-33,2.29561756065155E-49,-1.));
#4622=DIRECTION('',(-1.,-1.463617296165E-15,-3.74915180455534E-33));
#4623=DIRECTION('center_axis',(1.58261361997237E-32,-3.80929589921391E-16,
1.));
#4624=DIRECTION('ref_axis',(6.12303176911189E-17,-1.,-3.80929589921391E-16));
#4625=DIRECTION('',(-0.20271265834639,-0.979238264237126,-3.73020830431183E-16));
#4626=DIRECTION('center_axis',(-1.58261361997237E-32,3.80929589921391E-16,
-1.));
#4627=DIRECTION('ref_axis',(0.979238264237122,-0.202712658346409,-7.72192498157727E-17));
#4628=DIRECTION('',(-0.202712658346436,0.979238264237117,3.7302083043118E-16));
#4629=DIRECTION('center_axis',(-3.74915180455534E-33,-2.29561756065155E-49,
1.));
#4630=DIRECTION('ref_axis',(0.979238264237122,-0.202712658346409,3.67131290545425E-33));
#4631=DIRECTION('',(-3.74915180455534E-33,-2.29561756065155E-49,1.));
#4632=DIRECTION('center_axis',(3.74915180455534E-33,2.29561756065155E-49,
-1.));
#4633=DIRECTION('ref_axis',(0.979238264237122,-0.202712658346409,3.67131290545425E-33));
#4634=DIRECTION('',(-3.74915180455534E-33,-2.29561756065155E-49,1.));
#4635=DIRECTION('center_axis',(-0.979238264237117,-0.202712658346436,-3.67131290545423E-33));
#4636=DIRECTION('ref_axis',(3.74915180455534E-33,1.96715482662786E-48,-1.));
#4637=DIRECTION('',(-0.202712658346436,0.979238264237117,-7.60000528845753E-34));
#4638=DIRECTION('center_axis',(0.979238264237126,-0.20271265834639,3.67131290545426E-33));
#4639=DIRECTION('ref_axis',(-3.74915180455534E-33,-4.27642353614751E-49,
1.));
#4640=DIRECTION('',(-0.20271265834639,-0.979238264237126,-7.60000528845578E-34));
#4641=DIRECTION('center_axis',(-3.74915180455534E-33,-2.29561756065155E-49,
1.));
#4642=DIRECTION('ref_axis',(-1.,-6.12303176911189E-17,-3.74915180455534E-33));
#4643=DIRECTION('center_axis',(-3.08227434179451E-32,3.80929589921391E-16,
1.));
#4644=DIRECTION('ref_axis',(6.12303176911189E-17,-1.,3.80929589921391E-16));
#4645=DIRECTION('',(0.20271265834639,-0.979238264237126,3.73020830431183E-16));
#4646=DIRECTION('',(1.,6.12303176911189E-17,7.49830360911069E-33));
#4647=DIRECTION('',(0.202712658346436,0.979238264237117,-3.7302083043118E-16));
#4648=DIRECTION('center_axis',(3.08227434179451E-32,-3.80929589921391E-16,
-1.));
#4649=DIRECTION('ref_axis',(-0.979238264237121,0.202712658346413,-7.72192498157742E-17));
#4650=DIRECTION('center_axis',(-6.12303176911189E-17,1.,-7.28492798310471E-17));
#4651=DIRECTION('ref_axis',(1.,6.12303176911189E-17,7.49830360911069E-33));
#4652=DIRECTION('',(3.74915180455534E-33,2.29561756065155E-49,-1.));
#4653=DIRECTION('',(1.,-7.35973411006652E-15,3.74915180455534E-33));
#4654=DIRECTION('',(-3.74915180455534E-33,-2.29561756065155E-49,1.));
#4655=DIRECTION('center_axis',(-3.74915180455534E-33,-2.29561756065155E-49,
1.));
#4656=DIRECTION('ref_axis',(-0.979238264237121,0.202712658346413,-3.67131290545424E-33));
#4657=DIRECTION('',(-3.74915180455534E-33,-2.29561756065155E-49,1.));
#4658=DIRECTION('center_axis',(3.74915180455534E-33,2.29561756065155E-49,
-1.));
#4659=DIRECTION('ref_axis',(-0.979238264237121,0.202712658346413,-3.67131290545424E-33));
#4660=DIRECTION('',(-3.74915180455534E-33,-2.29561756065155E-49,1.));
#4661=DIRECTION('center_axis',(0.979238264237126,0.20271265834639,3.67131290545426E-33));
#4662=DIRECTION('ref_axis',(-3.74915180455534E-33,-8.55284707229503E-50,
1.));
#4663=DIRECTION('',(0.20271265834639,-0.979238264237126,7.60000528845577E-34));
#4664=DIRECTION('center_axis',(-0.979238264237117,0.202712658346436,-3.67131290545423E-33));
#4665=DIRECTION('ref_axis',(3.74915180455534E-33,-1.45398400229015E-48,
-1.));
#4666=DIRECTION('',(0.202712658346436,0.979238264237117,7.60000528845753E-34));
#4667=DIRECTION('center_axis',(-3.74915180455534E-33,-2.29561756065155E-49,
1.));
#4668=DIRECTION('ref_axis',(-1.,-6.12303176911189E-17,-3.74915180455534E-33));
#4669=DIRECTION('center_axis',(-6.12303176911189E-17,1.,-7.28492798310471E-17));
#4670=DIRECTION('ref_axis',(1.,6.12303176911189E-17,7.49830360911069E-33));
#4671=DIRECTION('',(-3.74915180455534E-33,-2.29561756065155E-49,1.));
#4672=DIRECTION('',(1.,6.12303176911189E-17,7.49830360911069E-33));
#4673=DIRECTION('',(3.74915180455534E-33,2.29561756065155E-49,-1.));
#4674=DIRECTION('',(1.,-7.35973411006652E-15,3.74915180455534E-33));
#4675=DIRECTION('center_axis',(-3.08227434179451E-32,3.80929589921391E-16,
1.));
#4676=DIRECTION('ref_axis',(6.12303176911189E-17,-1.,3.80929589921391E-16));
#4677=DIRECTION('',(0.202712658346663,-0.97923826423707,3.73020830431162E-16));
#4678=DIRECTION('',(0.202712658346356,0.979238264237133,-3.73020830431186E-16));
#4679=DIRECTION('center_axis',(3.08227434179451E-32,-3.80929589921391E-16,
-1.));
#4680=DIRECTION('ref_axis',(0.979238264237078,-0.202712658346623,7.72192498158541E-17));
#4681=DIRECTION('center_axis',(-0.979238264237133,0.202712658346356,-3.67131290545429E-33));
#4682=DIRECTION('ref_axis',(3.74915180455534E-33,-1.11187011939835E-48,
-1.));
#4683=DIRECTION('',(0.202712658346356,0.979238264237133,7.6000052884545E-34));
#4684=DIRECTION('',(-3.74915180455534E-33,-2.29561756065155E-49,1.));
#4685=DIRECTION('center_axis',(-3.74915180455534E-33,-2.29561756065155E-49,
1.));
#4686=DIRECTION('ref_axis',(0.979238264237078,-0.202712658346623,3.67131290545408E-33));
#4687=DIRECTION('center_axis',(3.74915180455534E-33,2.29561756065155E-49,
-1.));
#4688=DIRECTION('ref_axis',(0.979238264237078,-0.202712658346623,3.67131290545408E-33));
#4689=DIRECTION('',(-3.74915180455534E-33,-2.29561756065155E-49,1.));
#4690=DIRECTION('center_axis',(0.97923826423707,0.202712658346663,3.67131290545405E-33));
#4691=DIRECTION('ref_axis',(-3.74915180455534E-33,-8.55284707229502E-50,
1.));
#4692=DIRECTION('',(0.202712658346663,-0.97923826423707,7.60000528846601E-34));
#4693=DIRECTION('center_axis',(-3.74915180455534E-33,-2.29561756065155E-49,
1.));
#4694=DIRECTION('ref_axis',(-1.,-6.12303176911189E-17,-3.74915180455534E-33));
#4695=DIRECTION('center_axis',(-3.74915180455534E-33,-2.29561756065155E-49,
1.));
#4696=DIRECTION('ref_axis',(-1.,-6.12303176911189E-17,-3.74915180455534E-33));
#4697=DIRECTION('',(-1.,-1.463617296165E-15,-3.74915180455534E-33));
#4698=DIRECTION('',(-0.202712658346356,0.979238264237133,-7.6000052884545E-34));
#4699=DIRECTION('center_axis',(3.74915180455534E-33,2.29561756065155E-49,
-1.));
#4700=DIRECTION('ref_axis',(-0.979238264237129,0.202712658346377,-3.67131290545427E-33));
#4701=DIRECTION('',(-0.202712658346663,-0.97923826423707,-7.60000528846602E-34));
#4702=DIRECTION('center_axis',(-0.979238264237133,-0.202712658346356,-3.67131290545429E-33));
#4703=DIRECTION('ref_axis',(3.74915180455534E-33,1.62504094373605E-48,-1.));
#4704=DIRECTION('',(-0.202712658346356,0.979238264237133,3.73020830431186E-16));
#4705=DIRECTION('',(-3.74915180455534E-33,-2.29561756065155E-49,1.));
#4706=DIRECTION('',(3.74915180455534E-33,2.29561756065155E-49,-1.));
#4707=DIRECTION('center_axis',(-3.74915180455534E-33,-2.29561756065155E-49,
1.));
#4708=DIRECTION('ref_axis',(-0.979238264237129,0.202712658346377,-3.67131290545427E-33));
#4709=DIRECTION('center_axis',(-1.58261361997237E-32,3.80929589921391E-16,
-1.));
#4710=DIRECTION('ref_axis',(-0.979238264237129,0.202712658346377,7.72192498157604E-17));
#4711=DIRECTION('',(-3.74915180455534E-33,-2.29561756065155E-49,1.));
#4712=DIRECTION('center_axis',(0.97923826423707,-0.202712658346663,3.67131290545405E-33));
#4713=DIRECTION('ref_axis',(-3.74915180455534E-33,-4.27642353614751E-49,
1.));
#4714=DIRECTION('',(-0.202712658346663,-0.97923826423707,-3.73020830431162E-16));
#4715=DIRECTION('',(-3.74915180455534E-33,-2.29561756065155E-49,1.));
#4716=DIRECTION('center_axis',(1.58261361997237E-32,-3.80929589921391E-16,
1.));
#4717=DIRECTION('ref_axis',(6.12303176911189E-17,-1.,-3.80929589921391E-16));
#4718=DIRECTION('',(1.,6.12303176911189E-17,7.49830360911069E-33));
#4719=DIRECTION('center_axis',(6.12303176911189E-17,-1.,-7.28492798310471E-17));
#4720=DIRECTION('ref_axis',(-1.,-6.12303176911189E-17,-7.49830360911069E-33));
#4721=DIRECTION('center_axis',(3.74915180455534E-33,2.29561756065155E-49,
-1.));
#4722=DIRECTION('ref_axis',(6.12303176911189E-17,-1.,1.89911354915196E-64));
#4723=DIRECTION('',(1.,6.12303176911189E-17,7.49830360911069E-33));
#4724=DIRECTION('',(-1.81529818888726E-16,-1.,-9.10144604132426E-49));
#4725=DIRECTION('center_axis',(-3.74915180455534E-33,-2.29561756065155E-49,
1.));
#4726=DIRECTION('ref_axis',(-0.707106781186547,0.707106781186547,-2.65105066469886E-33));
#4727=DIRECTION('',(-1.,-4.88239173316179E-16,-3.74915180455534E-33));
#4728=DIRECTION('',(6.12303176911189E-17,-1.,0.));
#4729=DIRECTION('center_axis',(-3.74915180455534E-33,-2.29561756065155E-49,
1.));
#4730=DIRECTION('ref_axis',(-1.,-6.12303176911189E-17,-3.74915180455534E-33));
#4731=DIRECTION('',(-6.12303176911189E-17,1.,0.));
#4732=DIRECTION('',(-1.,-6.12303176911189E-17,-3.74915180455534E-33));
#4733=DIRECTION('',(6.12303176911189E-17,-1.,0.));
#4734=DIRECTION('center_axis',(-3.74915180455534E-33,-2.29561756065155E-49,
1.));
#4735=DIRECTION('ref_axis',(-1.,-6.12303176911189E-17,-3.74915180455534E-33));
#4736=DIRECTION('',(-6.12303176911189E-17,1.,0.));
#4737=DIRECTION('',(-1.,2.07381396043418E-15,-3.74915180455534E-33));
#4738=DIRECTION('center_axis',(-3.74915180455534E-33,-2.29561756065155E-49,
1.));
#4739=DIRECTION('ref_axis',(0.707106781186546,0.707106781186549,2.65105066469886E-33));
#4740=DIRECTION('',(3.43369909941956E-16,1.,1.51690767355404E-48));
#4741=DIRECTION('',(1.,6.12303176911189E-17,7.49830360911069E-33));
#4742=DIRECTION('center_axis',(1.5906361434682E-31,2.59883666813003E-16,
1.));
#4743=DIRECTION('ref_axis',(0.986462476977251,0.163987138263666,-4.26175788021326E-17));
#4744=DIRECTION('center_axis',(3.74915180455534E-33,2.29561756065155E-49,
-1.));
#4745=DIRECTION('ref_axis',(6.12303176911189E-17,-1.,1.89911354915196E-64));
#4746=DIRECTION('',(1.,6.12303176911189E-17,7.49830360911069E-33));
#4747=DIRECTION('center_axis',(1.5906361434682E-31,2.59883666813003E-16,
1.));
#4748=DIRECTION('ref_axis',(0.986462476977251,0.163987138263666,-4.26175788021326E-17));
#4749=DIRECTION('',(1.,6.12303176911189E-17,7.49830360911069E-33));
#4750=DIRECTION('',(3.43369909941956E-16,1.,1.51690767355404E-48));
#4751=DIRECTION('center_axis',(-3.74915180455534E-33,-2.29561756065155E-49,
1.));
#4752=DIRECTION('ref_axis',(0.707106781186547,-0.707106781186547,2.65105066469886E-33));
#4753=DIRECTION('',(1.,-6.35138423791234E-17,3.74915180455534E-33));
#4754=DIRECTION('center_axis',(-3.74915180455534E-33,-2.29561756065155E-49,
1.));
#4755=DIRECTION('ref_axis',(-0.707106781186547,-0.707106781186547,-2.65105066469886E-33));
#4756=DIRECTION('',(-1.81529818888726E-16,-1.,-9.10144604132426E-49));
#4757=DIRECTION('center_axis',(3.74915180455534E-33,2.29561756065155E-49,
-1.));
#4758=DIRECTION('ref_axis',(6.12303176911189E-17,-1.,1.89911354915196E-64));
#4759=DIRECTION('center_axis',(3.74915180455534E-33,2.29561756065155E-49,
-1.));
#4760=DIRECTION('ref_axis',(-0.707106781186547,0.707106781186547,-2.65105066469886E-33));
#4761=DIRECTION('',(1.81529818888726E-16,1.,9.10144604132426E-49));
#4762=DIRECTION('center_axis',(3.74915180455534E-33,2.29561756065155E-49,
-1.));
#4763=DIRECTION('ref_axis',(-0.707106781186547,-0.707106781186547,-2.65105066469886E-33));
#4764=DIRECTION('',(-1.,6.35138423791234E-17,-3.74915180455534E-33));
#4765=DIRECTION('center_axis',(3.74915180455534E-33,2.29561756065155E-49,
-1.));
#4766=DIRECTION('ref_axis',(0.707106781186547,-0.707106781186547,2.65105066469886E-33));
#4767=DIRECTION('',(-3.43369909941956E-16,-1.,-1.51690767355404E-48));
#4768=DIRECTION('center_axis',(3.74915180455534E-33,2.29561756065155E-49,
-1.));
#4769=DIRECTION('ref_axis',(0.707106781186546,0.707106781186549,2.65105066469886E-33));
#4770=DIRECTION('',(1.,-2.07381396043418E-15,3.74915180455534E-33));
#4771=DIRECTION('',(6.12303176911189E-17,-1.,0.));
#4772=DIRECTION('center_axis',(3.74915180455534E-33,2.29561756065155E-49,
-1.));
#4773=DIRECTION('ref_axis',(-1.,-6.12303176911189E-17,-3.74915180455534E-33));
#4774=DIRECTION('',(-6.12303176911189E-17,1.,0.));
#4775=DIRECTION('',(1.,6.12303176911189E-17,3.74915180455534E-33));
#4776=DIRECTION('',(6.12303176911189E-17,-1.,0.));
#4777=DIRECTION('center_axis',(3.74915180455534E-33,2.29561756065155E-49,
-1.));
#4778=DIRECTION('ref_axis',(-1.,-6.12303176911189E-17,-3.74915180455534E-33));
#4779=DIRECTION('',(-6.12303176911189E-17,1.,0.));
#4780=DIRECTION('',(1.,4.88239173316179E-16,3.74915180455534E-33));
#4781=DIRECTION('',(1.,6.12323399573677E-17,3.74915180455534E-33));
#4782=DIRECTION('',(-2.23814023137924E-15,1.,-8.16156573125825E-48));
#4783=DIRECTION('',(-1.,7.20614860482884E-16,-3.74915180455534E-33));
#4784=DIRECTION('center_axis',(-3.74915180455534E-33,-2.29561756065155E-49,
1.));
#4785=DIRECTION('ref_axis',(0.986462476977251,0.163987138263666,3.69839757568539E-33));
#4786=DIRECTION('center_axis',(3.74915180455534E-33,2.29561756065155E-49,
-1.));
#4787=DIRECTION('ref_axis',(6.12303176911189E-17,-1.,1.89911354915196E-64));
#4788=DIRECTION('center_axis',(3.74915180455534E-33,2.29561756065155E-49,
-1.));
#4789=DIRECTION('ref_axis',(1.,6.12323399573676E-17,3.74915180455534E-33));
#4790=DIRECTION('center_axis',(3.74915180455534E-33,2.29561756065155E-49,
-1.));
#4791=DIRECTION('ref_axis',(-0.707106781186547,0.707106781186547,-2.65105066469886E-33));
#4792=DIRECTION('',(-3.74915180455534E-33,-2.29561756065155E-49,1.));
#4793=DIRECTION('',(3.74915180455534E-33,2.29561756065155E-49,-1.));
#4794=DIRECTION('center_axis',(-1.,1.81529818888726E-16,-3.74915180455534E-33));
#4795=DIRECTION('ref_axis',(1.81529818888726E-16,1.,9.10144604132426E-49));
#4796=DIRECTION('',(1.81529818888726E-16,1.,1.03953466725202E-16));
#4797=DIRECTION('',(3.74915180455534E-33,2.29561756065155E-49,-1.));
#4798=DIRECTION('center_axis',(3.74915180455534E-33,2.29561756065155E-49,
-1.));
#4799=DIRECTION('ref_axis',(0.707106781186546,0.707106781186549,2.65105066469886E-33));
#4800=DIRECTION('',(-3.74915180455534E-33,-2.29561756065155E-49,1.));
#4801=DIRECTION('',(3.74915180455534E-33,2.29561756065155E-49,-1.));
#4802=DIRECTION('center_axis',(2.07381396043418E-15,1.,8.00460510813903E-48));
#4803=DIRECTION('ref_axis',(1.,-2.07381396043418E-15,3.74915180455534E-33));
#4804=DIRECTION('',(3.74915180455534E-33,2.29561756065155E-49,-1.));
#4805=DIRECTION('center_axis',(3.74915180455534E-33,2.29561756065155E-49,
-1.));
#4806=DIRECTION('ref_axis',(-0.707106781186547,-0.707106781186547,-2.65105066469886E-33));
#4807=DIRECTION('',(-3.74915180455534E-33,-2.29561756065155E-49,1.));
#4808=DIRECTION('center_axis',(-6.35138423791234E-17,-1.,-4.6768479283509E-49));
#4809=DIRECTION('ref_axis',(-1.,6.35138423791234E-17,-3.74915180455534E-33));
#4810=DIRECTION('',(3.74915180455534E-33,2.29561756065155E-49,-1.));
#4811=DIRECTION('center_axis',(3.74915180455534E-33,2.29561756065155E-49,
-1.));
#4812=DIRECTION('ref_axis',(0.707106781186547,-0.707106781186547,2.65105066469886E-33));
#4813=DIRECTION('',(-3.74915180455534E-33,-2.29561756065155E-49,1.));
#4814=DIRECTION('center_axis',(1.,-3.43369909941956E-16,3.74915180455534E-33));
#4815=DIRECTION('ref_axis',(-3.43369909941956E-16,-1.,-1.51690767355404E-48));
#4816=DIRECTION('',(-3.43369909941956E-16,-1.,-1.03953466725202E-16));
#4817=DIRECTION('center_axis',(1.,6.12303176911189E-17,3.74915180455534E-33));
#4818=DIRECTION('ref_axis',(6.12303176911189E-17,-1.,0.));
#4819=DIRECTION('',(3.74915180455534E-33,2.29561756065155E-49,-1.));
#4820=DIRECTION('center_axis',(3.74915180455534E-33,2.29561756065155E-49,
-1.));
#4821=DIRECTION('ref_axis',(-1.,-6.12303176911189E-17,-3.74915180455534E-33));
#4822=DIRECTION('',(3.74915180455534E-33,2.29561756065155E-49,-1.));
#4823=DIRECTION('center_axis',(-1.,-6.12303176911189E-17,-3.74915180455534E-33));
#4824=DIRECTION('ref_axis',(-6.12303176911189E-17,1.,0.));
#4825=DIRECTION('',(3.74915180455534E-33,2.29561756065155E-49,-1.));
#4826=DIRECTION('center_axis',(-6.12303176911189E-17,1.,0.));
#4827=DIRECTION('ref_axis',(1.,6.12303176911189E-17,3.74915180455534E-33));
#4828=DIRECTION('',(3.74915180455534E-33,2.29561756065155E-49,-1.));
#4829=DIRECTION('center_axis',(1.,6.12303176911189E-17,3.74915180455534E-33));
#4830=DIRECTION('ref_axis',(6.12303176911189E-17,-1.,0.));
#4831=DIRECTION('',(3.74915180455534E-33,2.29561756065155E-49,-1.));
#4832=DIRECTION('center_axis',(3.74915180455534E-33,2.29561756065155E-49,
-1.));
#4833=DIRECTION('ref_axis',(-1.,-6.12303176911189E-17,-3.74915180455534E-33));
#4834=DIRECTION('',(3.74915180455534E-33,2.29561756065155E-49,-1.));
#4835=DIRECTION('center_axis',(-1.,-6.12303176911189E-17,-3.74915180455534E-33));
#4836=DIRECTION('ref_axis',(-6.12303176911189E-17,1.,0.));
#4837=DIRECTION('',(3.74915180455534E-33,2.29561756065155E-49,-1.));
#4838=DIRECTION('center_axis',(-4.88239173316179E-16,1.,-1.60092102162781E-48));
#4839=DIRECTION('ref_axis',(1.,4.88239173316179E-16,3.74915180455534E-33));
#4840=DIRECTION('center_axis',(-1.13319981643344E-33,-1.03953466725202E-16,
1.));
#4841=DIRECTION('ref_axis',(6.12303176911189E-17,-1.,-1.03953466725202E-16));
#4842=DIRECTION('',(1.,6.12303176911189E-17,7.49830360911069E-33));
#4843=DIRECTION('',(-1.,-6.12303176911189E-17,-7.49830360911069E-33));
#4844=DIRECTION('',(6.12303176911189E-17,-1.,6.88685268195466E-49));
#4845=DIRECTION('',(-1.,-6.12303176911189E-17,-7.49830360911069E-33));
#4846=DIRECTION('',(1.,6.12303176911189E-17,7.49830360911069E-33));
#4847=DIRECTION('center_axis',(7.20614860482884E-16,1.,-2.63873430148585E-16));
#4848=DIRECTION('ref_axis',(1.99069870372295E-32,-2.63873430148585E-16,
-1.));
#4849=DIRECTION('',(-1.99069870372295E-32,2.63873430148585E-16,1.));
#4850=DIRECTION('',(1.,-7.20614860482884E-16,2.4709981666248E-32));
#4851=DIRECTION('',(-1.99069870372295E-32,2.63873430148585E-16,1.));
#4852=DIRECTION('center_axis',(1.,2.23814023137924E-15,-5.70678752970359E-31));
#4853=DIRECTION('ref_axis',(5.70678752970359E-31,3.49439954083277E-47,1.));
#4854=DIRECTION('',(-1.99069870372295E-32,2.63873430148585E-16,1.));
#4855=DIRECTION('',(2.23814023137924E-15,-1.,2.59883666813003E-16));
#4856=DIRECTION('center_axis',(1.,6.12303176911189E-17,3.74915180455534E-33));
#4857=DIRECTION('ref_axis',(4.32963728535968E-17,-0.707106781186548,-0.707106781186547));
#4858=DIRECTION('center_axis',(-1.,2.1222362926089E-16,-3.74915180455534E-33));
#4859=DIRECTION('ref_axis',(-1.50064767378395E-16,-0.707106781186548,-0.707106781186547));
#4860=DIRECTION('',(-1.,-6.12303176911189E-17,-3.74915180455534E-33));
#4861=DIRECTION('center_axis',(1.,6.12303176911189E-17,3.74915180455534E-33));
#4862=DIRECTION('ref_axis',(4.32963728535968E-17,-0.707106781186548,-0.707106781186547));
#4863=DIRECTION('',(1.,6.12303176911189E-17,3.74915180455534E-33));
#4864=DIRECTION('center_axis',(-1.,-6.12303176911189E-17,-3.74915180455534E-33));
#4865=DIRECTION('ref_axis',(-3.74915180455534E-33,-2.29561756065155E-49,
1.));
#4866=DIRECTION('',(-1.34053035809464E-32,1.5770213417971E-16,1.));
#4867=DIRECTION('',(6.12303176911189E-17,-1.,0.));
#4868=DIRECTION('',(3.74915180455534E-33,2.29561756065155E-49,-1.));
#4869=DIRECTION('',(-6.12303176911189E-17,1.,0.));
#4870=DIRECTION('',(3.74915180455534E-33,2.29561756065155E-49,-1.));
#4871=DIRECTION('',(6.12303176911189E-17,-1.,0.));
#4872=DIRECTION('',(6.57740683244397E-32,-1.01297721224923E-15,-1.));
#4873=DIRECTION('center_axis',(-1.,-6.12303176911189E-17,-3.74915180455534E-33));
#4874=DIRECTION('ref_axis',(4.32963728535968E-17,-0.707106781186548,-0.707106781186547));
#4875=DIRECTION('',(-6.12303176911189E-17,1.,-4.18776497134384E-16));
#4876=DIRECTION('',(3.74915180455534E-33,2.29561756065155E-49,-1.));
#4877=DIRECTION('',(6.12303176911189E-17,-1.,3.06903393123747E-16));
#4878=DIRECTION('center_axis',(6.12303176911189E-17,-1.,1.5770213417971E-16));
#4879=DIRECTION('ref_axis',(-1.34053035809464E-32,1.5770213417971E-16,1.));
#4880=DIRECTION('',(-1.34053035809464E-32,1.5770213417971E-16,1.));
#4881=DIRECTION('',(1.,6.12303176911189E-17,3.74915180455534E-33));
#4882=DIRECTION('center_axis',(1.,6.12303176911189E-17,3.74915180455534E-33));
#4883=DIRECTION('ref_axis',(4.32963728535968E-17,-0.707106781186548,-0.707106781186547));
#4884=DIRECTION('',(1.,6.12303176911189E-17,3.74915180455534E-33));
#4885=DIRECTION('center_axis',(1.,-2.1222362926089E-16,3.74915180455534E-33));
#4886=DIRECTION('ref_axis',(-1.50064767378395E-16,-0.707106781186548,-0.707106781186547));
#4887=DIRECTION('',(-1.,-6.12303176911189E-17,-3.74915180455534E-33));
#4888=DIRECTION('center_axis',(-6.12303176911189E-17,1.,-1.01297721224923E-15));
#4889=DIRECTION('ref_axis',(6.57740683244397E-32,-1.01297721224923E-15,
-1.));
#4890=DIRECTION('',(-1.,-6.12303176911189E-17,-3.74915180455534E-33));
#4891=DIRECTION('',(6.57740683244397E-32,-1.01297721224923E-15,-1.));
#4892=DIRECTION('center_axis',(-2.93909697656676E-32,4.18776497134384E-16,
1.));
#4893=DIRECTION('ref_axis',(1.,6.12303176911189E-17,3.74915180455533E-33));
#4894=DIRECTION('',(-6.12303176911189E-17,1.,-4.18776497134384E-16));
#4895=DIRECTION('',(1.,6.12303176911189E-17,3.74915180455534E-33));
#4896=DIRECTION('center_axis',(-6.12303176911189E-17,1.,0.));
#4897=DIRECTION('ref_axis',(3.74915180455534E-33,2.29561756065155E-49,-1.));
#4898=DIRECTION('',(3.74915180455534E-33,2.29561756065155E-49,-1.));
#4899=DIRECTION('',(1.,6.12303176911189E-17,3.74915180455534E-33));
#4900=DIRECTION('center_axis',(2.25409440660047E-32,-3.06903393123747E-16,
-1.));
#4901=DIRECTION('ref_axis',(-1.,-6.12303176911189E-17,-3.74915180455532E-33));
#4902=DIRECTION('',(6.12303176911189E-17,-1.,3.06903393123747E-16));
#4903=DIRECTION('center_axis',(3.74915180455534E-33,2.29561756065155E-49,
-1.));
#4904=DIRECTION('ref_axis',(-1.,-6.12303176911189E-17,-3.74915180455534E-33));
#4905=DIRECTION('',(2.1222362926089E-16,1.,1.02522035867791E-48));
#4906=DIRECTION('',(1.,6.12303176911189E-17,3.74915180455534E-33));
#4907=DIRECTION('center_axis',(3.74915180455534E-33,2.29561756065155E-49,
-1.));
#4908=DIRECTION('ref_axis',(-1.,-6.12303176911189E-17,-3.74915180455534E-33));
#4909=DIRECTION('',(-1.,3.03974624619788E-16,-3.74915180455534E-33));
#4910=DIRECTION('',(2.1222362926089E-16,1.,1.02522035867791E-48));
#4911=DIRECTION('center_axis',(0.,0.,-1.));
#4912=DIRECTION('ref_axis',(-1.,0.,0.));
#4913=DIRECTION('center_axis',(-0.577350269189625,0.577350269189627,-0.577350269189625));
#4914=DIRECTION('ref_axis',(0.408248290463863,-0.408248290463862,-0.816496580927727));
#4915=DIRECTION('center_axis',(1.,-1.9013852556636E-15,3.74915180455534E-33));
#4916=DIRECTION('ref_axis',(3.74915180455534E-33,2.29561756065155E-49,-1.));
#4917=DIRECTION('center_axis',(-2.85714377504242E-16,-1.,-3.46944695195361E-16));
#4918=DIRECTION('ref_axis',(0.707106781186548,4.32963728535966E-17,-0.707106781186547));
#4919=DIRECTION('center_axis',(0.,0.,-1.));
#4920=DIRECTION('ref_axis',(-1.,0.,0.));
#4921=DIRECTION('center_axis',(0.577350269189626,0.577350269189626,-0.577350269189625));
#4922=DIRECTION('ref_axis',(-0.408248290463863,-0.408248290463862,-0.816496580927727));
#4923=DIRECTION('center_axis',(1.53319199770716E-15,-1.,5.51860778886845E-48));
#4924=DIRECTION('ref_axis',(3.74915180455534E-33,2.29561756065156E-49,-1.));
#4925=DIRECTION('center_axis',(-1.,2.71432724387177E-15,-2.77555756156289E-15));
#4926=DIRECTION('ref_axis',(1.52555275618797E-15,-0.38268343236509,-0.923879532511287));
#4927=DIRECTION('center_axis',(0.,0.,-1.));
#4928=DIRECTION('ref_axis',(-1.,0.,0.));
#4929=DIRECTION('center_axis',(-7.55119708081842E-16,1.,-6.93889390390723E-16));
#4930=DIRECTION('ref_axis',(0.38268343236509,-3.52098403873439E-16,-0.923879532511287));
#4931=DIRECTION('center_axis',(1.,6.12303176911189E-17,3.74915180455534E-33));
#4932=DIRECTION('ref_axis',(-4.32963728535968E-17,0.707106781186548,-0.707106781186548));
#4933=DIRECTION('center_axis',(-0.577350269189625,-0.577350269189626,-0.577350269189626));
#4934=DIRECTION('ref_axis',(0.408248290463863,0.408248290463863,-0.816496580927726));
#4935=DIRECTION('center_axis',(0.,0.,-1.));
#4936=DIRECTION('ref_axis',(-1.,0.,0.));
#4937=DIRECTION('center_axis',(1.32654846309033E-15,1.,-1.38777878078145E-15));
#4938=DIRECTION('ref_axis',(-0.382683432365089,-7.74492292163409E-16,-0.923879532511287));
#4939=DIRECTION('center_axis',(0.577350269189622,-0.577350269189628,-0.577350269189627));
#4940=DIRECTION('ref_axis',(1.66533453693773E-16,0.707106781186547,-0.707106781186548));
#4941=DIRECTION('center_axis',(-1.,2.71432724387177E-15,2.77555756156289E-15));
#4942=DIRECTION('ref_axis',(-1.52555275618797E-15,0.382683432365089,-0.923879532511287));
#4943=DIRECTION('center_axis',(0.577350269189626,-0.577350269189626,-0.577350269189626));
#4944=DIRECTION('ref_axis',(-0.408248290463863,0.408248290463863,-0.816496580927726));
#4945=DIRECTION('center_axis',(-3.74915180455534E-33,-2.29561756065155E-49,
1.));
#4946=DIRECTION('ref_axis',(-0.707106781186547,0.707106781186548,-2.65105066469886E-33));
#4947=DIRECTION('',(0.577350269189626,-0.577350269189626,-0.577350269189626));
#4948=DIRECTION('',(-0.577350269189626,0.577350269189626,0.577350269189626));
#4949=DIRECTION('center_axis',(-1.,1.14437882407798E-16,-3.74915180455534E-33));
#4950=DIRECTION('ref_axis',(4.37934816324087E-17,0.38268343236509,-0.923879532511287));
#4951=DIRECTION('',(1.,-1.14437882407798E-16,3.74915180455534E-33));
#4952=DIRECTION('',(-1.,1.14437882407798E-16,-3.74915180455534E-33));
#4953=DIRECTION('center_axis',(-1.89384360553837E-16,-1.,-9.39592473190135E-49));
#4954=DIRECTION('ref_axis',(-0.382683432365089,7.24742571330099E-17,-0.923879532511287));
#4955=DIRECTION('',(1.89384360553837E-16,1.,1.74315279842105E-32));
#4956=DIRECTION('',(-1.89384360553837E-16,-1.,-9.39592473190135E-49));
#4957=DIRECTION('center_axis',(-0.577350269189626,-0.577350269189626,-0.577350269189626));
#4958=DIRECTION('ref_axis',(0.408248290463863,0.408248290463863,-0.816496580927726));
#4959=DIRECTION('center_axis',(-3.74915180455534E-33,-2.29561756065155E-49,
1.));
#4960=DIRECTION('ref_axis',(0.707106781186548,0.707106781186547,2.65105066469886E-33));
#4961=DIRECTION('',(-0.577350269189626,-0.577350269189626,-0.577350269189626));
#4962=DIRECTION('',(0.577350269189626,0.577350269189626,0.577350269189626));
#4963=DIRECTION('center_axis',(6.40770214313593E-17,1.,4.69796236595067E-49));
#4964=DIRECTION('ref_axis',(0.38268343236509,-2.4521214497084E-17,-0.923879532511287));
#4965=DIRECTION('',(-6.40770214313593E-17,-1.,8.71576399210525E-33));
#4966=DIRECTION('',(6.40770214313593E-17,1.,4.69796236595067E-49));
#4967=DIRECTION('center_axis',(0.577350269189626,0.577350269189626,-0.577350269189626));
#4968=DIRECTION('ref_axis',(-0.408248290463863,-0.408248290463863,-0.816496580927726));
#4969=DIRECTION('center_axis',(-3.74915180455534E-33,-2.29561756065155E-49,
1.));
#4970=DIRECTION('ref_axis',(-0.707106781186547,-0.707106781186548,-2.65105066469886E-33));
#4971=DIRECTION('',(0.577350269189626,0.577350269189626,-0.577350269189626));
#4972=DIRECTION('',(-0.577350269189626,-0.577350269189626,0.577350269189626));
#4973=DIRECTION('center_axis',(1.,-1.14437882407798E-16,3.74915180455534E-33));
#4974=DIRECTION('ref_axis',(-4.37934816324087E-17,-0.38268343236509,-0.923879532511287));
#4975=DIRECTION('',(-1.,1.14437882407798E-16,-3.74915180455534E-33));
#4976=DIRECTION('',(1.,-1.14437882407798E-16,3.74915180455534E-33));
#4977=DIRECTION('center_axis',(-0.577350269189626,0.577350269189626,-0.577350269189626));
#4978=DIRECTION('ref_axis',(0.408248290463863,-0.408248290463863,-0.816496580927726));
#4979=DIRECTION('center_axis',(-3.74915180455534E-33,-2.29561756065155E-49,
1.));
#4980=DIRECTION('ref_axis',(0.707106781186547,-0.707106781186548,2.65105066469886E-33));
#4981=DIRECTION('',(-0.577350269189626,0.577350269189626,-0.577350269189626));
#4982=DIRECTION('',(0.577350269189626,-0.577350269189626,0.577350269189626));
#4983=DIRECTION('center_axis',(-0.707106781186548,1.33914965598297E-16,
-0.707106781186547));
#4984=DIRECTION('ref_axis',(-0.707106781186547,1.33914965598297E-16,0.707106781186548));
#4985=DIRECTION('',(-1.89384360553837E-16,-1.,-9.39592473190135E-49));
#4986=DIRECTION('center_axis',(-8.09198026751829E-17,-0.707106781186548,
-0.707106781186547));
#4987=DIRECTION('ref_axis',(-8.09198026751829E-17,-0.707106781186547,0.707106781186548));
#4988=DIRECTION('',(1.,-1.14437882407798E-16,3.74915180455534E-33));
#4989=DIRECTION('center_axis',(3.74915180455534E-33,2.29561756065155E-49,
-1.));
#4990=DIRECTION('ref_axis',(-1.,-6.12303176911189E-17,-3.74915180455534E-33));
#4991=DIRECTION('',(1.,-3.03974624619788E-16,3.74915180455534E-33));
#4992=DIRECTION('',(-1.,-6.12303176911189E-17,-3.74915180455534E-33));
#4993=DIRECTION('',(-2.1222362926089E-16,-1.,-1.02522035867791E-48));
#4994=DIRECTION('center_axis',(3.03974624619788E-16,1.,1.36920876849747E-48));
#4995=DIRECTION('ref_axis',(3.74915180455534E-33,2.2956175606516E-49,-1.));
#4996=DIRECTION('',(3.74915180455534E-33,2.29561756065155E-49,-1.));
#4997=DIRECTION('center_axis',(1.,-2.1222362926089E-16,3.74915180455534E-33));
#4998=DIRECTION('ref_axis',(3.74915180455534E-33,2.29561756065155E-49,-1.));
#4999=DIRECTION('',(3.74915180455534E-33,2.29561756065155E-49,-1.));
#5000=DIRECTION('center_axis',(6.12303176911189E-17,-1.,0.));
#5001=DIRECTION('ref_axis',(-3.74915180455534E-33,-2.29561756065155E-49,
1.));
#5002=DIRECTION('center_axis',(0.707106781186548,-4.53092963723499E-17,
-0.707106781186547));
#5003=DIRECTION('ref_axis',(-0.707106781186547,4.53092963723499E-17,-0.707106781186548));
#5004=DIRECTION('',(6.40770214313593E-17,1.,4.69796236595068E-49));
#5005=DIRECTION('center_axis',(8.09198026751829E-17,0.707106781186548,-0.707106781186547));
#5006=DIRECTION('ref_axis',(-8.09198026751829E-17,-0.707106781186547,-0.707106781186548));
#5007=DIRECTION('',(-1.,1.14437882407798E-16,-3.74915180455534E-33));
#5008=DIRECTION('center_axis',(1.,6.12303176911189E-17,3.74915180455534E-33));
#5009=DIRECTION('ref_axis',(4.32963728535968E-17,-0.707106781186548,-0.707106781186547));
#5010=DIRECTION('center_axis',(-1.,2.80587115998892E-16,-3.74915180455534E-33));
#5011=DIRECTION('ref_axis',(-1.98405052436393E-16,-0.707106781186548,-0.707106781186547));
#5012=DIRECTION('',(-1.,-6.12303176911189E-17,-3.74915180455534E-33));
#5013=DIRECTION('center_axis',(1.,-1.43860142522888E-16,3.74915180455534E-33));
#5014=DIRECTION('ref_axis',(-1.01724482320397E-16,-0.707106781186548,-0.707106781186547));
#5015=DIRECTION('',(1.,6.12303176911189E-17,3.74915180455534E-33));
#5016=DIRECTION('center_axis',(-1.,1.43860142522888E-16,-3.74915180455534E-33));
#5017=DIRECTION('ref_axis',(-3.74915180455534E-33,-2.29561756065155E-49,
1.));
#5018=DIRECTION('',(-1.34053035809464E-32,1.5770213417971E-16,1.));
#5019=DIRECTION('',(-1.43860142522888E-16,-1.,-7.68915269008429E-49));
#5020=DIRECTION('',(3.74915180455534E-33,2.29561756065155E-49,-1.));
#5021=DIRECTION('',(1.43860142522888E-16,1.,7.68915269008429E-49));
#5022=DIRECTION('',(3.74915180455534E-33,2.29561756065155E-49,-1.));
#5023=DIRECTION('',(-1.43860142522888E-16,-1.,-7.68915269008429E-49));
#5024=DIRECTION('',(6.57740683244397E-32,-1.01297721224923E-15,-1.));
#5025=DIRECTION('center_axis',(-1.,1.43860142522888E-16,-3.74915180455534E-33));
#5026=DIRECTION('ref_axis',(-1.01724482320397E-16,-0.707106781186548,-0.707106781186547));
#5027=DIRECTION('',(-6.12303176911189E-17,1.,-4.18776497134384E-16));
#5028=DIRECTION('',(3.74915180455534E-33,2.29561756065155E-49,-1.));
#5029=DIRECTION('',(6.12303176911189E-17,-1.,3.06903393123747E-16));
#5030=DIRECTION('center_axis',(6.12303176911189E-17,-1.,1.5770213417971E-16));
#5031=DIRECTION('ref_axis',(-1.34053035809464E-32,1.5770213417971E-16,1.));
#5032=DIRECTION('',(-1.34053035809464E-32,1.5770213417971E-16,1.));
#5033=DIRECTION('',(1.,6.12303176911189E-17,3.74915180455534E-33));
#5034=DIRECTION('center_axis',(1.,6.12303176911189E-17,3.74915180455534E-33));
#5035=DIRECTION('ref_axis',(4.32963728535968E-17,-0.707106781186548,-0.707106781186547));
#5036=DIRECTION('',(1.,6.12303176911189E-17,3.74915180455534E-33));
#5037=DIRECTION('center_axis',(1.,-2.80587115998892E-16,3.74915180455534E-33));
#5038=DIRECTION('ref_axis',(-1.98405052436393E-16,-0.707106781186548,-0.707106781186547));
#5039=DIRECTION('',(-1.,-6.12303176911189E-17,-3.74915180455534E-33));
#5040=DIRECTION('center_axis',(-6.12303176911189E-17,1.,-1.01297721224923E-15));
#5041=DIRECTION('ref_axis',(6.57740683244397E-32,-1.01297721224923E-15,
-1.));
#5042=DIRECTION('',(-1.,-6.12303176911189E-17,-3.74915180455534E-33));
#5043=DIRECTION('',(6.57740683244397E-32,-1.01297721224923E-15,-1.));
#5044=DIRECTION('center_axis',(-2.93909697656676E-32,4.18776497134384E-16,
1.));
#5045=DIRECTION('ref_axis',(1.,6.12303176911189E-17,3.74915180455533E-33));
#5046=DIRECTION('',(-6.12303176911189E-17,1.,-4.18776497134384E-16));
#5047=DIRECTION('',(1.,6.12303176911189E-17,3.74915180455534E-33));
#5048=DIRECTION('center_axis',(-6.12303176911189E-17,1.,0.));
#5049=DIRECTION('ref_axis',(3.74915180455534E-33,2.29561756065155E-49,-1.));
#5050=DIRECTION('',(3.74915180455534E-33,2.29561756065155E-49,-1.));
#5051=DIRECTION('',(1.,6.12303176911189E-17,3.74915180455534E-33));
#5052=DIRECTION('center_axis',(2.25409440660047E-32,-3.06903393123747E-16,
-1.));
#5053=DIRECTION('ref_axis',(-1.,-6.12303176911189E-17,-3.74915180455532E-33));
#5054=DIRECTION('',(6.12303176911189E-17,-1.,3.06903393123747E-16));
#5055=DIRECTION('center_axis',(3.74915180455534E-33,2.29561756065155E-49,
-1.));
#5056=DIRECTION('ref_axis',(-1.,-6.12303176911189E-17,-3.74915180455534E-33));
#5057=DIRECTION('',(2.80587115998892E-16,1.,1.28152544834738E-48));
#5058=DIRECTION('',(1.,6.12303176911189E-17,3.74915180455534E-33));
#5059=DIRECTION('center_axis',(3.74915180455534E-33,2.29561756065155E-49,
-1.));
#5060=DIRECTION('ref_axis',(-1.,-6.12303176911189E-17,-3.74915180455534E-33));
#5061=DIRECTION('',(-1.,1.21372153464334E-16,-3.74915180455534E-33));
#5062=DIRECTION('',(2.80587115998892E-16,1.,1.28152544834738E-48));
#5063=DIRECTION('center_axis',(0.,0.,-1.));
#5064=DIRECTION('ref_axis',(-1.,0.,0.));
#5065=DIRECTION('center_axis',(0.577350269189625,-0.577350269189627,-0.577350269189626));
#5066=DIRECTION('ref_axis',(-0.408248290463863,0.408248290463863,-0.816496580927726));
#5067=DIRECTION('center_axis',(-1.,4.29423575647561E-16,-3.74915180455534E-33));
#5068=DIRECTION('ref_axis',(3.74915180455534E-33,2.29561756065155E-49,-1.));
#5069=DIRECTION('center_axis',(6.32659072699604E-16,1.,-6.93889390390723E-16));
#5070=DIRECTION('ref_axis',(-0.38268343236509,-3.98962060151123E-16,-0.923879532511287));
#5071=DIRECTION('center_axis',(0.,0.,-1.));
#5072=DIRECTION('ref_axis',(-1.,0.,0.));
#5073=DIRECTION('center_axis',(7.55119708081841E-16,-1.,-6.93889390390723E-16));
#5074=DIRECTION('ref_axis',(-0.38268343236509,3.52098403873439E-16,-0.923879532511287));
#5075=DIRECTION('center_axis',(-1.,2.85714377504242E-16,-3.46944695195361E-16));
#5076=DIRECTION('ref_axis',(4.32963728535969E-17,-0.707106781186548,-0.707106781186548));
#5077=DIRECTION('center_axis',(0.577350269189625,0.577350269189626,-0.577350269189626));
#5078=DIRECTION('ref_axis',(-0.408248290463863,-0.408248290463863,-0.816496580927726));
#5079=DIRECTION('center_axis',(0.,0.,-1.));
#5080=DIRECTION('ref_axis',(-1.,0.,0.));
#5081=DIRECTION('center_axis',(-0.577350269189626,-0.577350269189626,-0.577350269189626));
#5082=DIRECTION('ref_axis',(0.408248290463863,0.408248290463863,-0.816496580927726));
#5083=DIRECTION('center_axis',(-6.12303176911189E-17,1.,0.));
#5084=DIRECTION('ref_axis',(3.74915180455534E-33,2.29561756065155E-49,-1.));
#5085=DIRECTION('center_axis',(1.,-1.84096628978221E-16,3.74915180455534E-33));
#5086=DIRECTION('ref_axis',(7.04507298642281E-17,0.38268343236509,-0.923879532511287));
#5087=DIRECTION('center_axis',(0.,0.,-1.));
#5088=DIRECTION('ref_axis',(-1.,0.,0.));
#5089=DIRECTION('center_axis',(1.,6.12303176911189E-17,3.74915180455534E-33));
#5090=DIRECTION('ref_axis',(2.34318281388422E-17,-0.382683432365089,-0.923879532511287));
#5091=DIRECTION('center_axis',(6.12303176911189E-17,-1.,0.));
#5092=DIRECTION('ref_axis',(0.707106781186547,4.32963728535968E-17,-0.707106781186548));
#5093=DIRECTION('center_axis',(-0.577350269189626,0.577350269189626,-0.577350269189626));
#5094=DIRECTION('ref_axis',(0.408248290463863,-0.408248290463863,-0.816496580927726));
#5095=DIRECTION('center_axis',(6.40770214313593E-17,1.,4.69796236595067E-49));
#5096=DIRECTION('ref_axis',(0.38268343236509,-2.4521214497084E-17,-0.923879532511287));
#5097=DIRECTION('',(-6.40770214313593E-17,-1.,8.71576399210525E-33));
#5098=DIRECTION('',(6.40770214313593E-17,1.,4.69796236595067E-49));
#5099=DIRECTION('center_axis',(-0.577350269189626,0.577350269189626,-0.577350269189626));
#5100=DIRECTION('ref_axis',(0.408248290463863,-0.408248290463863,-0.816496580927726));
#5101=DIRECTION('center_axis',(-7.49830360911069E-33,2.29561756065155E-49,
1.));
#5102=DIRECTION('ref_axis',(0.707106781186547,-0.707106781186548,5.30210132939773E-33));
#5103=DIRECTION('center_axis',(-3.74915180455534E-33,-2.29561756065155E-49,
1.));
#5104=DIRECTION('ref_axis',(0.707106781186547,-0.707106781186548,2.65105066469886E-33));
#5105=DIRECTION('',(-0.577350269189626,0.577350269189626,-0.577350269189626));
#5106=DIRECTION('',(0.577350269189626,-0.577350269189626,0.577350269189626));
#5107=DIRECTION('center_axis',(1.,-1.14437882407798E-16,3.74915180455534E-33));
#5108=DIRECTION('ref_axis',(-4.37934816324087E-17,-0.38268343236509,-0.923879532511287));
#5109=DIRECTION('',(-1.,1.14437882407798E-16,-3.74915180455534E-33));
#5110=DIRECTION('',(1.,-1.14437882407798E-16,3.74915180455534E-33));
#5111=DIRECTION('center_axis',(-0.577350269189626,-0.577350269189626,-0.577350269189626));
#5112=DIRECTION('ref_axis',(0.408248290463863,0.408248290463863,-0.816496580927726));
#5113=DIRECTION('center_axis',(-3.74915180455534E-33,-2.29561756065155E-49,
1.));
#5114=DIRECTION('ref_axis',(0.707106781186548,0.707106781186547,2.65105066469886E-33));
#5115=DIRECTION('center_axis',(-7.49830360911069E-33,2.29561756065155E-49,
1.));
#5116=DIRECTION('ref_axis',(0.707106781186548,0.707106781186547,5.30210132939774E-33));
#5117=DIRECTION('',(-0.577350269189626,-0.577350269189626,-0.577350269189626));
#5118=DIRECTION('',(0.577350269189626,0.577350269189626,0.577350269189626));
#5119=DIRECTION('center_axis',(-1.,1.14437882407798E-16,-3.74915180455534E-33));
#5120=DIRECTION('ref_axis',(4.37934816324087E-17,0.38268343236509,-0.923879532511287));
#5121=DIRECTION('',(1.,-1.14437882407798E-16,3.74915180455534E-33));
#5122=DIRECTION('',(-1.,1.14437882407798E-16,-3.74915180455534E-33));
#5123=DIRECTION('center_axis',(0.577350269189626,0.577350269189626,-0.577350269189626));
#5124=DIRECTION('ref_axis',(-0.408248290463863,-0.408248290463863,-0.816496580927726));
#5125=DIRECTION('center_axis',(-3.74915180455534E-33,-2.29561756065155E-49,
1.));
#5126=DIRECTION('ref_axis',(-0.707106781186548,-0.707106781186547,-2.65105066469886E-33));
#5127=DIRECTION('center_axis',(-7.49830360911069E-33,2.29561756065155E-49,
1.));
#5128=DIRECTION('ref_axis',(-0.707106781186548,-0.707106781186547,-5.30210132939774E-33));
#5129=DIRECTION('',(0.577350269189626,0.577350269189626,-0.577350269189626));
#5130=DIRECTION('',(-0.577350269189626,-0.577350269189626,0.577350269189626));
#5131=DIRECTION('center_axis',(-1.89384360553837E-16,-1.,-9.39592473190135E-49));
#5132=DIRECTION('ref_axis',(-0.38268343236509,7.24742571330101E-17,-0.923879532511287));
#5133=DIRECTION('',(1.89384360553837E-16,1.,1.74315279842105E-32));
#5134=DIRECTION('',(-1.89384360553837E-16,-1.,-9.39592473190135E-49));
#5135=DIRECTION('center_axis',(0.577350269189626,-0.577350269189626,-0.577350269189626));
#5136=DIRECTION('ref_axis',(-0.408248290463863,0.408248290463863,-0.816496580927726));
#5137=DIRECTION('center_axis',(-7.49830360911069E-33,2.29561756065155E-49,
1.));
#5138=DIRECTION('ref_axis',(-0.707106781186547,0.707106781186548,-5.30210132939773E-33));
#5139=DIRECTION('center_axis',(-3.74915180455534E-33,-2.29561756065155E-49,
1.));
#5140=DIRECTION('ref_axis',(-0.707106781186547,0.707106781186548,-2.65105066469886E-33));
#5141=DIRECTION('',(0.577350269189626,-0.577350269189626,-0.577350269189626));
#5142=DIRECTION('',(-0.577350269189626,0.577350269189626,0.577350269189626));
#5143=DIRECTION('center_axis',(0.707106781186548,-4.53092963723499E-17,
-0.707106781186547));
#5144=DIRECTION('ref_axis',(-0.707106781186547,4.53092963723499E-17,-0.707106781186548));
#5145=DIRECTION('',(6.40770214313593E-17,1.,2.50907204994669E-49));
#5146=DIRECTION('',(6.40770214313593E-17,1.,4.69796236595068E-49));
#5147=DIRECTION('',(6.40770214313593E-17,1.,2.50907204994669E-49));
#5148=DIRECTION('center_axis',(8.09198026751829E-17,0.707106781186548,-0.707106781186547));
#5149=DIRECTION('ref_axis',(-8.09198026751829E-17,-0.707106781186547,-0.707106781186548));
#5150=DIRECTION('',(-1.,1.14437882407798E-16,-3.74915180455534E-33));
#5151=DIRECTION('center_axis',(3.74915180455534E-33,2.29561756065155E-49,
-1.));
#5152=DIRECTION('ref_axis',(-1.,-6.12303176911189E-17,-3.74915180455534E-33));
#5153=DIRECTION('',(1.,-1.21372153464334E-16,3.74915180455534E-33));
#5154=DIRECTION('',(-1.,-6.12303176911189E-17,-3.74915180455534E-33));
#5155=DIRECTION('',(-2.80587115998892E-16,-1.,-1.28152544834738E-48));
#5156=DIRECTION('center_axis',(1.21372153464334E-16,1.,6.84604384248733E-49));
#5157=DIRECTION('ref_axis',(3.74915180455534E-33,2.29561756065158E-49,-1.));
#5158=DIRECTION('',(3.74915180455534E-33,2.29561756065155E-49,-1.));
#5159=DIRECTION('center_axis',(1.,-2.80587115998892E-16,3.74915180455534E-33));
#5160=DIRECTION('ref_axis',(3.74915180455534E-33,2.29561756065155E-49,-1.));
#5161=DIRECTION('',(3.74915180455534E-33,2.29561756065155E-49,-1.));
#5162=DIRECTION('center_axis',(6.12303176911189E-17,-1.,0.));
#5163=DIRECTION('ref_axis',(-3.74915180455534E-33,-2.29561756065155E-49,
1.));
#5164=DIRECTION('center_axis',(-8.09198026751829E-17,-0.707106781186548,
-0.707106781186547));
#5165=DIRECTION('ref_axis',(-8.09198026751829E-17,-0.707106781186547,0.707106781186548));
#5166=DIRECTION('',(1.,-1.14437882407798E-16,3.74915180455534E-33));
#5167=DIRECTION('center_axis',(-0.707106781186548,1.33914965598297E-16,
-0.707106781186547));
#5168=DIRECTION('ref_axis',(-0.707106781186547,1.33914965598297E-16,0.707106781186548));
#5169=DIRECTION('',(-1.89384360553837E-16,-1.,-1.1904996781848E-48));
#5170=DIRECTION('',(-1.89384360553837E-16,-1.,-9.39592473190135E-49));
#5171=DIRECTION('',(-1.89384360553837E-16,-1.,-1.1904996781848E-48));
#5172=DIRECTION('center_axis',(1.,6.12303176911189E-17,3.74915180455534E-33));
#5173=DIRECTION('ref_axis',(4.32963728535968E-17,-0.707106781186548,-0.707106781186547));
#5174=DIRECTION('center_axis',(-1.,-6.12303176911189E-17,-3.74915180455534E-33));
#5175=DIRECTION('ref_axis',(4.32963728535968E-17,-0.707106781186548,-0.707106781186547));
#5176=DIRECTION('',(-1.,-6.12303176911189E-17,-3.74915180455534E-33));
#5177=DIRECTION('center_axis',(1.,6.12303176911189E-17,3.74915180455534E-33));
#5178=DIRECTION('ref_axis',(4.32963728535968E-17,-0.707106781186548,-0.707106781186547));
#5179=DIRECTION('',(1.,6.12303176911189E-17,3.74915180455534E-33));
#5180=DIRECTION('center_axis',(-1.,-6.12303176911189E-17,-3.74915180455534E-33));
#5181=DIRECTION('ref_axis',(-3.74915180455534E-33,-2.29561756065155E-49,
1.));
#5182=DIRECTION('',(-1.34053035809464E-32,1.5770213417971E-16,1.));
#5183=DIRECTION('',(6.12303176911189E-17,-1.,0.));
#5184=DIRECTION('',(3.74915180455534E-33,2.29561756065155E-49,-1.));
#5185=DIRECTION('',(-6.12303176911189E-17,1.,0.));
#5186=DIRECTION('',(3.74915180455534E-33,2.29561756065155E-49,-1.));
#5187=DIRECTION('',(6.12303176911189E-17,-1.,0.));
#5188=DIRECTION('',(6.57740683244397E-32,-1.01297721224923E-15,-1.));
#5189=DIRECTION('center_axis',(-1.,-6.12303176911189E-17,-3.74915180455534E-33));
#5190=DIRECTION('ref_axis',(4.32963728535968E-17,-0.707106781186548,-0.707106781186547));
#5191=DIRECTION('',(-6.12303176911189E-17,1.,-4.18776497134384E-16));
#5192=DIRECTION('',(3.74915180455534E-33,2.29561756065155E-49,-1.));
#5193=DIRECTION('',(6.12303176911189E-17,-1.,3.06903393123747E-16));
#5194=DIRECTION('center_axis',(6.12303176911189E-17,-1.,1.5770213417971E-16));
#5195=DIRECTION('ref_axis',(-1.34053035809464E-32,1.5770213417971E-16,1.));
#5196=DIRECTION('',(-1.34053035809464E-32,1.5770213417971E-16,1.));
#5197=DIRECTION('',(1.,6.12303176911189E-17,3.74915180455534E-33));
#5198=DIRECTION('center_axis',(1.,6.12303176911189E-17,3.74915180455534E-33));
#5199=DIRECTION('ref_axis',(4.32963728535968E-17,-0.707106781186548,-0.707106781186547));
#5200=DIRECTION('',(1.,6.12303176911189E-17,3.74915180455534E-33));
#5201=DIRECTION('center_axis',(1.,6.12303176911189E-17,3.74915180455534E-33));
#5202=DIRECTION('ref_axis',(4.32963728535968E-17,-0.707106781186548,-0.707106781186547));
#5203=DIRECTION('',(-1.,-6.12303176911189E-17,-3.74915180455534E-33));
#5204=DIRECTION('center_axis',(-6.12303176911189E-17,1.,-1.01297721224923E-15));
#5205=DIRECTION('ref_axis',(6.57740683244397E-32,-1.01297721224923E-15,
-1.));
#5206=DIRECTION('',(-1.,-6.12303176911189E-17,-3.74915180455534E-33));
#5207=DIRECTION('',(6.57740683244397E-32,-1.01297721224923E-15,-1.));
#5208=DIRECTION('center_axis',(-2.93909697656676E-32,4.18776497134384E-16,
1.));
#5209=DIRECTION('ref_axis',(1.,6.12303176911189E-17,3.74915180455533E-33));
#5210=DIRECTION('',(-6.12303176911189E-17,1.,-4.18776497134384E-16));
#5211=DIRECTION('',(1.,6.12303176911189E-17,3.74915180455534E-33));
#5212=DIRECTION('center_axis',(-6.12303176911189E-17,1.,0.));
#5213=DIRECTION('ref_axis',(3.74915180455534E-33,2.29561756065155E-49,-1.));
#5214=DIRECTION('',(3.74915180455534E-33,2.29561756065155E-49,-1.));
#5215=DIRECTION('',(1.,6.12303176911189E-17,3.74915180455534E-33));
#5216=DIRECTION('center_axis',(2.25409440660047E-32,-3.06903393123747E-16,
-1.));
#5217=DIRECTION('ref_axis',(-1.,-6.12303176911189E-17,-3.74915180455532E-33));
#5218=DIRECTION('',(6.12303176911189E-17,-1.,3.06903393123747E-16));
#5219=DIRECTION('center_axis',(3.74915180455534E-33,2.29561756065155E-49,
-1.));
#5220=DIRECTION('ref_axis',(-1.,-6.12303176911189E-17,-3.74915180455534E-33));
#5221=DIRECTION('',(-6.12303176911189E-17,1.,0.));
#5222=DIRECTION('',(1.,-1.21372153464334E-16,3.74915180455534E-33));
#5223=DIRECTION('center_axis',(3.74915180455534E-33,2.29561756065155E-49,
-1.));
#5224=DIRECTION('ref_axis',(-1.,-6.12303176911189E-17,-3.74915180455534E-33));
#5225=DIRECTION('',(-1.,1.21372153464334E-16,-3.74915180455534E-33));
#5226=DIRECTION('',(-6.12303176911189E-17,1.,0.));
#5227=DIRECTION('center_axis',(0.,0.,-1.));
#5228=DIRECTION('ref_axis',(-1.,0.,0.));
#5229=DIRECTION('center_axis',(0.577350269189625,-0.577350269189628,-0.577350269189625));
#5230=DIRECTION('ref_axis',(-0.408248290463862,0.408248290463862,-0.816496580927727));
#5231=DIRECTION('center_axis',(-1.,1.9013852556636E-15,-3.74915180455534E-33));
#5232=DIRECTION('ref_axis',(3.74915180455534E-33,2.29561756065155E-49,-1.));
#5233=DIRECTION('center_axis',(1.47025766123364E-15,1.,-1.04083408558608E-15));
#5234=DIRECTION('ref_axis',(-0.38268343236509,-3.98962060151121E-16,-0.923879532511287));
#5235=DIRECTION('center_axis',(0.,0.,-1.));
#5236=DIRECTION('ref_axis',(-1.,0.,0.));
#5237=DIRECTION('center_axis',(1.44900909847256E-15,-1.,-1.38777878078145E-15));
#5238=DIRECTION('ref_axis',(-0.38268343236509,7.27628635885726E-16,-0.923879532511287));
#5239=DIRECTION('center_axis',(-1.,-1.44900909847256E-15,1.38777878078145E-15));
#5240=DIRECTION('ref_axis',(4.32963728535919E-17,-0.707106781186548,-0.707106781186547));
#5241=DIRECTION('center_axis',(0.577350269189624,0.577350269189627,-0.577350269189627));
#5242=DIRECTION('ref_axis',(-0.408248290463864,-0.408248290463863,-0.816496580927725));
#5243=DIRECTION('center_axis',(0.,0.,-1.));
#5244=DIRECTION('ref_axis',(-1.,0.,0.));
#5245=DIRECTION('center_axis',(-0.577350269189626,-0.577350269189626,-0.577350269189625));
#5246=DIRECTION('ref_axis',(0.408248290463862,0.408248290463863,-0.816496580927727));
#5247=DIRECTION('center_axis',(-1.53319199770716E-15,1.,-5.51860778886845E-48));
#5248=DIRECTION('ref_axis',(3.74915180455534E-33,2.29561756065156E-49,-1.));
#5249=DIRECTION('center_axis',(1.,-2.71432724387177E-15,-2.77555756156289E-15));
#5250=DIRECTION('ref_axis',(-1.52555275618797E-15,0.38268343236509,-0.923879532511287));
#5251=DIRECTION('center_axis',(0.,0.,-1.));
#5252=DIRECTION('ref_axis',(-1.,0.,0.));
#5253=DIRECTION('center_axis',(1.,6.12303176911189E-17,3.74915180455534E-33));
#5254=DIRECTION('ref_axis',(2.34318281388422E-17,-0.382683432365089,-0.923879532511287));
#5255=DIRECTION('center_axis',(-1.12331296603828E-15,-1.,-6.93889390390723E-16));
#5256=DIRECTION('ref_axis',(0.707106781186548,-3.03648322341763E-16,-0.707106781186547));
#5257=DIRECTION('center_axis',(-0.577350269189625,0.577350269189627,-0.577350269189626));
#5258=DIRECTION('ref_axis',(0.408248290463865,-0.408248290463862,-0.816496580927726));
#5259=DIRECTION('center_axis',(1.89384360553837E-16,1.,9.39592473190135E-49));
#5260=DIRECTION('ref_axis',(0.382683432365091,-7.24742571330103E-17,-0.923879532511286));
#5261=DIRECTION('',(-1.89384360553837E-16,-1.,1.74315279842105E-32));
#5262=DIRECTION('',(1.89384360553837E-16,1.,9.39592473190135E-49));
#5263=DIRECTION('center_axis',(-0.577350269189626,0.577350269189626,-0.577350269189626));
#5264=DIRECTION('ref_axis',(0.408248290463864,-0.408248290463862,-0.816496580927726));
#5265=DIRECTION('center_axis',(-3.74915180455534E-33,-2.29561756065155E-49,
1.));
#5266=DIRECTION('ref_axis',(0.707106781186548,-0.707106781186547,2.65105066469886E-33));
#5267=DIRECTION('',(-0.577350269189626,0.577350269189626,-0.577350269189626));
#5268=DIRECTION('',(0.577350269189626,-0.577350269189626,0.577350269189626));
#5269=DIRECTION('center_axis',(1.,-1.14437882407798E-16,3.74915180455534E-33));
#5270=DIRECTION('ref_axis',(-4.37934816324087E-17,-0.38268343236509,-0.923879532511287));
#5271=DIRECTION('',(-1.,1.14437882407798E-16,-3.74915180455534E-33));
#5272=DIRECTION('',(1.,-1.14437882407798E-16,3.74915180455534E-33));
#5273=DIRECTION('center_axis',(-0.577350269189626,-0.577350269189626,-0.577350269189626));
#5274=DIRECTION('ref_axis',(0.408248290463864,0.408248290463862,-0.816496580927726));
#5275=DIRECTION('center_axis',(-3.74915180455534E-33,-2.29561756065155E-49,
1.));
#5276=DIRECTION('ref_axis',(0.707106781186548,0.707106781186547,2.65105066469886E-33));
#5277=DIRECTION('',(-0.577350269189626,-0.577350269189626,-0.577350269189626));
#5278=DIRECTION('',(0.577350269189626,0.577350269189626,0.577350269189626));
#5279=DIRECTION('center_axis',(-1.,1.14437882407798E-16,-3.74915180455534E-33));
#5280=DIRECTION('ref_axis',(4.37934816324087E-17,0.38268343236509,-0.923879532511287));
#5281=DIRECTION('',(1.,-1.14437882407798E-16,3.74915180455534E-33));
#5282=DIRECTION('',(-1.,1.14437882407798E-16,-3.74915180455534E-33));
#5283=DIRECTION('center_axis',(0.577350269189626,0.577350269189626,-0.577350269189626));
#5284=DIRECTION('ref_axis',(-0.408248290463863,-0.408248290463863,-0.816496580927726));
#5285=DIRECTION('center_axis',(-3.74915180455534E-33,-2.29561756065155E-49,
1.));
#5286=DIRECTION('ref_axis',(-0.707106781186548,-0.707106781186547,-2.65105066469886E-33));
#5287=DIRECTION('',(0.577350269189626,0.577350269189626,-0.577350269189626));
#5288=DIRECTION('',(-0.577350269189626,-0.577350269189626,0.577350269189626));
#5289=DIRECTION('center_axis',(-1.89384360553837E-16,-1.,-9.39592473190135E-49));
#5290=DIRECTION('ref_axis',(-0.38268343236509,7.24742571330101E-17,-0.923879532511287));
#5291=DIRECTION('',(1.89384360553837E-16,1.,1.74315279842105E-32));
#5292=DIRECTION('',(-1.89384360553837E-16,-1.,-9.39592473190135E-49));
#5293=DIRECTION('center_axis',(0.577350269189626,-0.577350269189626,-0.577350269189626));
#5294=DIRECTION('ref_axis',(-0.408248290463863,0.408248290463863,-0.816496580927726));
#5295=DIRECTION('center_axis',(-3.74915180455534E-33,-2.29561756065155E-49,
1.));
#5296=DIRECTION('ref_axis',(-0.707106781186547,0.707106781186548,-2.65105066469886E-33));
#5297=DIRECTION('',(0.577350269189626,-0.577350269189626,-0.577350269189626));
#5298=DIRECTION('',(-0.577350269189626,0.577350269189626,0.577350269189626));
#5299=DIRECTION('center_axis',(0.707106781186548,-1.33914965598297E-16,
-0.707106781186547));
#5300=DIRECTION('ref_axis',(-0.707106781186547,1.33914965598297E-16,-0.707106781186548));
#5301=DIRECTION('',(1.89384360553837E-16,1.,9.39592473190135E-49));
#5302=DIRECTION('center_axis',(8.09198026751829E-17,0.707106781186548,-0.707106781186547));
#5303=DIRECTION('ref_axis',(-8.09198026751829E-17,-0.707106781186547,-0.707106781186548));
#5304=DIRECTION('',(-1.,1.14437882407798E-16,-3.74915180455534E-33));
#5305=DIRECTION('center_axis',(3.74915180455534E-33,2.29561756065155E-49,
-1.));
#5306=DIRECTION('ref_axis',(-1.,-6.12303176911189E-17,-3.74915180455534E-33));
#5307=DIRECTION('',(1.,-1.21372153464334E-16,3.74915180455534E-33));
#5308=DIRECTION('',(-1.,1.21372153464334E-16,-3.74915180455534E-33));
#5309=DIRECTION('',(6.12303176911189E-17,-1.,0.));
#5310=DIRECTION('center_axis',(1.21372153464334E-16,1.,6.84604384248733E-49));
#5311=DIRECTION('ref_axis',(3.74915180455534E-33,2.29561756065158E-49,-1.));
#5312=DIRECTION('',(3.74915180455534E-33,2.29561756065155E-49,-1.));
#5313=DIRECTION('center_axis',(1.,6.12303176911189E-17,3.74915180455534E-33));
#5314=DIRECTION('ref_axis',(3.74915180455534E-33,2.29561756065155E-49,-1.));
#5315=DIRECTION('',(3.74915180455534E-33,2.29561756065155E-49,-1.));
#5316=DIRECTION('center_axis',(-1.21372153464334E-16,-1.,-6.84604384248733E-49));
#5317=DIRECTION('ref_axis',(-3.74915180455534E-33,-2.29561756065158E-49,
1.));
#5318=DIRECTION('center_axis',(-8.09198026751829E-17,-0.707106781186548,
-0.707106781186547));
#5319=DIRECTION('ref_axis',(-8.09198026751829E-17,-0.707106781186547,0.707106781186548));
#5320=DIRECTION('',(1.,-1.14437882407798E-16,3.74915180455534E-33));
#5321=DIRECTION('center_axis',(-0.707106781186548,1.33914965598297E-16,
-0.707106781186547));
#5322=DIRECTION('ref_axis',(-0.707106781186547,1.33914965598297E-16,0.707106781186548));
#5323=DIRECTION('',(-1.89384360553837E-16,-1.,-9.39592473190135E-49));
#5324=DIRECTION('center_axis',(7.49830360911069E-33,-2.29561756065155E-49,
-1.));
#5325=DIRECTION('ref_axis',(-6.12303176911189E-17,1.,-6.88685268195466E-49));
#5326=DIRECTION('center_axis',(-3.74915180455534E-33,-2.29561756065155E-49,
1.));
#5327=DIRECTION('ref_axis',(0.979238264237078,-0.202712658346623,3.67131290545408E-33));
#5328=DIRECTION('',(-0.202712658346663,0.97923826423707,-7.60000528846601E-34));
#5329=DIRECTION('',(0.20271265834641,-0.979238264237122,1.52000105769131E-33));
#5330=DIRECTION('',(1.,6.12303176911189E-17,7.49830360911069E-33));
#5331=DIRECTION('',(0.20271265834641,0.979238264237122,1.5200010576913E-33));
#5332=DIRECTION('',(-0.202712658346356,-0.979238264237133,-7.6000052884545E-34));
#5333=DIRECTION('center_axis',(7.49830360911069E-33,-2.29561756065155E-49,
-1.));
#5334=DIRECTION('ref_axis',(-6.12303176911189E-17,1.,-6.88685268195466E-49));
#5335=DIRECTION('',(0.202712658346356,-0.979238264237133,7.6000052884545E-34));
#5336=DIRECTION('',(-0.20271265834641,0.979238264237122,-1.52000105769131E-33));
#5337=DIRECTION('',(-1.,-6.12303176911189E-17,-7.49830360911069E-33));
#5338=DIRECTION('',(-0.202712658346403,-0.979238264237123,-1.52000105769126E-33));
#5339=DIRECTION('',(0.202712658346663,0.97923826423707,7.60000528846602E-34));
#5340=DIRECTION('center_axis',(-3.74915180455534E-33,-2.29561756065155E-49,
1.));
#5341=DIRECTION('ref_axis',(-0.979238264237129,0.202712658346377,-3.67131290545427E-33));
#5342=DIRECTION('center_axis',(-3.74915180455534E-33,-2.29561756065155E-49,
1.));
#5343=DIRECTION('ref_axis',(-1.,-6.12303176911189E-17,-3.74915180455534E-33));
#5344=DIRECTION('center_axis',(-3.74915180455534E-33,-2.29561756065155E-49,
1.));
#5345=DIRECTION('ref_axis',(-0.979238264237121,0.202712658346413,-3.67131290545424E-33));
#5346=DIRECTION('',(-0.202712658346436,-0.979238264237117,-7.60000528845753E-34));
#5347=DIRECTION('',(-1.,7.35973411006652E-15,-3.74915180455534E-33));
#5348=DIRECTION('',(-7.55794730228545E-15,-1.,-2.85654535231628E-47));
#5349=DIRECTION('',(-1.,-5.97357178912934E-14,-3.74915180455534E-33));
#5350=DIRECTION('',(-6.12303176911189E-17,1.,0.));
#5351=DIRECTION('',(1.,6.12303176911189E-17,3.74915180455534E-33));
#5352=DIRECTION('',(6.59195399195674E-15,-1.,2.44846744484253E-47));
#5353=DIRECTION('',(1.,1.463617296165E-15,3.74915180455534E-33));
#5354=DIRECTION('',(0.202712658346436,-0.979238264237117,7.60000528845753E-34));
#5355=DIRECTION('center_axis',(-3.74915180455534E-33,-2.29561756065155E-49,
1.));
#5356=DIRECTION('ref_axis',(0.979238264237122,-0.202712658346409,3.67131290545425E-33));
#5357=DIRECTION('center_axis',(-3.74915180455534E-33,-2.29561756065155E-49,
1.));
#5358=DIRECTION('ref_axis',(-1.,-6.12303176911189E-17,-3.74915180455534E-33));
#5359=DIRECTION('',(0.20271265834639,0.979238264237126,7.60000528845578E-34));
#5360=DIRECTION('',(1.,1.463617296165E-15,3.74915180455534E-33));
#5361=DIRECTION('center_axis',(-3.74915180455534E-33,-2.29561756065155E-49,
1.));
#5362=DIRECTION('ref_axis',(-1.,-6.12303176911189E-17,-3.74915180455534E-33));
#5363=DIRECTION('',(1.,1.463617296165E-15,3.74915180455534E-33));
#5364=DIRECTION('',(-1.14968426340208E-15,1.,-4.08077907473764E-48));
#5365=DIRECTION('',(1.,6.12303176911189E-17,3.74915180455534E-33));
#5366=DIRECTION('',(-4.24289955468571E-16,-1.,-1.82028920826486E-48));
#5367=DIRECTION('',(-1.,8.61238706219293E-15,-3.74915180455534E-33));
#5368=DIRECTION('',(-6.12303176911189E-17,1.,0.));
#5369=DIRECTION('',(-1.,7.35973411006652E-15,-3.74915180455534E-33));
#5370=DIRECTION('center_axis',(1.5310248977039E-31,2.59883666813003E-16,
1.));
#5371=DIRECTION('ref_axis',(-1.,-6.12323399573677E-17,1.69015774806051E-31));
#5372=DIRECTION('',(1.,6.12303176911189E-17,7.49830360911069E-33));
#5373=DIRECTION('center_axis',(1.5310248977039E-31,2.59883666813003E-16,
1.));
#5374=DIRECTION('ref_axis',(-1.,-6.12323399573677E-17,1.69015774806051E-31));
#5375=DIRECTION('',(1.,6.12303176911189E-17,7.49830360911069E-33));
#5376=DIRECTION('center_axis',(-1.49986234574684E-31,-2.59883666813003E-16,
-1.));
#5377=DIRECTION('ref_axis',(-0.986462476977251,-0.163987138263666,4.26175788021326E-17));
#5378=DIRECTION('center_axis',(1.49986234574684E-31,2.59883666813003E-16,
1.));
#5379=DIRECTION('ref_axis',(-0.986462476977251,-0.163987138263666,4.26175788021326E-17));
#5380=DIRECTION('center_axis',(-1.49986234574684E-31,-2.59883666813003E-16,
-1.));
#5381=DIRECTION('ref_axis',(-0.986462476977251,-0.163987138263666,4.26175788021326E-17));
#5382=DIRECTION('center_axis',(1.49986234574684E-31,2.59883666813003E-16,
1.));
#5383=DIRECTION('ref_axis',(-1.,-6.12323399573677E-17,1.65899519610345E-31));
#5384=DIRECTION('',(-1.,-6.12323399573677E-17,1.78479335671645E-31));
#5385=DIRECTION('center_axis',(-1.49986234574684E-31,-2.59883666813003E-16,
-1.));
#5386=DIRECTION('ref_axis',(1.,6.12323399573676E-17,-1.65899519610345E-31));
#5387=DIRECTION('center_axis',(-1.96626844923157E-32,2.59883666813003E-16,
1.));
#5388=DIRECTION('ref_axis',(1.,6.12323399573676E-17,3.74939945665465E-33));
#5389=DIRECTION('',(-1.96626844923157E-32,2.59883666813003E-16,1.));
#5390=DIRECTION('center_axis',(6.12323399573677E-17,-1.,2.63873430148585E-16));
#5391=DIRECTION('ref_axis',(-1.99069870372295E-32,2.63873430148585E-16,
1.));
#5392=DIRECTION('',(-1.99069870372295E-32,2.63873430148585E-16,1.));
#5393=DIRECTION('center_axis',(-1.99069870372295E-32,2.63873430148585E-16,
1.));
#5394=DIRECTION('ref_axis',(-1.,-2.67738671533398E-16,5.07421346037135E-32));
#5395=DIRECTION('center_axis',(-1.13319981643344E-33,-1.03953466725202E-16,
1.));
#5396=DIRECTION('ref_axis',(6.12303176911189E-17,-1.,-1.03953466725202E-16));
#5397=DIRECTION('',(1.,6.12303176911189E-17,7.49830360911069E-33));
#5398=DIRECTION('',(1.,6.12303176911189E-17,7.49830360911069E-33));
#5399=DIRECTION('',(-6.12303176911189E-17,1.,3.11860400175605E-16));
#5400=DIRECTION('',(1.,6.12303176911189E-17,7.49830360911069E-33));
#5401=DIRECTION('',(1.,6.12303176911189E-17,7.49830360911069E-33));
#5402=DIRECTION('center_axis',(-0.979238264237116,-0.202712658346438,-7.34262581090845E-33));
#5403=DIRECTION('ref_axis',(-0.202712658346438,0.979238264237116,-1.52000105769152E-33));
#5404=DIRECTION('',(3.74915180455534E-33,2.29561756065155E-49,-1.));
#5405=DIRECTION('',(-0.202712658346438,0.979238264237116,-1.52000105769152E-33));
#5406=DIRECTION('',(5.65382254687016E-17,-2.73117595233741E-16,1.));
#5407=DIRECTION('center_axis',(-0.979238264237116,-0.202712658346438,-7.34262581090845E-33));
#5408=DIRECTION('ref_axis',(0.202712658346438,-0.979238264237116,3.39741521109381E-16));
#5409=DIRECTION('',(0.202712658346438,-0.979238264237116,1.52000105769152E-33));
#5410=DIRECTION('center_axis',(0.979238264237122,0.20271265834641,7.3426258109085E-33));
#5411=DIRECTION('ref_axis',(0.20271265834641,-0.979238264237122,1.52000105769131E-33));
#5412=DIRECTION('',(3.74915180455534E-33,2.29561756065155E-49,-1.));
#5413=DIRECTION('',(0.20271265834641,-0.979238264237122,1.52000105769131E-33));
#5414=DIRECTION('',(4.24036691015201E-17,-2.04838196425306E-16,1.));
#5415=DIRECTION('center_axis',(0.979238264237122,0.20271265834641,7.3426258109085E-33));
#5416=DIRECTION('ref_axis',(-0.20271265834641,0.979238264237122,-8.49353802773458E-17));
#5417=DIRECTION('center_axis',(-0.979238264237122,-0.20271265834641,-7.3426258109085E-33));
#5418=DIRECTION('ref_axis',(-0.20271265834641,0.979238264237122,-1.52000105769131E-33));
#5419=DIRECTION('',(3.74915180455534E-33,2.29561756065155E-49,-1.));
#5420=DIRECTION('',(-0.20271265834641,0.979238264237122,-1.52000105769131E-33));
#5421=DIRECTION('',(5.65382254686934E-17,-2.73117595233741E-16,1.));
#5422=DIRECTION('center_axis',(-0.979238264237122,-0.20271265834641,-7.3426258109085E-33));
#5423=DIRECTION('ref_axis',(0.20271265834641,-0.979238264237122,3.39741521109383E-16));
#5424=DIRECTION('center_axis',(0.979238264237113,0.202712658346456,7.34262581090843E-33));
#5425=DIRECTION('ref_axis',(0.202712658346456,-0.979238264237113,1.52000105769165E-33));
#5426=DIRECTION('',(3.74915180455534E-33,2.29561756065155E-49,-1.));
#5427=DIRECTION('',(0.202712658346456,-0.979238264237113,1.52000105769165E-33));
#5428=DIRECTION('',(4.24036691015301E-17,-2.04838196425306E-16,1.));
#5429=DIRECTION('center_axis',(0.979238264237113,0.202712658346456,7.34262581090843E-33));
#5430=DIRECTION('ref_axis',(-0.202712658346456,0.979238264237113,-8.49353802773449E-17));
#5431=DIRECTION('',(-0.202712658346456,0.979238264237113,-1.52000105769165E-33));
#5432=DIRECTION('center_axis',(1.,6.12303176911189E-17,7.49830360911069E-33));
#5433=DIRECTION('ref_axis',(6.12303176911189E-17,-1.,6.88685268195466E-49));
#5434=DIRECTION('',(-6.12303176911189E-17,1.,0.));
#5435=DIRECTION('',(-7.49830360911069E-33,2.29561756065155E-49,1.));
#5436=DIRECTION('center_axis',(-1.,-6.12303176911189E-17,-7.49830360911069E-33));
#5437=DIRECTION('ref_axis',(-7.49830360911069E-33,2.29561756065155E-49,
1.));
#5438=DIRECTION('center_axis',(1.,6.12303176911189E-17,7.49830360911069E-33));
#5439=DIRECTION('ref_axis',(6.12303176911189E-17,-1.,6.88685268195466E-49));
#5440=DIRECTION('',(6.59195399195674E-15,-1.,2.44846744484253E-47));
#5441=DIRECTION('',(-7.49830360911069E-33,2.29561756065155E-49,1.));
#5442=DIRECTION('center_axis',(1.,6.12303176911189E-17,7.49830360911069E-33));
#5443=DIRECTION('ref_axis',(-6.12303176911189E-17,1.,-6.88685268195466E-49));
#5444=DIRECTION('center_axis',(1.,6.12303176911189E-17,7.49830360911069E-33));
#5445=DIRECTION('ref_axis',(4.32963728535968E-17,-0.707106781186547,-0.707106781186548));
#5446=DIRECTION('',(-1.,-6.12303176911189E-17,-7.49830360911069E-33));
#5447=DIRECTION('center_axis',(0.979238264237122,-0.20271265834641,7.3426258109085E-33));
#5448=DIRECTION('ref_axis',(-0.20271265834641,-0.979238264237122,3.39741521109383E-16));
#5449=DIRECTION('center_axis',(0.979238264237122,-0.20271265834641,7.3426258109085E-33));
#5450=DIRECTION('ref_axis',(-0.20271265834641,-0.979238264237122,-1.5200010576913E-33));
#5451=DIRECTION('',(-3.74915180455534E-33,-2.29561756065155E-49,1.));
#5452=DIRECTION('',(5.65382254686934E-17,2.73117595233741E-16,-1.));
#5453=DIRECTION('',(-0.20271265834641,-0.979238264237122,-1.5200010576913E-33));
#5454=DIRECTION('center_axis',(1.,6.12303176911189E-17,7.49830360911069E-33));
#5455=DIRECTION('ref_axis',(-4.32963728535968E-17,0.707106781186548,-0.707106781186548));
#5456=DIRECTION('center_axis',(-0.979238264237124,0.202712658346403,-7.34262581090851E-33));
#5457=DIRECTION('ref_axis',(0.202712658346403,0.979238264237123,-8.49353802773459E-17));
#5458=DIRECTION('',(1.,6.12303176911189E-17,7.49830360911069E-33));
#5459=DIRECTION('center_axis',(-0.979238264237124,0.202712658346403,-7.34262581090851E-33));
#5460=DIRECTION('ref_axis',(0.202712658346403,0.979238264237123,1.52000105769126E-33));
#5461=DIRECTION('',(-3.74915180455534E-33,-2.29561756065155E-49,1.));
#5462=DIRECTION('',(4.24036691015186E-17,2.04838196425306E-16,-1.));
#5463=DIRECTION('',(0.202712658346403,0.979238264237123,1.52000105769126E-33));
#5464=DIRECTION('center_axis',(1.,6.12303176911189E-17,7.49830360911069E-33));
#5465=DIRECTION('ref_axis',(-4.32963728535968E-17,0.707106781186548,-0.707106781186548));
#5466=DIRECTION('',(1.,6.12303176911189E-17,7.49830360911069E-33));
#5467=DIRECTION('center_axis',(-0.979238264237116,0.202712658346438,-7.34262581090845E-33));
#5468=DIRECTION('ref_axis',(0.202712658346438,0.979238264237116,-8.49353802773453E-17));
#5469=DIRECTION('',(-1.,-6.12303176911189E-17,-7.49830360911069E-33));
#5470=DIRECTION('center_axis',(7.49830360911069E-33,-2.29561756065155E-49,
-1.));
#5471=DIRECTION('ref_axis',(-6.12303176911189E-17,1.,-6.88685268195466E-49));
#5472=DIRECTION('',(-0.202712658346438,-0.979238264237116,-1.52000105769152E-33));
#5473=DIRECTION('center_axis',(-0.979238264237116,0.202712658346438,-7.34262581090845E-33));
#5474=DIRECTION('ref_axis',(0.202712658346438,0.979238264237116,1.52000105769152E-33));
#5475=DIRECTION('',(-3.74915180455534E-33,-2.29561756065155E-49,1.));
#5476=DIRECTION('',(4.24036691015262E-17,2.04838196425306E-16,-1.));
#5477=DIRECTION('',(0.202712658346438,0.979238264237116,1.52000105769152E-33));
#5478=DIRECTION('center_axis',(1.,6.12303176911189E-17,7.49830360911069E-33));
#5479=DIRECTION('ref_axis',(4.32963728535968E-17,-0.707106781186547,-0.707106781186548));
#5480=DIRECTION('center_axis',(0.979238264237127,-0.202712658346388,7.34262581090853E-33));
#5481=DIRECTION('ref_axis',(-0.202712658346388,-0.979238264237127,3.39741521109385E-16));
#5482=DIRECTION('',(1.,6.12303176911189E-17,7.49830360911069E-33));
#5483=DIRECTION('',(-1.,-6.12303176911189E-17,-7.49830360911069E-33));
#5484=DIRECTION('center_axis',(7.49830360911069E-33,-2.29561756065155E-49,
-1.));
#5485=DIRECTION('ref_axis',(-6.12303176911189E-17,1.,-6.88685268195466E-49));
#5486=DIRECTION('',(-0.20271265834639,0.979238264237126,-7.60000528845577E-34));
#5487=DIRECTION('',(0.202712658346388,0.979238264237127,1.52000105769114E-33));
#5488=DIRECTION('center_axis',(0.979238264237127,-0.202712658346388,7.34262581090853E-33));
#5489=DIRECTION('ref_axis',(-0.202712658346388,-0.979238264237127,-1.52000105769114E-33));
#5490=DIRECTION('',(-3.74915180455534E-33,-2.29561756065155E-49,1.));
#5491=DIRECTION('',(5.6538225468687E-17,2.73117595233741E-16,-1.));
#5492=DIRECTION('',(-0.202712658346388,-0.979238264237127,-1.52000105769114E-33));
#5493=DIRECTION('center_axis',(-8.71740935653033E-31,-1.74434928851902E-30,
-1.));
#5494=DIRECTION('ref_axis',(-6.12303176911189E-17,1.,-1.74434928851902E-30));
#5495=DIRECTION('',(1.,1.463617296165E-15,-8.71740935653036E-31));
#5496=DIRECTION('',(6.59195399195674E-15,-1.,1.74434928851901E-30));
#5497=DIRECTION('',(-1.,-6.12303176911189E-17,8.71740935653033E-31));
#5498=DIRECTION('center_axis',(-8.71740935653033E-31,-1.74434928851902E-30,
-1.));
#5499=DIRECTION('ref_axis',(-6.12303176911189E-17,1.,-1.74434928851902E-30));
#5500=DIRECTION('',(1.,1.463617296165E-15,-8.71740935653036E-31));
#5501=DIRECTION('',(-1.,-6.12303176911189E-17,8.71740935653033E-31));
#5502=DIRECTION('',(-1.14968426340208E-15,1.,-1.74434928851902E-30));
#5503=DIRECTION('center_axis',(-8.71740935653033E-31,-1.74434928851902E-30,
-1.));
#5504=DIRECTION('ref_axis',(-6.12303176911189E-17,1.,-1.74434928851902E-30));
#5505=DIRECTION('',(1.,1.463617296165E-15,-8.71740935653036E-31));
#5506=DIRECTION('',(-1.,-6.12303176911189E-17,8.71740935653033E-31));
#5507=DIRECTION('center_axis',(-8.71740935653033E-31,-1.74434928851902E-30,
-1.));
#5508=DIRECTION('ref_axis',(-6.12303176911189E-17,1.,-1.74434928851902E-30));
#5509=DIRECTION('',(-1.,7.35973411006652E-15,8.7174093565302E-31));
#5510=DIRECTION('',(1.,6.12303176911189E-17,-8.71740935653033E-31));
#5511=DIRECTION('',(-7.55794730228545E-15,-1.,1.74434928851903E-30));
#5512=DIRECTION('center_axis',(-8.71740935653033E-31,-1.74434928851902E-30,
-1.));
#5513=DIRECTION('ref_axis',(-6.12303176911189E-17,1.,-1.74434928851902E-30));
#5514=DIRECTION('',(-1.,7.35973411006652E-15,8.7174093565302E-31));
#5515=DIRECTION('',(1.,6.12303176911189E-17,-8.71740935653033E-31));
#5516=DIRECTION('center_axis',(-8.71740935653033E-31,-1.74434928851902E-30,
-1.));
#5517=DIRECTION('ref_axis',(-6.12303176911189E-17,1.,-1.74434928851902E-30));
#5518=DIRECTION('',(-1.,7.35973411006652E-15,8.7174093565302E-31));
#5519=DIRECTION('',(-6.12303176911189E-17,1.,-1.74434928851902E-30));
#5520=DIRECTION('',(1.,6.12303176911189E-17,-8.71740935653033E-31));
#5521=DIRECTION('center_axis',(1.,6.12303176911189E-17,7.49830360911069E-33));
#5522=DIRECTION('ref_axis',(6.12303176911189E-17,-1.,6.88685268195466E-49));
#5523=DIRECTION('',(-7.55794730228545E-15,-1.,-2.85654535231628E-47));
#5524=DIRECTION('center_axis',(1.,6.12303176911189E-17,7.49830360911069E-33));
#5525=DIRECTION('ref_axis',(-7.49830360911069E-33,2.29561756065155E-49,
1.));
#5526=DIRECTION('',(7.49830360911069E-33,-2.29561756065155E-49,-1.));
#5527=DIRECTION('center_axis',(0.926020420318098,5.67005245245406E-17,0.377473417810967));
#5528=DIRECTION('ref_axis',(6.12303176911189E-17,-1.,0.));
#5529=DIRECTION('',(0.377473417810967,5.42845355850999E-17,-0.926020420318098));
#5530=DIRECTION('',(6.12303176911189E-17,-1.,6.88685268195466E-49));
#5531=DIRECTION('',(0.377473417810967,2.12797170043481E-16,-0.926020420318098));
#5532=DIRECTION('',(6.12303176911189E-17,-1.,6.88685268195466E-49));
#5533=DIRECTION('center_axis',(7.49830360911069E-33,-2.29561756065155E-49,
-1.));
#5534=DIRECTION('ref_axis',(-6.12303176911189E-17,1.,-6.88685268195466E-49));
#5535=DIRECTION('',(-1.,-1.71682408577954E-17,-7.49830360911069E-33));
#5536=DIRECTION('',(6.12303176911189E-17,-1.,6.88685268195466E-49));
#5537=DIRECTION('',(-1.,-6.12303176911189E-17,-7.49830360911069E-33));
#5538=DIRECTION('center_axis',(-0.926020420318099,-5.67005245245406E-17,
-0.377473417810964));
#5539=DIRECTION('ref_axis',(-6.12303176911189E-17,1.,3.69778549322349E-32));
#5540=DIRECTION('',(-0.377473417810964,-5.42845355850999E-17,0.926020420318099));
#5541=DIRECTION('',(6.12303176911189E-17,-1.,6.88685268195466E-49));
#5542=DIRECTION('',(-0.377473417810964,-2.12797170043481E-16,0.926020420318099));
#5543=DIRECTION('center_axis',(-2.36259984604747E-14,-1.44662739150475E-30,
1.));
#5544=DIRECTION('ref_axis',(6.12303176911189E-17,-1.,1.92678538844662E-45));
#5545=DIRECTION('',(1.,1.71682408577941E-17,2.36259984604747E-14));
#5546=DIRECTION('',(6.12303176911189E-17,-1.,6.88685268195466E-49));
#5547=DIRECTION('',(1.,6.1230317691114E-17,2.36259984604747E-14));
#5548=DIRECTION('center_axis',(-0.926020420318097,-5.67005245245405E-17,
-0.37747341781097));
#5549=DIRECTION('ref_axis',(-6.12303176911189E-17,1.,2.46519032881566E-32));
#5550=DIRECTION('',(-0.37747341781097,-5.42845355850999E-17,0.926020420318097));
#5551=DIRECTION('',(6.12303176911189E-17,-1.,6.88685268195466E-49));
#5552=DIRECTION('',(-0.37747341781097,-2.12797170043481E-16,0.926020420318097));
#5553=DIRECTION('center_axis',(1.96515314297405E-14,1.20326951256002E-30,
-1.));
#5554=DIRECTION('ref_axis',(-6.12303176911189E-17,1.,1.05097384824361E-45));
#5555=DIRECTION('',(-1.,-1.71682408577943E-17,-1.96515314297405E-14));
#5556=DIRECTION('',(6.12303176911189E-17,-1.,6.88685268195466E-49));
#5557=DIRECTION('',(-1.,-6.12303176911148E-17,-1.96515314297405E-14));
#5558=DIRECTION('center_axis',(-0.926020420318099,-5.67005245245406E-17,
-0.377473417810964));
#5559=DIRECTION('ref_axis',(-6.12303176911189E-17,1.,3.69778549322349E-32));
#5560=DIRECTION('',(-0.377473417810964,-5.42845355850999E-17,0.926020420318099));
#5561=DIRECTION('',(6.12303176911189E-17,-1.,6.88685268195466E-49));
#5562=DIRECTION('',(-0.377473417810964,-2.12797170043481E-16,0.926020420318099));
#5563=DIRECTION('center_axis',(-2.77108673531732E-14,-1.69674521153125E-30,
1.));
#5564=DIRECTION('ref_axis',(6.12303176911189E-17,-1.,0.));
#5565=DIRECTION('',(1.,1.71682408577939E-17,2.77108673531732E-14));
#5566=DIRECTION('',(6.12303176911189E-17,-1.,6.88685268195466E-49));
#5567=DIRECTION('',(1.,6.12303176911132E-17,2.77108673531732E-14));
#5568=DIRECTION('center_axis',(-0.926020420318092,-5.67005245245402E-17,
-0.377473417810982));
#5569=DIRECTION('ref_axis',(-6.12303176911189E-17,1.,9.24446373305873E-33));
#5570=DIRECTION('',(-0.377473417810982,-5.42845355850998E-17,0.926020420318092));
#5571=DIRECTION('',(6.12303176911189E-17,-1.,6.88685268195466E-49));
#5572=DIRECTION('',(-0.377473417810982,-2.12797170043481E-16,0.926020420318092));
#5573=DIRECTION('center_axis',(1.28066159879208E-14,7.84153165488554E-31,
-1.));
#5574=DIRECTION('ref_axis',(-6.12303176911189E-17,1.,7.8823038618271E-46));
#5575=DIRECTION('',(-1.,-1.71682408577947E-17,-1.28066159879208E-14));
#5576=DIRECTION('',(6.12303176911189E-17,-1.,6.88685268195466E-49));
#5577=DIRECTION('',(-1.,-6.12303176911162E-17,-1.28066159879208E-14));
#5578=DIRECTION('center_axis',(-0.926020420318092,-5.67005245245402E-17,
-0.377473417810982));
#5579=DIRECTION('ref_axis',(-6.12303176911189E-17,1.,9.24446373305873E-33));
#5580=DIRECTION('',(-0.377473417810982,-5.42845355850998E-17,0.926020420318092));
#5581=DIRECTION('',(6.12303176911189E-17,-1.,6.88685268195466E-49));
#5582=DIRECTION('',(-0.377473417810982,-2.12797170043481E-16,0.926020420318092));
#5583=DIRECTION('center_axis',(-1.89634294279693E-16,-1.16113680838767E-32,
1.));
#5584=DIRECTION('ref_axis',(6.12303176911189E-17,-1.,3.42113882891801E-47));
#5585=DIRECTION('',(1.,1.71682408577953E-17,1.89634294279693E-16));
#5586=DIRECTION('',(1.,6.12303176911188E-17,1.89634294279693E-16));
#5587=DIRECTION('center_axis',(-2.40676059083341E-14,-3.46944695195363E-16,
1.));
#5588=DIRECTION('ref_axis',(6.12303176911189E-17,-1.,-3.46944695195362E-16));
#5589=DIRECTION('',(1.,6.12303176911139E-17,2.40676059083341E-14));
#5590=DIRECTION('',(6.12303176911189E-17,-1.,-3.46944695195361E-16));
#5591=DIRECTION('',(-1.,-6.12303176911139E-17,-2.40676059083341E-14));
#5592=DIRECTION('',(6.12303176911189E-17,-1.,-3.46944695195361E-16));
#5593=DIRECTION('center_axis',(-0.926020420318096,7.42618753622386E-17,
-0.377473417810972));
#5594=DIRECTION('ref_axis',(8.0194641211831E-17,1.,-2.46519032881566E-32));
#5595=DIRECTION('',(-0.377473417810972,-2.12797170043481E-16,0.926020420318096));
#5596=DIRECTION('',(0.377473417810972,2.12797170043481E-16,-0.926020420318096));
#5597=DIRECTION('',(6.12303176911189E-17,-1.,-3.46944695195361E-16));
#5598=DIRECTION('center_axis',(1.96515314297405E-14,3.46944695195362E-16,
-1.));
#5599=DIRECTION('ref_axis',(-6.12303176911189E-17,1.,3.46944695195361E-16));
#5600=DIRECTION('',(-1.,-6.12303176911148E-17,-1.96515314297405E-14));
#5601=DIRECTION('',(1.,6.12303176911148E-17,1.96515314297405E-14));
#5602=DIRECTION('',(6.12303176911189E-17,-1.,-3.46944695195361E-16));
#5603=DIRECTION('center_axis',(-0.926020420318099,7.42618753622364E-17,
-0.377473417810966));
#5604=DIRECTION('ref_axis',(8.01946412118283E-17,1.,6.16297582203916E-33));
#5605=DIRECTION('',(-0.377473417810966,-2.12797170043481E-16,0.926020420318099));
#5606=DIRECTION('',(0.377473417810966,2.12797170043481E-16,-0.926020420318099));
#5607=DIRECTION('',(6.12303176911189E-17,-1.,-3.46944695195361E-16));
#5608=DIRECTION('center_axis',(-2.7821269215138E-14,-3.46944695195363E-16,
1.));
#5609=DIRECTION('ref_axis',(6.12303176911189E-17,-1.,-3.46944695195361E-16));
#5610=DIRECTION('',(1.,6.12303176911132E-17,2.7821269215138E-14));
#5611=DIRECTION('',(-1.,-6.12303176911132E-17,-2.7821269215138E-14));
#5612=DIRECTION('',(6.12303176911189E-17,-1.,-3.46944695195361E-16));
#5613=DIRECTION('center_axis',(-0.926020420318091,7.42618753622434E-17,
-0.377473417810985));
#5614=DIRECTION('ref_axis',(8.01946412118366E-17,1.,-1.23259516440783E-32));
#5615=DIRECTION('',(-0.377473417810985,-2.1279717004348E-16,0.926020420318091));
#5616=DIRECTION('',(0.377473417810985,2.1279717004348E-16,-0.926020420318091));
#5617=DIRECTION('',(6.12303176911189E-17,-1.,-3.46944695195361E-16));
#5618=DIRECTION('center_axis',(2.39572040463691E-14,3.46944695195363E-16,
-1.));
#5619=DIRECTION('ref_axis',(-6.12303176911189E-17,1.,3.46944695195362E-16));
#5620=DIRECTION('',(-1.,-6.1230317691114E-17,-2.39572040463691E-14));
#5621=DIRECTION('',(1.,6.1230317691114E-17,2.39572040463691E-14));
#5622=DIRECTION('',(6.12303176911189E-17,-1.,-3.46944695195361E-16));
#5623=DIRECTION('center_axis',(-0.926020420318099,7.42618753622363E-17,
-0.377473417810966));
#5624=DIRECTION('ref_axis',(8.01946412118282E-17,1.,1.23259516440783E-32));
#5625=DIRECTION('',(-0.377473417810966,-2.12797170043481E-16,0.926020420318099));
#5626=DIRECTION('',(0.377473417810966,2.12797170043481E-16,-0.926020420318099));
#5627=DIRECTION('',(6.12303176911189E-17,-1.,-3.46944695195361E-16));
#5628=DIRECTION('center_axis',(-3.70074341541725E-16,-3.46944695195361E-16,
1.));
#5629=DIRECTION('ref_axis',(6.12303176911189E-17,-1.,-3.46944695195361E-16));
#5630=DIRECTION('',(1.,6.12303176911188E-17,3.70074341541725E-16));
#5631=DIRECTION('',(-1.,-6.12303176911188E-17,-3.70074341541725E-16));
#5632=DIRECTION('',(6.12303176911189E-17,-1.,-3.46944695195361E-16));
#5633=DIRECTION('center_axis',(0.926020420318092,-7.42618753622425E-17,
0.377473417810983));
#5634=DIRECTION('ref_axis',(-8.01946412118355E-17,-1.,-1.23259516440783E-32));
#5635=DIRECTION('',(0.377473417810983,2.12797170043481E-16,-0.926020420318092));
#5636=DIRECTION('',(-0.377473417810983,-2.12797170043481E-16,0.926020420318092));
#5637=DIRECTION('',(6.12303176911189E-17,-1.,-3.46944695195361E-16));
#5638=DIRECTION('center_axis',(3.70074341541719E-16,3.46944695195361E-16,
-1.));
#5639=DIRECTION('ref_axis',(-6.12303176911189E-17,1.,3.46944695195361E-16));
#5640=DIRECTION('',(-1.,-6.12303176911188E-17,-3.70074341541719E-16));
#5641=DIRECTION('',(1.,6.12303176911188E-17,3.70074341541719E-16));
#5642=DIRECTION('',(6.12303176911189E-17,-1.,-3.46944695195361E-16));
#5643=DIRECTION('center_axis',(-0.926020420318099,7.42618753622361E-17,
-0.377473417810966));
#5644=DIRECTION('ref_axis',(8.0194641211828E-17,1.,-1.23259516440783E-32));
#5645=DIRECTION('',(-0.377473417810966,-2.12797170043481E-16,0.926020420318099));
#5646=DIRECTION('',(0.377473417810966,2.12797170043481E-16,-0.926020420318099));
#5647=DIRECTION('center_axis',(-1.71682408577954E-17,1.,5.16230311792528E-17));
#5648=DIRECTION('ref_axis',(1.,1.71682408577954E-17,7.49830360911069E-33));
#5649=DIRECTION('center_axis',(-6.12303176911189E-17,1.,2.04838196425306E-16));
#5650=DIRECTION('ref_axis',(1.,6.12303176911189E-17,7.49830360911069E-33));
#5651=DIRECTION('',(-3.74915180455534E-33,-2.29561756065155E-49,1.));
#5652=DIRECTION('',(1.,6.12303176911189E-17,7.49830360911069E-33));
#5653=DIRECTION('',(-3.74915180455534E-33,-2.29561756065155E-49,1.));
#5654=DIRECTION('center_axis',(6.12303176911189E-17,-1.,6.88685268195466E-49));
#5655=DIRECTION('ref_axis',(-1.,-6.12303176911189E-17,-7.49830360911069E-33));
#5656=DIRECTION('',(7.49830360911069E-33,-2.29561756065155E-49,-1.));
#5657=DIRECTION('',(-1.,-6.12303176911189E-17,-3.74915180455534E-33));
#5658=DIRECTION('center_axis',(-6.12303176911189E-17,1.,-6.88685268195466E-49));
#5659=DIRECTION('ref_axis',(1.,6.12303176911189E-17,7.49830360911069E-33));
#5660=DIRECTION('',(-7.49830360911069E-33,2.29561756065155E-49,1.));
#5661=DIRECTION('',(1.,6.12303176911189E-17,3.74915180455534E-33));
#5662=DIRECTION('center_axis',(1.,6.12303176911189E-17,3.89091457999402E-29));
#5663=DIRECTION('ref_axis',(6.12303176911189E-17,-1.,6.88685268195466E-49));
#5664=DIRECTION('',(-6.12303176911189E-17,1.,0.));
#5665=DIRECTION('center_axis',(6.12303176911189E-17,-1.,6.88685268195466E-49));
#5666=DIRECTION('ref_axis',(-1.,-6.12303176911189E-17,-7.49830360911069E-33));
#5667=DIRECTION('',(-7.49830360911069E-33,2.29561756065155E-49,1.));
#5668=DIRECTION('',(-1.,-6.12303176911189E-17,-3.74915180455534E-33));
#5669=DIRECTION('center_axis',(-6.12303176911189E-17,1.,-6.88685268195466E-49));
#5670=DIRECTION('ref_axis',(1.,6.12303176911189E-17,7.49830360911069E-33));
#5671=DIRECTION('',(7.49830360911069E-33,-2.29561756065155E-49,-1.));
#5672=DIRECTION('',(1.,6.12303176911189E-17,3.74915180455534E-33));
#5673=DIRECTION('',(7.49830360911069E-33,-2.29561756065155E-49,-1.));
#5674=DIRECTION('center_axis',(1.,6.12303176911189E-17,-1.59068120357989E-29));
#5675=DIRECTION('ref_axis',(6.12303176911189E-17,-1.,6.88685268195466E-49));
#5676=DIRECTION('',(-4.24289955468571E-16,-1.,-1.82028920826486E-48));
#5677=DIRECTION('center_axis',(1.,6.12303176911189E-17,7.49830360911069E-33));
#5678=DIRECTION('ref_axis',(6.12303176911189E-17,-1.,6.88685268195466E-49));
#5679=DIRECTION('',(-1.14968426340208E-15,1.,-4.08077907473764E-48));
#5680=DIRECTION('center_axis',(-1.,-6.12303176911189E-17,-7.49830360911069E-33));
#5681=DIRECTION('ref_axis',(-6.12303176911189E-17,1.,-6.88685268195466E-49));
#5682=DIRECTION('center_axis',(-6.12303176911189E-17,1.,2.04838196425306E-16));
#5683=DIRECTION('ref_axis',(1.,6.12303176911189E-17,7.49830360911069E-33));
#5684=DIRECTION('center_axis',(-1.,-6.12303176911189E-17,-7.49830360911069E-33));
#5685=DIRECTION('ref_axis',(-6.12303176911189E-17,1.,-6.88685268195466E-49));
#5686=DIRECTION('center_axis',(-1.,-6.59195399195674E-15,-3.74915180455534E-33));
#5687=DIRECTION('ref_axis',(-6.59195399195674E-15,1.,-2.51733597166207E-47));
#5688=DIRECTION('center_axis',(1.,1.14968426340208E-15,3.74915180455534E-33));
#5689=DIRECTION('ref_axis',(-1.14968426340208E-15,1.,-4.7694643429331E-48));
#5690=DIRECTION('center_axis',(-1.,-6.12303176911189E-17,-7.49830360911069E-33));
#5691=DIRECTION('ref_axis',(-7.49830360911069E-33,2.29561756065155E-49,
1.));
#5692=DIRECTION('center_axis',(-1.,7.55794730228545E-15,-3.74915180455534E-33));
#5693=DIRECTION('ref_axis',(-3.74915180455534E-33,-2.81063300110326E-47,
1.));
#5694=DIRECTION('',(1.,6.12303176911189E-17,7.49830360911069E-33));
#5695=DIRECTION('center_axis',(1.,6.12303176911189E-17,3.74915180455534E-33));
#5696=DIRECTION('ref_axis',(-3.74915180455534E-33,4.59123512130311E-49,
1.));
#5697=DIRECTION('center_axis',(6.12303176911189E-17,-1.,-2.73117595233741E-16));
#5698=DIRECTION('ref_axis',(-1.,-6.12303176911189E-17,-7.49830360911069E-33));
#5699=DIRECTION('',(-3.74915180455534E-33,-2.29561756065155E-49,1.));
#5700=DIRECTION('',(-3.74915180455534E-33,-2.29561756065155E-49,1.));
#5701=DIRECTION('center_axis',(1.,-7.55794730228545E-15,3.74915180455534E-33));
#5702=DIRECTION('ref_axis',(-3.74915180455534E-33,-2.29561756065155E-49,
1.));
#5703=DIRECTION('',(-7.55794730228545E-15,-1.,-2.85654535231628E-47));
#5704=DIRECTION('',(-3.74915180455534E-33,-2.29561756065155E-49,1.));
#5705=DIRECTION('center_axis',(-7.35973411006652E-15,-1.,-2.78223221758686E-47));
#5706=DIRECTION('ref_axis',(-3.74915180455534E-33,-2.29561756065214E-49,
1.));
#5707=DIRECTION('',(-3.74915180455534E-33,-2.29561756065155E-49,1.));
#5708=DIRECTION('center_axis',(-7.35973411006652E-15,-1.,-2.78223221758686E-47));
#5709=DIRECTION('ref_axis',(-3.74915180455534E-33,-2.29561756065214E-49,
1.));
#5710=DIRECTION('',(-3.74915180455534E-33,-2.29561756065155E-49,1.));
#5711=DIRECTION('center_axis',(-1.,-6.12303176911189E-17,-3.74915180455534E-33));
#5712=DIRECTION('ref_axis',(3.74915180455534E-33,2.29561756065155E-49,-1.));
#5713=DIRECTION('',(-3.74915180455534E-33,-2.29561756065155E-49,1.));
#5714=DIRECTION('',(-6.12303176911189E-17,1.,0.));
#5715=DIRECTION('center_axis',(-1.463617296165E-15,1.,-5.25776167103028E-48));
#5716=DIRECTION('ref_axis',(3.74915180455534E-33,2.29561756065138E-49,-1.));
#5717=DIRECTION('',(-3.74915180455534E-33,-2.29561756065155E-49,1.));
#5718=DIRECTION('center_axis',(-1.463617296165E-15,1.,-5.25776167103028E-48));
#5719=DIRECTION('ref_axis',(3.74915180455534E-33,2.29561756065138E-49,-1.));
#5720=DIRECTION('',(-3.74915180455534E-33,-2.29561756065155E-49,1.));
#5721=DIRECTION('center_axis',(-1.463617296165E-15,1.,-5.25776167103028E-48));
#5722=DIRECTION('ref_axis',(3.74915180455534E-33,2.29561756065138E-49,-1.));
#5723=DIRECTION('center_axis',(1.,6.59195399195674E-15,3.74915180455534E-33));
#5724=DIRECTION('ref_axis',(-3.74915180455534E-33,-2.29561756065155E-49,
1.));
#5725=DIRECTION('',(-3.74915180455534E-33,-2.29561756065155E-49,1.));
#5726=DIRECTION('',(6.59195399195674E-15,-1.,2.44846744484253E-47));
#5727=DIRECTION('center_axis',(1.,6.59195399195674E-15,3.74915180455534E-33));
#5728=DIRECTION('ref_axis',(-3.74915180455534E-33,-2.29561756065155E-49,
1.));
#5729=DIRECTION('',(-3.74915180455534E-33,-2.29561756065155E-49,1.));
#5730=DIRECTION('center_axis',(-1.,-1.14968426340208E-15,-3.74915180455534E-33));
#5731=DIRECTION('ref_axis',(3.74915180455534E-33,2.29561756065155E-49,-1.));
#5732=DIRECTION('',(-1.14968426340208E-15,1.,-4.08077907473764E-48));
#5733=DIRECTION('',(-3.74915180455534E-33,-2.29561756065155E-49,1.));
#5734=DIRECTION('center_axis',(-3.74915180455534E-33,-2.29561756065155E-49,
1.));
#5735=DIRECTION('ref_axis',(-1.,-6.12303176911189E-17,-3.74915180455534E-33));
#5736=DIRECTION('',(1.,6.12303176911189E-17,3.74915180455534E-33));
#5737=DIRECTION('',(-6.12303176911189E-17,1.,0.));
#5738=DIRECTION('center_axis',(-3.74915180455534E-33,-2.29561756065155E-49,
1.));
#5739=DIRECTION('ref_axis',(-1.,-6.12303176911189E-17,-3.74915180455534E-33));
#5740=DIRECTION('',(-4.24289955468571E-16,-1.,-1.82028920826486E-48));
#5741=DIRECTION('',(1.,6.12303176911189E-17,3.74915180455534E-33));
#5742=DIRECTION('center_axis',(-3.74915180455534E-33,-2.29561756065155E-49,
1.));
#5743=DIRECTION('ref_axis',(-1.,-6.12303176911189E-17,-3.74915180455534E-33));
#5744=DIRECTION('',(-1.,8.61238706219293E-15,-3.74915180455534E-33));
#5745=DIRECTION('',(-4.24289955468571E-16,-1.,-1.82028920826486E-48));
#5746=DIRECTION('center_axis',(-3.74915180455534E-33,-2.29561756065155E-49,
1.));
#5747=DIRECTION('ref_axis',(-1.,-6.12303176911189E-17,-3.74915180455534E-33));
#5748=DIRECTION('',(-6.12303176911189E-17,1.,0.));
#5749=DIRECTION('',(-1.,-5.97357178912934E-14,-3.74915180455534E-33));
#5750=DIRECTION('center_axis',(-7.35973411006652E-15,-1.,-2.78223221758686E-47));
#5751=DIRECTION('ref_axis',(-3.74915180455534E-33,-2.29561756065214E-49,
1.));
#5752=DIRECTION('',(-1.,7.35973411006652E-15,-3.74915180455534E-33));
#5753=DIRECTION('center_axis',(-3.74915180455534E-33,-2.29561756065155E-49,
1.));
#5754=DIRECTION('ref_axis',(-1.,-6.12303176911189E-17,-3.74915180455534E-33));
#5755=DIRECTION('center_axis',(-8.61238706219293E-15,-1.,-3.25187082518149E-47));
#5756=DIRECTION('ref_axis',(-3.74915180455534E-33,-2.29561756065214E-49,
1.));
#5757=DIRECTION('',(-3.74915180455534E-33,-2.29561756065155E-49,1.));
#5758=DIRECTION('',(-3.74915180455534E-33,-2.29561756065155E-49,1.));
#5759=DIRECTION('center_axis',(-1.,-6.12303176911189E-17,-3.74915180455534E-33));
#5760=DIRECTION('ref_axis',(3.74915180455534E-33,2.29561756065155E-49,-1.));
#5761=DIRECTION('center_axis',(1.,-7.55794730228545E-15,3.74915180455534E-33));
#5762=DIRECTION('ref_axis',(-3.74915180455534E-33,-2.29561756065155E-49,
1.));
#5763=DIRECTION('',(-3.74915180455534E-33,-2.29561756065155E-49,1.));
#5764=DIRECTION('center_axis',(5.97357178912934E-14,-1.,2.23728712772487E-46));
#5765=DIRECTION('ref_axis',(-3.74915180455534E-33,-2.29561756064377E-49,
1.));
#5766=DIRECTION('',(-3.74915180455534E-33,-2.29561756065155E-49,1.));
#5767=DIRECTION('center_axis',(-1.,-6.12303176911189E-17,-3.74915180455534E-33));
#5768=DIRECTION('ref_axis',(3.74915180455534E-33,2.29561756065155E-49,-1.));
#5769=DIRECTION('',(-3.74915180455534E-33,-2.29561756065155E-49,1.));
#5770=DIRECTION('center_axis',(-6.12303176911189E-17,1.,0.));
#5771=DIRECTION('ref_axis',(3.74915180455534E-33,2.29561756065155E-49,-1.));
#5772=DIRECTION('center_axis',(-1.,-1.14968426340208E-15,-3.74915180455534E-33));
#5773=DIRECTION('ref_axis',(3.74915180455534E-33,2.29561756065155E-49,-1.));
#5774=DIRECTION('',(-3.74915180455534E-33,-2.29561756065155E-49,1.));
#5775=DIRECTION('center_axis',(-6.12303176911189E-17,1.,0.));
#5776=DIRECTION('ref_axis',(3.74915180455534E-33,2.29561756065155E-49,-1.));
#5777=DIRECTION('',(-3.74915180455534E-33,-2.29561756065155E-49,1.));
#5778=DIRECTION('center_axis',(1.,-4.24289955468571E-16,3.74915180455534E-33));
#5779=DIRECTION('ref_axis',(-3.74915180455534E-33,-2.29561756065155E-49,
1.));
#5780=CARTESIAN_POINT('',(0.,0.,0.));
#5781=CARTESIAN_POINT('Origin',(1.0308089769072E-38,-1.68343881296514E-22,
0.540944881889764));
#5782=CARTESIAN_POINT('',(-0.0601300429442444,-2.94664262285867E-17,0.597688970626395));
#5783=CARTESIAN_POINT('',(0.0305152380092818,7.55353530905823E-18,0.617784545607561));
#5784=CARTESIAN_POINT('Origin',(-0.0148074024674813,-2.1006218433416E-17,
0.607736758116978));
#5785=CARTESIAN_POINT('Origin',(-0.0148074024674813,-2.1006218433416E-17,
0.607736758116978));
#5786=CARTESIAN_POINT('',(0.0178946137507881,1.09556072871275E-18,0.460227495474336));
#5787=CARTESIAN_POINT('Origin',(1.0308089769072E-38,-1.68343881296514E-22,
0.540944881889764));
#5788=CARTESIAN_POINT('Ctrl Pts',(-0.0724217586931174,-1.16567283344144E-13,
0.874515482209667));
#5789=CARTESIAN_POINT('Ctrl Pts',(-0.0724217586931167,-0.00149281811416161,
0.874515482209664));
#5790=CARTESIAN_POINT('Ctrl Pts',(-0.0738791910572128,-0.00149281811416161,
0.87419237723337));
#5791=CARTESIAN_POINT('Ctrl Pts',(-0.0753366234213088,-0.00149281811416161,
0.873869272257075));
#5792=CARTESIAN_POINT('Ctrl Pts',(-0.0753366234213095,-1.16567283344144E-13,
0.873869272257078));
#5793=CARTESIAN_POINT('Ctrl Pts',(-0.0753366234213103,0.00149281811392848,
0.873869272257081));
#5794=CARTESIAN_POINT('Ctrl Pts',(-0.0738791910572142,0.00149281811392848,
0.874192377233376));
#5795=CARTESIAN_POINT('Ctrl Pts',(-0.0724217586931181,0.00149281811392848,
0.87451548220967));
#5796=CARTESIAN_POINT('Ctrl Pts',(-0.0724217586931174,-1.16567283344144E-13,
0.874515482209667));
#5797=CARTESIAN_POINT('Ctrl Pts',(-0.0513093500823887,-1.16567283344569E-13,
0.879195990514564));
#5798=CARTESIAN_POINT('Ctrl Pts',(-0.0513093500823777,-0.0231178257520465,
0.879195990514514));
#5799=CARTESIAN_POINT('Ctrl Pts',(-0.0738791910572442,-0.0231178257520465,
0.874192377233511));
#5800=CARTESIAN_POINT('Ctrl Pts',(-0.0964490320321106,-0.0231178257520465,
0.869188763952508));
#5801=CARTESIAN_POINT('Ctrl Pts',(-0.0964490320321217,-1.16567283344569E-13,
0.869188763952558));
#5802=CARTESIAN_POINT('Ctrl Pts',(-0.0964490320321327,0.0231178257518133,
0.869188763952608));
#5803=CARTESIAN_POINT('Ctrl Pts',(-0.0738791910572662,0.0231178257518133,
0.874192377233611));
#5804=CARTESIAN_POINT('Ctrl Pts',(-0.0513093500823998,0.0231178257518133,
0.879195990514614));
#5805=CARTESIAN_POINT('Ctrl Pts',(-0.0513093500823887,-1.16567283344569E-13,
0.879195990514564));
#5806=CARTESIAN_POINT('Ctrl Pts',(-0.0332370819477424,-8.23534973589556E-14,
0.867320213495437));
#5807=CARTESIAN_POINT('Ctrl Pts',(-0.0332370819477242,-0.0381913203781185,
0.867320213495354));
#5808=CARTESIAN_POINT('Ctrl Pts',(-0.0705231155393779,-0.0381913203781185,
0.85905409885667));
#5809=CARTESIAN_POINT('Ctrl Pts',(-0.107809149131032,-0.0381913203781185,
0.850787984217985));
#5810=CARTESIAN_POINT('Ctrl Pts',(-0.10780914913105,-8.23534973589557E-14,
0.850787984218068));
#5811=CARTESIAN_POINT('Ctrl Pts',(-0.107809149131068,0.0381913203779538,
0.85078798421815));
#5812=CARTESIAN_POINT('Ctrl Pts',(-0.0705231155394143,0.0381913203779538,
0.859054098856835));
#5813=CARTESIAN_POINT('Ctrl Pts',(-0.0332370819477607,0.0381913203779538,
0.867320213495519));
#5814=CARTESIAN_POINT('Ctrl Pts',(-0.0332370819477424,-8.23534973589556E-14,
0.867320213495437));
#5815=CARTESIAN_POINT('Ctrl Pts',(-0.0151648138130962,-4.81397113733421E-14,
0.85544443647631));
#5816=CARTESIAN_POINT('Ctrl Pts',(-0.0151648138130707,-0.0532648150041906,
0.855444436476195));
#5817=CARTESIAN_POINT('Ctrl Pts',(-0.0671670400215115,-0.0532648150041906,
0.843915820479829));
#5818=CARTESIAN_POINT('Ctrl Pts',(-0.119169266229952,-0.0532648150041906,
0.832387204483463));
#5819=CARTESIAN_POINT('Ctrl Pts',(-0.119169266229978,-4.81397113733423E-14,
0.832387204483578));
#5820=CARTESIAN_POINT('Ctrl Pts',(-0.119169266230003,0.0532648150040943,
0.832387204483692));
#5821=CARTESIAN_POINT('Ctrl Pts',(-0.0671670400215624,0.0532648150040943,
0.843915820480058));
#5822=CARTESIAN_POINT('Ctrl Pts',(-0.0151648138131216,0.0532648150040943,
0.855444436476425));
#5823=CARTESIAN_POINT('Ctrl Pts',(-0.0151648138130962,-4.81397113733421E-14,
0.85544443647631));
#5824=CARTESIAN_POINT('Ctrl Pts',(-0.0110830360292358,-4.42958814580423E-16,
0.834208145711165));
#5825=CARTESIAN_POINT('Ctrl Pts',(-0.0110830360292106,-0.0526534637816314,
0.834208145711052));
#5826=CARTESIAN_POINT('Ctrl Pts',(-0.0624884024801666,-0.0526534637816314,
0.822811850337271));
#5827=CARTESIAN_POINT('Ctrl Pts',(-0.113893768931122,-0.0526534637816314,
0.81141555496349));
#5828=CARTESIAN_POINT('Ctrl Pts',(-0.113893768931148,-4.42958814580611E-16,
0.811415554963604));
#5829=CARTESIAN_POINT('Ctrl Pts',(-0.113893768931173,0.0526534637816305,
0.811415554963717));
#5830=CARTESIAN_POINT('Ctrl Pts',(-0.0624884024802168,0.0526534637816305,
0.822811850337498));
#5831=CARTESIAN_POINT('Ctrl Pts',(-0.0110830360292609,0.0526534637816305,
0.834208145711279));
#5832=CARTESIAN_POINT('Ctrl Pts',(-0.0110830360292358,-4.42958814580423E-16,
0.834208145711165));
#5833=CARTESIAN_POINT('',(-0.0724217586922786,-6.73356628116026E-14,0.87451548220984));
#5834=CARTESIAN_POINT('Origin',(-0.0738791910568249,-2.46233222742084E-17,
0.874192377233457));
#5835=CARTESIAN_POINT('',(-0.0110830360292228,-4.49407004234776E-16,0.834208145711199));
#5836=CARTESIAN_POINT('Origin',(-0.0613441406560991,-3.63578428594364E-15,
0.824547576333629));
#5837=CARTESIAN_POINT('',(-0.113893768931327,-3.99694617694217E-17,0.811415554964393));
#5838=CARTESIAN_POINT('Origin',(-0.0624884024802747,-2.71498259505944E-17,
0.822811850337796));
#5839=CARTESIAN_POINT('Origin',(-0.0624884024802747,-2.71498259505944E-17,
0.822811850337796));
#5840=CARTESIAN_POINT('Origin',(1.23074104156761E-33,-2.00995265316416E-17,
0.540944881889764));
#5841=CARTESIAN_POINT('',(-0.0434336412616348,-2.82073018419387E-17,0.531315875442911));
#5842=CARTESIAN_POINT('Origin',(-0.0738791910568249,-2.46233222742084E-17,
0.874192377233457));
#5843=CARTESIAN_POINT('Origin',(-7.03907589204997E-18,0.114960629921261,
0.32007874015748));
#5844=CARTESIAN_POINT('',(-0.0511811023622026,0.114960629921261,0.0200787401574802));
#5845=CARTESIAN_POINT('',(-0.051181102362205,0.11496062992126,0.0275590551181102));
#5846=CARTESIAN_POINT('',(-0.051181102362205,0.11496062992126,-1.91885722280393E-34));
#5847=CARTESIAN_POINT('',(-0.12007874015748,0.114960629921261,0.0200787401574802));
#5848=CARTESIAN_POINT('',(-7.03907589204997E-18,0.114960629921261,0.0200787401574802));
#5849=CARTESIAN_POINT('',(-0.120078740157481,0.11496062992126,0.0275590551181102));
#5850=CARTESIAN_POINT('',(-0.120078740157481,0.11496062992126,-4.50193425350151E-34));
#5851=CARTESIAN_POINT('',(-0.136318897637795,0.11496062992126,0.0275590551181102));
#5852=CARTESIAN_POINT('Origin',(-7.03907589204997E-18,0.114960629921261,
0.0200787401574802));
#5853=CARTESIAN_POINT('',(-0.0584820993052248,0.0796919119635146,0.0200787401574802));
#5854=CARTESIAN_POINT('',(-0.0501295246375982,0.120040456480462,0.0200787401574802));
#5855=CARTESIAN_POINT('',(-0.112777743214459,0.0796919119635199,0.0200787401574802));
#5856=CARTESIAN_POINT('Origin',(-0.0856299212598421,0.0853117977029946,
0.0200787401574802));
#5857=CARTESIAN_POINT('',(-0.113961078562854,0.085408216322723,0.0200787401574802));
#5858=CARTESIAN_POINT('Origin',(-0.0856299212598421,0.0853117977029946,
-3.21039573815269E-34));
#5859=CARTESIAN_POINT('',(-0.0584820993052243,0.0796919119635185,0.0275590551181102));
#5860=CARTESIAN_POINT('',(-0.0584820993052243,0.0796919119635185,-2.19258268144367E-34));
#5861=CARTESIAN_POINT('',(-0.11277774321446,0.0796919119635184,0.0275590551181102));
#5862=CARTESIAN_POINT('Origin',(-0.0856299212598421,0.0853117977029946,
0.0275590551181102));
#5863=CARTESIAN_POINT('',(-0.11277774321446,0.0796919119635184,-4.22820879486171E-34));
#5864=CARTESIAN_POINT('Origin',(-0.11277774321446,0.0796919119635184,-4.22820879486171E-34));
#5865=CARTESIAN_POINT('',(-0.11277774321446,0.0796919119635184,0.0275590551181102));
#5866=CARTESIAN_POINT('Origin',(-0.051181102362205,0.11496062992126,-1.91885722280393E-34));
#5867=CARTESIAN_POINT('',(-0.051181102362205,0.11496062992126,0.0275590551181102));
#5868=CARTESIAN_POINT('Origin',(-0.0856299212598425,0.0922777130338815,
0.0275590551181102));
#5869=CARTESIAN_POINT('Origin',(3.52615539521105E-18,-0.0575883896764837,
0.0200787401574802));
#5870=CARTESIAN_POINT('',(-0.0584820993052248,-0.0796919119635146,0.0200787401574802));
#5871=CARTESIAN_POINT('',(-0.0511811023622029,-0.11496062992126,0.0200787401574803));
#5872=CARTESIAN_POINT('',(-0.0594743324597306,-0.0748987595286215,0.0200787401574803));
#5873=CARTESIAN_POINT('',(-0.120078740157478,-0.11496062992126,0.0200787401574803));
#5874=CARTESIAN_POINT('',(7.03907589204988E-18,-0.11496062992126,0.0200787401574803));
#5875=CARTESIAN_POINT('',(-0.112777743214459,-0.07969191196352,0.0200787401574802));
#5876=CARTESIAN_POINT('',(-0.11191726768374,-0.0755352373286248,0.0200787401574803));
#5877=CARTESIAN_POINT('Origin',(-0.0856299212598421,-0.0853117977029939,
0.0200787401574802));
#5878=CARTESIAN_POINT('Origin',(7.03907589204988E-18,-0.11496062992126,
0.0200787401574803));
#5879=CARTESIAN_POINT('',(-0.051181102362205,-0.114960629921259,0.0275590551181102));
#5880=CARTESIAN_POINT('',(-0.0511811023622054,-0.114960629921257,-1.91885722280394E-34));
#5881=CARTESIAN_POINT('',(-0.120078740157481,-0.114960629921259,0.0275590551181102));
#5882=CARTESIAN_POINT('',(0.0506889763779526,-0.114960629921258,0.0275590551181102));
#5883=CARTESIAN_POINT('',(-0.12007874015748,-0.114960629921257,-4.50193425350149E-34));
#5884=CARTESIAN_POINT('Origin',(-0.0856299212598421,-0.0853117977029939,
-3.21039573815269E-34));
#5885=CARTESIAN_POINT('',(-0.11277774321446,-0.0796919119635177,0.0275590551181102));
#5886=CARTESIAN_POINT('',(-0.11277774321446,-0.0796919119635177,-4.22820879486171E-34));
#5887=CARTESIAN_POINT('',(-0.0584820993052243,-0.0796919119635178,0.0275590551181102));
#5888=CARTESIAN_POINT('Origin',(-0.0856299212598421,-0.0853117977029939,
0.0275590551181102));
#5889=CARTESIAN_POINT('',(-0.0584820993052243,-0.0796919119635178,-2.19258268144367E-34));
#5890=CARTESIAN_POINT('Origin',(-0.0584820993052243,-0.0796919119635178,
-2.19258268144367E-34));
#5891=CARTESIAN_POINT('',(-0.0584820993052243,-0.0796919119635178,0.0275590551181102));
#5892=CARTESIAN_POINT('Origin',(-0.120078740157481,-0.114960629921259,-4.50193425350151E-34));
#5893=CARTESIAN_POINT('',(-0.120078740157481,-0.114960629921259,0.0275590551181102));
#5894=CARTESIAN_POINT('Origin',(-0.0856299212598425,-0.0922777130338808,
0.0275590551181102));
#5895=CARTESIAN_POINT('Origin',(7.03907589204988E-18,-0.11496062992126,
0.0200787401574803));
#5896=CARTESIAN_POINT('',(0.0511811023622047,-0.11496062992126,0.0200787401574803));
#5897=CARTESIAN_POINT('',(0.0511811023622054,-0.114960629921257,0.0275590551181102));
#5898=CARTESIAN_POINT('',(0.0511811023622052,-0.114960629921258,1.91885722280393E-34));
#5899=CARTESIAN_POINT('',(0.12007874015748,-0.11496062992126,0.0200787401574803));
#5900=CARTESIAN_POINT('',(7.03907589204988E-18,-0.11496062992126,0.0200787401574803));
#5901=CARTESIAN_POINT('',(0.120078740157481,-0.114960629921255,0.0275590551181102));
#5902=CARTESIAN_POINT('',(0.120078740157482,-0.114960629921259,4.50193425350155E-34));
#5903=CARTESIAN_POINT('',(0.136318897637794,-0.114960629921259,0.0275590551181102));
#5904=CARTESIAN_POINT('Origin',(3.52615539521105E-18,-0.0575883896764837,
0.0200787401574802));
#5905=CARTESIAN_POINT('',(0.11277774321446,-0.0796919119635182,0.0200787401574802));
#5906=CARTESIAN_POINT('',(0.108266769212215,-0.0579008783497459,0.0200787401574802));
#5907=CARTESIAN_POINT('',(0.0584820993052248,-0.0796919119635183,0.0200787401574802));
#5908=CARTESIAN_POINT('',(0.0558238339882206,-0.0925331185074901,0.0200787401574803));
#5909=CARTESIAN_POINT('Origin',(0.0856299212598354,-0.0853117977029969,
0.0200787401574802));
#5910=CARTESIAN_POINT('Origin',(0.0511811023622054,-0.114960629921257,1.91885722280394E-34));
#5911=CARTESIAN_POINT('',(0.0584820993052235,-0.0796919119635157,0.0275590551181102));
#5912=CARTESIAN_POINT('',(0.0584820993052235,-0.0796919119635157,0.0275590551181102));
#5913=CARTESIAN_POINT('',(0.0584820993052235,-0.0796919119635157,2.19258268144363E-34));
#5914=CARTESIAN_POINT('Origin',(0.0856299212598354,-0.0853117977029969,
3.21039573815244E-34));
#5915=CARTESIAN_POINT('',(0.112777743214453,-0.0796919119635216,0.0275590551181102));
#5916=CARTESIAN_POINT('Origin',(0.0856299212598354,-0.0853117977029969,
0.0275590551181102));
#5917=CARTESIAN_POINT('',(0.112777743214453,-0.0796919119635216,4.22820879486146E-34));
#5918=CARTESIAN_POINT('Origin',(0.112777743214453,-0.0796919119635216,4.22820879486146E-34));
#5919=CARTESIAN_POINT('',(0.120078740157481,-0.114960629921255,0.0275590551181102));
#5920=CARTESIAN_POINT('Origin',(0.0856299212598396,-0.0922777130338806,
0.0275590551181102));
#5921=CARTESIAN_POINT('Origin',(0.0856299212598396,0.0922777130338813,0.0275590551181102));
#5922=CARTESIAN_POINT('',(0.120078740157481,0.114960629921256,0.0275590551181102));
#5923=CARTESIAN_POINT('',(0.0511811023622054,0.114960629921258,0.0275590551181102));
#5924=CARTESIAN_POINT('',(-0.0506889763779539,0.11496062992126,0.0275590551181102));
#5925=CARTESIAN_POINT('',(0.0584820993052235,0.0796919119635164,0.0275590551181102));
#5926=CARTESIAN_POINT('',(0.0511811023622054,0.114960629921258,0.0275590551181102));
#5927=CARTESIAN_POINT('',(0.112777743214453,0.0796919119635223,0.0275590551181102));
#5928=CARTESIAN_POINT('Origin',(0.0856299212598354,0.0853117977029976,0.0275590551181102));
#5929=CARTESIAN_POINT('',(0.112777743214453,0.0796919119635223,0.0275590551181102));
#5930=CARTESIAN_POINT('Origin',(0.0584820993052235,0.0796919119635164,2.19258268144363E-34));
#5931=CARTESIAN_POINT('',(0.0584820993052248,0.0796919119635183,0.0200787401574802));
#5932=CARTESIAN_POINT('',(0.0511811023622044,0.114960629921261,0.0200787401574802));
#5933=CARTESIAN_POINT('',(0.0537800231091078,0.102406097501589,0.0200787401574802));
#5934=CARTESIAN_POINT('',(0.0584820993052235,0.0796919119635164,2.19258268144363E-34));
#5935=CARTESIAN_POINT('',(0.051181102362205,0.11496062992126,1.91885722280393E-34));
#5936=CARTESIAN_POINT('Origin',(0.0856299212598354,0.0853117977029976,3.21039573815244E-34));
#5937=CARTESIAN_POINT('',(0.11277774321446,0.0796919119635183,0.0200787401574802));
#5938=CARTESIAN_POINT('Origin',(0.0856299212598354,0.0853117977029976,0.0200787401574802));
#5939=CARTESIAN_POINT('',(0.112777743214453,0.0796919119635223,4.22820879486146E-34));
#5940=CARTESIAN_POINT('Origin',(0.120078740157481,0.114960629921256,4.50193425350152E-34));
#5941=CARTESIAN_POINT('',(0.12007874015748,0.114960629921261,0.0200787401574802));
#5942=CARTESIAN_POINT('',(0.117611577034359,0.103042575301579,0.0200787401574802));
#5943=CARTESIAN_POINT('',(0.120078740157482,0.11496062992126,4.50193425350156E-34));
#5944=CARTESIAN_POINT('Origin',(-7.03907589204997E-18,0.114960629921261,
0.0200787401574802));
#5945=CARTESIAN_POINT('',(-7.03907589204997E-18,0.114960629921261,0.0200787401574802));
#5946=CARTESIAN_POINT('Origin',(-7.03907589204997E-18,0.114960629921261,
0.32007874015748));
#5947=CARTESIAN_POINT('Origin',(-4.67199246561603E-17,0.0491644804575085,
0.35));
#5948=CARTESIAN_POINT('',(-0.175196850393701,0.105118110236221,0.35));
#5949=CARTESIAN_POINT('',(-0.0627850928480285,0.105118110236221,0.35));
#5950=CARTESIAN_POINT('',(-6.43641528485389E-18,0.105118110236221,0.35));
#5951=CARTESIAN_POINT('',(-0.175196850393701,0.125196850393701,0.35));
#5952=CARTESIAN_POINT('',(-0.175196850393701,-0.13503937007874,0.35));
#5953=CARTESIAN_POINT('',(-0.165354330708661,0.13503937007874,0.35));
#5954=CARTESIAN_POINT('Origin',(-0.165354330708661,0.125196850393701,0.35));
#5955=CARTESIAN_POINT('',(-0.124015748031496,0.13503937007874,0.35));
#5956=CARTESIAN_POINT('',(-0.175196850393701,0.13503937007874,0.35));
#5957=CARTESIAN_POINT('',(-0.124015748031496,0.217322834645669,0.35));
#5958=CARTESIAN_POINT('',(-0.124015748031496,0.13503937007874,0.35));
#5959=CARTESIAN_POINT('',(-0.0759842519685039,0.217322834645669,0.35));
#5960=CARTESIAN_POINT('Origin',(-0.1,0.217322834645669,0.35));
#5961=CARTESIAN_POINT('',(-0.0759842519685039,0.13503937007874,0.35));
#5962=CARTESIAN_POINT('',(-0.0759842519685039,0.217322834645669,0.35));
#5963=CARTESIAN_POINT('',(0.0759842519685039,0.13503937007874,0.35));
#5964=CARTESIAN_POINT('',(-0.0759842519685039,0.13503937007874,0.35));
#5965=CARTESIAN_POINT('',(0.0759842519685039,0.217322834645669,0.35));
#5966=CARTESIAN_POINT('',(0.0759842519685039,0.13503937007874,0.35));
#5967=CARTESIAN_POINT('',(0.124015748031496,0.217322834645669,0.35));
#5968=CARTESIAN_POINT('Origin',(0.1,0.217322834645669,0.35));
#5969=CARTESIAN_POINT('',(0.124015748031496,0.13503937007874,0.35));
#5970=CARTESIAN_POINT('',(0.124015748031496,0.217322834645669,0.35));
#5971=CARTESIAN_POINT('',(0.165354330708661,0.13503937007874,0.35));
#5972=CARTESIAN_POINT('',(0.124015748031496,0.13503937007874,0.35));
#5973=CARTESIAN_POINT('',(0.175196850393701,0.125196850393701,0.35));
#5974=CARTESIAN_POINT('Origin',(0.165354330708661,0.125196850393701,0.35));
#5975=CARTESIAN_POINT('',(0.175196850393701,0.105118110236221,0.35));
#5976=CARTESIAN_POINT('',(0.175196850393701,0.13503937007874,0.35));
#5977=CARTESIAN_POINT('',(0.0627850928480189,0.105118110236227,0.35));
#5978=CARTESIAN_POINT('',(-6.43641528485389E-18,0.105118110236221,0.35));
#5979=CARTESIAN_POINT('Origin',(5.35287824191689E-33,-8.74191357972564E-17,
0.35));
#5980=CARTESIAN_POINT('Origin',(-4.67199246561603E-17,0.0491644804575085,
0.35));
#5981=CARTESIAN_POINT('',(-0.175196850393701,-0.10511811023622,0.35));
#5982=CARTESIAN_POINT('',(-0.0627850928480309,-0.10511811023622,0.35));
#5983=CARTESIAN_POINT('',(6.43641528485381E-18,-0.10511811023622,0.35));
#5984=CARTESIAN_POINT('',(0.0627850928480309,-0.10511811023622,0.35));
#5985=CARTESIAN_POINT('Origin',(5.35287824191689E-33,-8.74191357972564E-17,
0.35));
#5986=CARTESIAN_POINT('',(0.175196850393701,-0.10511811023622,0.35));
#5987=CARTESIAN_POINT('',(6.43641528485381E-18,-0.10511811023622,0.35));
#5988=CARTESIAN_POINT('',(0.175196850393701,-0.125196850393701,0.35));
#5989=CARTESIAN_POINT('',(0.175196850393701,0.13503937007874,0.35));
#5990=CARTESIAN_POINT('',(0.165354330708661,-0.13503937007874,0.35));
#5991=CARTESIAN_POINT('Origin',(0.165354330708661,-0.125196850393701,0.35));
#5992=CARTESIAN_POINT('',(-0.165354330708662,-0.13503937007874,0.35));
#5993=CARTESIAN_POINT('',(0.175196850393701,-0.13503937007874,0.35));
#5994=CARTESIAN_POINT('',(-0.175196850393701,-0.125196850393701,0.35));
#5995=CARTESIAN_POINT('Origin',(-0.165354330708662,-0.125196850393701,0.35));
#5996=CARTESIAN_POINT('',(-0.175196850393701,-0.13503937007874,0.35));
#5997=CARTESIAN_POINT('Origin',(-4.67199246561603E-17,0.0491644804575085,
0.369685039370079));
#5998=CARTESIAN_POINT('',(-0.175196850393701,0.125196850393701,0.369685039370079));
#5999=CARTESIAN_POINT('',(-0.165354330708661,0.13503937007874,0.369685039370079));
#6000=CARTESIAN_POINT('Origin',(-0.165354330708661,0.125196850393701,0.369685039370079));
#6001=CARTESIAN_POINT('',(-0.175196850393701,-0.125196850393701,0.369685039370079));
#6002=CARTESIAN_POINT('',(-0.175196850393701,-0.13503937007874,0.369685039370079));
#6003=CARTESIAN_POINT('',(-0.165354330708662,-0.13503937007874,0.369685039370079));
#6004=CARTESIAN_POINT('Origin',(-0.165354330708662,-0.125196850393701,0.369685039370079));
#6005=CARTESIAN_POINT('',(0.165354330708661,-0.13503937007874,0.369685039370079));
#6006=CARTESIAN_POINT('',(0.175196850393701,-0.13503937007874,0.369685039370079));
#6007=CARTESIAN_POINT('',(0.175196850393701,-0.125196850393701,0.369685039370079));
#6008=CARTESIAN_POINT('Origin',(0.165354330708661,-0.125196850393701,0.369685039370079));
#6009=CARTESIAN_POINT('',(0.175196850393701,0.125196850393701,0.369685039370079));
#6010=CARTESIAN_POINT('',(0.175196850393701,0.13503937007874,0.369685039370079));
#6011=CARTESIAN_POINT('',(0.165354330708661,0.13503937007874,0.369685039370079));
#6012=CARTESIAN_POINT('Origin',(0.165354330708661,0.125196850393701,0.369685039370079));
#6013=CARTESIAN_POINT('',(0.124015748031496,0.13503937007874,0.369685039370079));
#6014=CARTESIAN_POINT('',(0.124015748031496,0.13503937007874,0.369685039370079));
#6015=CARTESIAN_POINT('',(0.124015748031496,0.217322834645669,0.369685039370079));
#6016=CARTESIAN_POINT('',(0.124015748031496,0.217322834645669,0.369685039370079));
#6017=CARTESIAN_POINT('',(0.0759842519685039,0.217322834645669,0.369685039370079));
#6018=CARTESIAN_POINT('Origin',(0.1,0.217322834645669,0.369685039370079));
#6019=CARTESIAN_POINT('',(0.0759842519685039,0.13503937007874,0.369685039370079));
#6020=CARTESIAN_POINT('',(0.0759842519685039,0.13503937007874,0.369685039370079));
#6021=CARTESIAN_POINT('',(-0.0759842519685039,0.13503937007874,0.369685039370079));
#6022=CARTESIAN_POINT('',(-0.0759842519685039,0.13503937007874,0.369685039370079));
#6023=CARTESIAN_POINT('',(-0.0759842519685039,0.217322834645669,0.369685039370079));
#6024=CARTESIAN_POINT('',(-0.0759842519685039,0.217322834645669,0.369685039370079));
#6025=CARTESIAN_POINT('',(-0.124015748031496,0.217322834645669,0.369685039370079));
#6026=CARTESIAN_POINT('Origin',(-0.1,0.217322834645669,0.369685039370079));
#6027=CARTESIAN_POINT('',(-0.124015748031496,0.13503937007874,0.369685039370079));
#6028=CARTESIAN_POINT('',(-0.124015748031496,0.13503937007874,0.369685039370079));
#6029=CARTESIAN_POINT('',(-0.175196850393701,0.13503937007874,0.369685039370079));
#6030=CARTESIAN_POINT('',(0.0928306418661121,0.0200787401574803,0.369685039370079));
#6031=CARTESIAN_POINT('',(0.120783397771624,0.0200787401574803,0.369685039370079));
#6032=CARTESIAN_POINT('',(0.060391698885812,0.0200787401574803,0.369685039370079));
#6033=CARTESIAN_POINT('',(0.0928306418661122,-0.0200787401574803,0.369685039370079));
#6034=CARTESIAN_POINT('',(0.0928306418661121,0.0346216103074945,0.369685039370079));
#6035=CARTESIAN_POINT('',(0.120783397771624,-0.0200787401574804,0.369685039370079));
#6036=CARTESIAN_POINT('',(0.0464153209330561,-0.0200787401574803,0.369685039370079));
#6037=CARTESIAN_POINT('Origin',(4.96100841834938E-33,-8.22247769360638E-17,
0.369685039370079));
#6038=CARTESIAN_POINT('Origin',(-4.67199246561603E-17,0.0491644804575085,
0.369685039370079));
#6039=CARTESIAN_POINT('',(-0.0826771653543307,-7.72407992887142E-17,0.369685039370079));
#6040=CARTESIAN_POINT('Origin',(4.96581752356422E-33,-8.2303315584402E-17,
0.369685039370079));
#6041=CARTESIAN_POINT('Origin',(-0.165354330708661,0.125196850393701,0.369685039370079));
#6042=CARTESIAN_POINT('',(-0.175196850393701,0.125196850393701,0.369685039370079));
#6043=CARTESIAN_POINT('',(-0.165354330708661,0.13503937007874,0.369685039370079));
#6044=CARTESIAN_POINT('Origin',(-0.175196850393701,0.13503937007874,0.369685039370079));
#6045=CARTESIAN_POINT('',(-0.175196850393701,0.120078740157481,0.35));
#6046=CARTESIAN_POINT('',(-0.175196850393701,-0.125196850393701,0.369685039370079));
#6047=CARTESIAN_POINT('Origin',(0.165354330708661,0.125196850393701,0.369685039370079));
#6048=CARTESIAN_POINT('',(0.165354330708661,0.13503937007874,0.369685039370079));
#6049=CARTESIAN_POINT('',(0.175196850393701,0.125196850393701,0.369685039370079));
#6050=CARTESIAN_POINT('Origin',(0.175196850393701,0.13503937007874,0.369685039370079));
#6051=CARTESIAN_POINT('',(0.124015748031496,0.13503937007874,0.369685039370079));
#6052=CARTESIAN_POINT('Origin',(-0.165354330708662,-0.125196850393701,0.369685039370079));
#6053=CARTESIAN_POINT('',(-0.165354330708662,-0.13503937007874,0.369685039370079));
#6054=CARTESIAN_POINT('Origin',(-0.175196850393701,-0.13503937007874,0.369685039370079));
#6055=CARTESIAN_POINT('',(0.165354330708661,-0.13503937007874,0.369685039370079));
#6056=CARTESIAN_POINT('Origin',(0.165354330708661,-0.125196850393701,0.369685039370079));
#6057=CARTESIAN_POINT('',(0.175196850393701,-0.125196850393701,0.369685039370079));
#6058=CARTESIAN_POINT('Origin',(0.175196850393701,-0.13503937007874,0.369685039370079));
#6059=CARTESIAN_POINT('',(0.175196850393701,-0.0149606299212595,0.35));
#6060=CARTESIAN_POINT('Origin',(0.124015748031496,0.13503937007874,0.369685039370079));
#6061=CARTESIAN_POINT('',(0.124015748031496,0.217322834645669,0.369685039370079));
#6062=CARTESIAN_POINT('Origin',(0.1,0.217322834645669,0.369685039370079));
#6063=CARTESIAN_POINT('',(0.0759842519685039,0.217322834645669,0.369685039370079));
#6064=CARTESIAN_POINT('Origin',(0.0759842519685039,0.217322834645669,0.369685039370079));
#6065=CARTESIAN_POINT('',(0.0759842519685039,0.13503937007874,0.369685039370079));
#6066=CARTESIAN_POINT('Origin',(0.0759842519685039,0.13503937007874,0.369685039370079));
#6067=CARTESIAN_POINT('',(-0.0759842519685039,0.13503937007874,0.369685039370079));
#6068=CARTESIAN_POINT('Origin',(-0.0759842519685039,0.13503937007874,0.369685039370079));
#6069=CARTESIAN_POINT('',(-0.0759842519685039,0.217322834645669,0.369685039370079));
#6070=CARTESIAN_POINT('Origin',(-0.1,0.217322834645669,0.369685039370079));
#6071=CARTESIAN_POINT('',(-0.124015748031496,0.217322834645669,0.369685039370079));
#6072=CARTESIAN_POINT('Origin',(-0.124015748031496,0.217322834645669,0.369685039370079));
#6073=CARTESIAN_POINT('',(-0.124015748031496,0.13503937007874,0.369685039370079));
#6074=CARTESIAN_POINT('Origin',(-0.124015748031496,0.13503937007874,0.369685039370079));
#6075=CARTESIAN_POINT('Origin',(-6.43641528485389E-18,0.105118110236221,
0.35));
#6076=CARTESIAN_POINT('',(-0.187007874015748,0.105118110236221,0.35));
#6077=CARTESIAN_POINT('',(-6.43641528485389E-18,0.105118110236221,0.35));
#6078=CARTESIAN_POINT('',(-0.25,0.105118110236221,0.35));
#6079=CARTESIAN_POINT('',(-0.187007874015748,0.105118110236221,0.35));
#6080=CARTESIAN_POINT('',(-0.25,-0.10511811023622,0.35));
#6081=CARTESIAN_POINT('',(-0.25,-0.10511811023622,0.35));
#6082=CARTESIAN_POINT('',(-0.187007874015748,-0.10511811023622,0.35));
#6083=CARTESIAN_POINT('',(-0.187007874015748,-0.10511811023622,0.35));
#6084=CARTESIAN_POINT('',(6.43641528485381E-18,-0.10511811023622,0.35));
#6085=CARTESIAN_POINT('Origin',(0.0928306418661122,-0.0200787401574803,
0.35));
#6086=CARTESIAN_POINT('',(0.0928306418661122,-0.0200787401574803,0.629527559055118));
#6087=CARTESIAN_POINT('',(0.0928306418661122,-0.0200787401574803,0.35));
#6088=CARTESIAN_POINT('',(0.10278154565919,-0.0200787401574803,0.629527559055118));
#6089=CARTESIAN_POINT('',(0.120783397771624,-0.0200787401574803,0.629527559055118));
#6090=CARTESIAN_POINT('',(0.120783397771624,-0.0200787401574803,0.611811023622047));
#6091=CARTESIAN_POINT('Ctrl Pts',(0.120783397771624,-0.0200787401574802,
0.611811023622047));
#6092=CARTESIAN_POINT('Ctrl Pts',(0.111080493080174,-0.0200787401574802,
0.621382575017849));
#6093=CARTESIAN_POINT('Ctrl Pts',(0.10278154565919,-0.0200787401574802,
0.629527559055118));
#6094=CARTESIAN_POINT('',(0.120783397771624,-0.0200787401574804,0.35));
#6095=CARTESIAN_POINT('Origin',(0.0928306418661121,0.0200787401574802,0.35));
#6096=CARTESIAN_POINT('',(0.0928306418661121,0.0200787401574803,0.629527559055118));
#6097=CARTESIAN_POINT('',(0.0928306418661121,0.0200787401574802,0.35));
#6098=CARTESIAN_POINT('',(0.0928306418661122,-0.0200787401574803,0.629527559055118));
#6099=CARTESIAN_POINT('Origin',(-0.2,0.0643700787401574,-0.0755905511811024));
#6100=CARTESIAN_POINT('',(-0.17007874015748,0.0643700787401574,-0.16496062992126));
#6101=CARTESIAN_POINT('',(-0.17007874015748,-0.025,-0.0755905511811024));
#6102=CARTESIAN_POINT('Origin',(-0.17007874015748,0.0643700787401574,-0.0755905511811024));
#6103=CARTESIAN_POINT('',(-0.2,-0.025,-0.0755905511811024));
#6104=CARTESIAN_POINT('',(-0.2,-0.0250000000000001,-0.0755905511811024));
#6105=CARTESIAN_POINT('',(-0.2,0.0643700787401574,-0.16496062992126));
#6106=CARTESIAN_POINT('Origin',(-0.2,0.0643700787401574,-0.0755905511811024));
#6107=CARTESIAN_POINT('',(-0.2,0.0643700787401574,-0.16496062992126));
#6108=CARTESIAN_POINT('Origin',(-0.2,0.0399606299212598,-7.49830360911069E-34));
#6109=CARTESIAN_POINT('',(-0.2,-0.025,-0.0610236220472441));
#6110=CARTESIAN_POINT('',(-0.2,-0.0250000000000001,-0.16496062992126));
#6111=CARTESIAN_POINT('',(-0.2,-0.0399606299212599,-0.0610236220472441));
#6112=CARTESIAN_POINT('',(-0.2,-0.0399606299212599,-0.0610236220472441));
#6113=CARTESIAN_POINT('',(-0.2,-0.0399606299212599,-0.0393700787401575));
#6114=CARTESIAN_POINT('',(-0.2,-0.0399606299212599,-7.49830360911069E-34));
#6115=CARTESIAN_POINT('',(-0.2,0.0399606299212598,-0.0393700787401575));
#6116=CARTESIAN_POINT('',(-0.2,0.0199803149606299,-0.0393700787401575));
#6117=CARTESIAN_POINT('',(-0.2,0.0399606299212598,-0.0610236220472441));
#6118=CARTESIAN_POINT('',(-0.2,0.0399606299212598,-7.49830360911069E-34));
#6119=CARTESIAN_POINT('',(-0.2,0.025,-0.0610236220472441));
#6120=CARTESIAN_POINT('',(-0.2,-0.0399606299212599,-0.0610236220472441));
#6121=CARTESIAN_POINT('',(-0.2,0.025,-0.0755905511811023));
#6122=CARTESIAN_POINT('',(-0.2,0.025,-0.0610236220472441));
#6123=CARTESIAN_POINT('',(-0.2,0.0643700787401574,-0.11496062992126));
#6124=CARTESIAN_POINT('Origin',(-0.2,0.0643700787401574,-0.0755905511811024));
#6125=CARTESIAN_POINT('',(-0.2,0.259842519685039,-0.11496062992126));
#6126=CARTESIAN_POINT('',(-0.2,0.0249999999999999,-0.11496062992126));
#6127=CARTESIAN_POINT('',(-0.2,0.259842519685039,-0.16496062992126));
#6128=CARTESIAN_POINT('',(-0.2,0.259842519685039,-0.11496062992126));
#6129=CARTESIAN_POINT('',(-0.2,0.259842519685039,-0.16496062992126));
#6130=CARTESIAN_POINT('Origin',(-0.2,-0.0250000000000001,-0.16496062992126));
#6131=CARTESIAN_POINT('',(-0.17007874015748,-0.025,-0.0610236220472441));
#6132=CARTESIAN_POINT('',(-0.17007874015748,-0.0250000000000001,-0.16496062992126));
#6133=CARTESIAN_POINT('',(-0.19251968503937,-0.025,-0.0610236220472441));
#6134=CARTESIAN_POINT('Origin',(-0.2,0.0643700787401574,-0.0755905511811024));
#6135=CARTESIAN_POINT('',(-0.17007874015748,0.025,-0.0755905511811023));
#6136=CARTESIAN_POINT('',(-0.2,0.025,-0.0755905511811023));
#6137=CARTESIAN_POINT('',(-0.17007874015748,0.0643700787401574,-0.11496062992126));
#6138=CARTESIAN_POINT('Origin',(-0.17007874015748,0.0643700787401574,-0.0755905511811024));
#6139=CARTESIAN_POINT('',(-0.2,0.0643700787401574,-0.11496062992126));
#6140=CARTESIAN_POINT('Origin',(-0.2,0.025,-0.0610236220472441));
#6141=CARTESIAN_POINT('',(-0.17007874015748,0.025,-0.0610236220472441));
#6142=CARTESIAN_POINT('',(-0.19251968503937,0.025,-0.0610236220472441));
#6143=CARTESIAN_POINT('',(-0.17007874015748,0.025,-0.0610236220472441));
#6144=CARTESIAN_POINT('Origin',(-0.2,0.0249999999999999,-0.11496062992126));
#6145=CARTESIAN_POINT('',(-0.17007874015748,0.259842519685039,-0.11496062992126));
#6146=CARTESIAN_POINT('',(-0.17007874015748,0.0249999999999999,-0.11496062992126));
#6147=CARTESIAN_POINT('',(-0.2,0.259842519685039,-0.11496062992126));
#6148=CARTESIAN_POINT('Origin',(-0.2,0.259842519685039,-0.11496062992126));
#6149=CARTESIAN_POINT('',(-0.17007874015748,0.259842519685039,-0.16496062992126));
#6150=CARTESIAN_POINT('',(-0.17007874015748,0.259842519685039,-0.11496062992126));
#6151=CARTESIAN_POINT('',(-0.2,0.259842519685039,-0.16496062992126));
#6152=CARTESIAN_POINT('Origin',(-0.2,0.259842519685039,-0.16496062992126));
#6153=CARTESIAN_POINT('',(-0.17007874015748,0.259842519685039,-0.16496062992126));
#6154=CARTESIAN_POINT('Origin',(-0.18503937007874,-4.84033508346812E-17,
-0.0610236220472441));
#6155=CARTESIAN_POINT('',(-0.17007874015748,-0.0399606299212599,-0.0610236220472441));
#6156=CARTESIAN_POINT('',(-0.17007874015748,0.0399606299212598,-0.0610236220472441));
#6157=CARTESIAN_POINT('',(-0.17007874015748,-0.0399606299212599,-0.0610236220472441));
#6158=CARTESIAN_POINT('Origin',(-0.18503937007874,-4.84033508346812E-17,
-0.0610236220472441));
#6159=CARTESIAN_POINT('',(-0.17007874015748,0.0399606299212598,-0.0610236220472441));
#6160=CARTESIAN_POINT('',(-0.2,0.0399606299212598,-0.0610236220472441));
#6161=CARTESIAN_POINT('',(-0.17007874015748,0.0399606299212598,-0.0610236220472441));
#6162=CARTESIAN_POINT('Origin',(-0.168727772635797,-0.0413115974429434,
-0.0236220472440945));
#6163=CARTESIAN_POINT('',(-0.157592232774591,-0.0413115974429434,-0.0347575871053));
#6164=CARTESIAN_POINT('',(-0.168727772635797,-0.0524471373041489,-0.0347575871053));
#6165=CARTESIAN_POINT('Origin',(-0.168727772635797,-0.0413115974429434,
-0.0236220472440945));
#6166=CARTESIAN_POINT('',(-0.168727772635797,-0.0413115974429434,-0.0393700787401575));
#6167=CARTESIAN_POINT('Origin',(-0.168727772635797,-0.0413115974429434,
-0.0236220472440945));
#6168=CARTESIAN_POINT('Origin',(-0.168727772635797,-0.0413115974429434,
-0.0236220472440945));
#6169=CARTESIAN_POINT('Origin',(-0.201350967521684,-0.0413115974429434,
-0.0236220472440945));
#6170=CARTESIAN_POINT('',(-0.201350967521684,-0.0524471373041489,-0.0347575871053));
#6171=CARTESIAN_POINT('',(-0.212486507382889,-0.0413115974429434,-0.0347575871053));
#6172=CARTESIAN_POINT('Origin',(-0.201350967521684,-0.0413115974429434,
-0.0236220472440945));
#6173=CARTESIAN_POINT('',(-0.201350967521684,-0.0413115974429434,-0.0393700787401575));
#6174=CARTESIAN_POINT('Origin',(-0.201350967521684,-0.0413115974429434,
-0.0236220472440945));
#6175=CARTESIAN_POINT('Origin',(-0.201350967521684,-0.0413115974429434,
-0.0236220472440945));
#6176=CARTESIAN_POINT('Origin',(-0.168727772635797,0.0413115974429433,-0.0236220472440945));
#6177=CARTESIAN_POINT('',(-0.157592232774591,0.0413115974429433,-0.0347575871053));
#6178=CARTESIAN_POINT('',(-0.168727772635797,0.0413115974429433,-0.0393700787401575));
#6179=CARTESIAN_POINT('Origin',(-0.168727772635797,0.0413115974429433,-0.0236220472440945));
#6180=CARTESIAN_POINT('',(-0.168727772635797,0.0524471373041488,-0.0347575871053));
#6181=CARTESIAN_POINT('Origin',(-0.168727772635797,0.0413115974429433,-0.0236220472440945));
#6182=CARTESIAN_POINT('Origin',(-0.168727772635797,0.0413115974429433,-0.0236220472440945));
#6183=CARTESIAN_POINT('Origin',(-0.201350967521684,0.0413115974429433,-0.0236220472440945));
#6184=CARTESIAN_POINT('',(-0.201350967521684,0.0413115974429433,-0.0393700787401575));
#6185=CARTESIAN_POINT('',(-0.212486507382889,0.0413115974429434,-0.0347575871052999));
#6186=CARTESIAN_POINT('Origin',(-0.201350967521684,0.0413115974429434,-0.0236220472440945));
#6187=CARTESIAN_POINT('',(-0.201350967521684,0.0524471373041488,-0.0347575871053));
#6188=CARTESIAN_POINT('Origin',(-0.201350967521684,0.0413115974429433,-0.0236220472440945));
#6189=CARTESIAN_POINT('Origin',(-0.201350967521684,0.0413115974429433,-0.0236220472440945));
#6190=CARTESIAN_POINT('Origin',(-0.219085493110902,0.0590461230321622,-0.00588752165487565));
#6191=CARTESIAN_POINT('',(-0.236108554626984,0.0872047244094488,-8.85206813650709E-34));
#6192=CARTESIAN_POINT('',(-0.247244094488189,0.0760691845482433,-9.26955643016046E-34));
#6193=CARTESIAN_POINT('Origin',(-0.224973014765778,0.0649336446870378,-6.82961998416066E-19));
#6194=CARTESIAN_POINT('',(-0.219085493110902,0.0701816628933677,-0.0170230615160811));
#6195=CARTESIAN_POINT('',(-0.230221032972108,0.0590461230321622,-0.0170230615160811));
#6196=CARTESIAN_POINT('Origin',(-0.153937007874016,0.0413115974429433,-0.0236220472440945));
#6197=CARTESIAN_POINT('',(-0.153937007874016,0.0524471373041488,-0.0347575871053));
#6198=CARTESIAN_POINT('',(-0.153937007874016,0.0413115974429433,-0.0393700787401575));
#6199=CARTESIAN_POINT('Origin',(-0.201350967521684,0.0436023622047244,-0.0236220472440945));
#6200=CARTESIAN_POINT('',(-0.212486507382889,0.0436023622047244,-0.0347575871053));
#6201=CARTESIAN_POINT('',(-0.201350967521684,0.0436023622047244,-0.0393700787401575));
#6202=CARTESIAN_POINT('Origin',(-0.159326580379911,0.0507127896988288,-0.014220854988209));
#6203=CARTESIAN_POINT('',(-0.122834645669291,0.0760691845482433,-4.6052573347294E-34));
#6204=CARTESIAN_POINT('',(-0.133970185530497,0.0872047244094488,-5.02274562838276E-34));
#6205=CARTESIAN_POINT('Origin',(-0.145105725391702,0.0649336446870378,0.));
#6206=CARTESIAN_POINT('',(-0.148191040518706,0.0507127896988288,-0.0253563948494145));
#6207=CARTESIAN_POINT('',(-0.159326580379911,0.0618483295600343,-0.0253563948494144));
#6208=CARTESIAN_POINT('Origin',(-0.168727772635797,-0.0436023622047245,
-0.0236220472440945));
#6209=CARTESIAN_POINT('',(-0.157592232774591,-0.0436023622047245,-0.0347575871053));
#6210=CARTESIAN_POINT('',(-0.168727772635797,-0.0436023622047245,-0.0393700787401575));
#6211=CARTESIAN_POINT('Origin',(-0.210752159777569,-0.0507127896988289,
-0.014220854988209));
#6212=CARTESIAN_POINT('',(-0.247244094488189,-0.0760691845482434,-9.26955643016046E-34));
#6213=CARTESIAN_POINT('',(-0.236108554626984,-0.0872047244094488,-8.85206813650709E-34));
#6214=CARTESIAN_POINT('Origin',(-0.224973014765778,-0.0649336446870379,
2.73184799366426E-18));
#6215=CARTESIAN_POINT('',(-0.221887699638775,-0.0507127896988289,-0.0253563948494144));
#6216=CARTESIAN_POINT('',(-0.210752159777569,-0.0618483295600344,-0.0253563948494144));
#6217=CARTESIAN_POINT('Origin',(-0.216141732283465,-0.0413115974429434,
-0.0236220472440945));
#6218=CARTESIAN_POINT('',(-0.216141732283465,-0.0524471373041489,-0.0347575871053));
#6219=CARTESIAN_POINT('',(-0.216141732283465,-0.0413115974429434,-0.0393700787401575));
#6220=CARTESIAN_POINT('Origin',(-0.150993247046578,-0.0590461230321623,
-0.00588752165487565));
#6221=CARTESIAN_POINT('',(-0.133970185530497,-0.0872047244094489,-5.02274562838276E-34));
#6222=CARTESIAN_POINT('',(-0.122834645669291,-0.0760691845482434,-4.6052573347294E-34));
#6223=CARTESIAN_POINT('Origin',(-0.145105725391702,-0.0649336446870379,
0.));
#6224=CARTESIAN_POINT('',(-0.150993247046578,-0.0701816628933677,-0.0170230615160811));
#6225=CARTESIAN_POINT('',(-0.139857707185372,-0.0590461230321623,-0.0170230615160811));
#6226=CARTESIAN_POINT('Origin',(-0.247244094488189,0.0872047244094488,-9.26955643016046E-34));
#6227=CARTESIAN_POINT('',(-0.247244094488189,0.0436023622047247,0.));
#6228=CARTESIAN_POINT('Origin',(-0.247244094488189,-0.0872047244094488,
-9.26955643016046E-34));
#6229=CARTESIAN_POINT('',(-0.123622047244095,-0.0872047244094489,0.));
#6230=CARTESIAN_POINT('Origin',(-0.18503937007874,-4.53608157661132E-17,
-0.0393700787401575));
#6231=CARTESIAN_POINT('',(-0.17007874015748,0.0399606299212598,-0.0393700787401575));
#6232=CARTESIAN_POINT('',(-0.17755905511811,0.0399606299212598,-0.0393700787401575));
#6233=CARTESIAN_POINT('',(-0.17007874015748,-0.0399606299212599,-0.0393700787401575));
#6234=CARTESIAN_POINT('',(-0.19251968503937,-0.0399606299212599,-0.0393700787401575));
#6235=CARTESIAN_POINT('',(-0.17007874015748,-0.01998031496063,-0.0393700787401575));
#6236=CARTESIAN_POINT('Origin',(-0.17007874015748,0.0399606299212598,-6.37651015577917E-34));
#6237=CARTESIAN_POINT('',(-0.17007874015748,0.0399606299212598,-6.37651015577917E-34));
#6238=CARTESIAN_POINT('Origin',(-0.17007874015748,-0.0399606299212599,-6.37651015577917E-34));
#6239=CARTESIAN_POINT('',(-0.17007874015748,-0.0399606299212599,-6.37651015577917E-34));
#6240=CARTESIAN_POINT('Origin',(-0.2,-0.0399606299212599,-7.49830360911069E-34));
#6241=CARTESIAN_POINT('Origin',(-0.122834645669291,-0.0872047244094489,
-4.6052573347294E-34));
#6242=CARTESIAN_POINT('',(-0.122834645669291,-0.0436023622047241,0.));
#6243=CARTESIAN_POINT('Origin',(-0.122834645669291,0.0872047244094488,-4.6052573347294E-34));
#6244=CARTESIAN_POINT('',(-0.0614173228346457,0.0872047244094488,-2.73184799366426E-18));
#6245=CARTESIAN_POINT('Origin',(-0.0149606299212599,0.0643700787401574,
-0.0755905511811024));
#6246=CARTESIAN_POINT('',(0.0149606299212598,0.0643700787401574,-0.16496062992126));
#6247=CARTESIAN_POINT('',(0.0149606299212598,-0.025,-0.0755905511811024));
#6248=CARTESIAN_POINT('Origin',(0.0149606299212598,0.0643700787401574,-0.0755905511811024));
#6249=CARTESIAN_POINT('',(-0.0149606299212599,-0.025,-0.0755905511811024));
#6250=CARTESIAN_POINT('',(-0.0149606299212599,-0.025,-0.0755905511811024));
#6251=CARTESIAN_POINT('',(-0.0149606299212599,0.0643700787401574,-0.16496062992126));
#6252=CARTESIAN_POINT('Origin',(-0.0149606299212598,0.0643700787401574,
-0.0755905511811024));
#6253=CARTESIAN_POINT('',(-0.0149606299212599,0.0643700787401574,-0.16496062992126));
#6254=CARTESIAN_POINT('Origin',(-0.0149606299212598,0.0399606299212598,
-5.6089672666576E-35));
#6255=CARTESIAN_POINT('',(-0.0149606299212599,-0.025,-0.0610236220472441));
#6256=CARTESIAN_POINT('',(-0.0149606299212599,-0.0250000000000001,-0.16496062992126));
#6257=CARTESIAN_POINT('',(-0.0149606299212598,-0.0399606299212599,-0.0610236220472441));
#6258=CARTESIAN_POINT('',(-0.0149606299212598,-0.0399606299212599,-0.0610236220472441));
#6259=CARTESIAN_POINT('',(-0.0149606299212598,-0.0399606299212599,-0.0393700787401575));
#6260=CARTESIAN_POINT('',(-0.0149606299212598,-0.0399606299212599,-5.6089672666576E-35));
#6261=CARTESIAN_POINT('',(-0.0149606299212598,0.0399606299212598,-0.0393700787401575));
#6262=CARTESIAN_POINT('',(-0.0149606299212598,0.0199803149606299,-0.0393700787401575));
#6263=CARTESIAN_POINT('',(-0.0149606299212598,0.0399606299212598,-0.0610236220472441));
#6264=CARTESIAN_POINT('',(-0.0149606299212598,0.0399606299212598,-5.6089672666576E-35));
#6265=CARTESIAN_POINT('',(-0.0149606299212599,0.025,-0.0610236220472441));
#6266=CARTESIAN_POINT('',(-0.0149606299212598,-0.0399606299212599,-0.0610236220472441));
#6267=CARTESIAN_POINT('',(-0.0149606299212599,0.025,-0.0755905511811023));
#6268=CARTESIAN_POINT('',(-0.0149606299212599,0.025,-0.0610236220472441));
#6269=CARTESIAN_POINT('',(-0.0149606299212599,0.0643700787401574,-0.11496062992126));
#6270=CARTESIAN_POINT('Origin',(-0.0149606299212598,0.0643700787401575,
-0.0755905511811024));
#6271=CARTESIAN_POINT('',(-0.0149606299212599,0.259842519685039,-0.11496062992126));
#6272=CARTESIAN_POINT('',(-0.0149606299212599,0.0249999999999999,-0.11496062992126));
#6273=CARTESIAN_POINT('',(-0.0149606299212599,0.259842519685039,-0.16496062992126));
#6274=CARTESIAN_POINT('',(-0.0149606299212599,0.259842519685039,-0.11496062992126));
#6275=CARTESIAN_POINT('',(-0.0149606299212599,0.259842519685039,-0.16496062992126));
#6276=CARTESIAN_POINT('Origin',(-0.0149606299212599,-0.0250000000000001,
-0.16496062992126));
#6277=CARTESIAN_POINT('',(0.0149606299212599,-0.025,-0.0610236220472441));
#6278=CARTESIAN_POINT('',(0.0149606299212598,-0.0250000000000001,-0.16496062992126));
#6279=CARTESIAN_POINT('',(-0.00748031496062994,-0.025,-0.0610236220472441));
#6280=CARTESIAN_POINT('Origin',(-0.0149606299212599,0.0643700787401575,
-0.0755905511811024));
#6281=CARTESIAN_POINT('',(0.0149606299212598,0.025,-0.0755905511811023));
#6282=CARTESIAN_POINT('',(-0.0149606299212599,0.025,-0.0755905511811023));
#6283=CARTESIAN_POINT('',(0.0149606299212598,0.0643700787401574,-0.11496062992126));
#6284=CARTESIAN_POINT('Origin',(0.0149606299212598,0.0643700787401575,-0.0755905511811024));
#6285=CARTESIAN_POINT('',(-0.0149606299212599,0.0643700787401574,-0.11496062992126));
#6286=CARTESIAN_POINT('Origin',(-0.0149606299212599,0.025,-0.0610236220472441));
#6287=CARTESIAN_POINT('',(0.0149606299212599,0.025,-0.0610236220472441));
#6288=CARTESIAN_POINT('',(-0.00748031496062994,0.025,-0.0610236220472441));
#6289=CARTESIAN_POINT('',(0.0149606299212598,0.025,-0.0610236220472441));
#6290=CARTESIAN_POINT('Origin',(-0.0149606299212599,0.0249999999999999,
-0.11496062992126));
#6291=CARTESIAN_POINT('',(0.0149606299212598,0.259842519685039,-0.11496062992126));
#6292=CARTESIAN_POINT('',(0.0149606299212598,0.0249999999999999,-0.11496062992126));
#6293=CARTESIAN_POINT('',(-0.0149606299212599,0.259842519685039,-0.11496062992126));
#6294=CARTESIAN_POINT('Origin',(-0.0149606299212599,0.259842519685039,-0.11496062992126));
#6295=CARTESIAN_POINT('',(0.0149606299212598,0.259842519685039,-0.16496062992126));
#6296=CARTESIAN_POINT('',(0.0149606299212598,0.259842519685039,-0.11496062992126));
#6297=CARTESIAN_POINT('',(-0.0149606299212599,0.259842519685039,-0.16496062992126));
#6298=CARTESIAN_POINT('Origin',(-0.0149606299212599,0.259842519685039,-0.16496062992126));
#6299=CARTESIAN_POINT('',(0.0149606299212598,0.259842519685039,-0.16496062992126));
#6300=CARTESIAN_POINT('Origin',(2.62425262379858E-33,-3.91222174146436E-17,
-0.0610236220472441));
#6301=CARTESIAN_POINT('',(0.0149606299212598,-0.0399606299212599,-0.0610236220472441));
#6302=CARTESIAN_POINT('',(0.0149606299212599,0.0399606299212598,-0.0610236220472441));
#6303=CARTESIAN_POINT('',(0.0149606299212598,-0.0399606299212599,-0.0610236220472441));
#6304=CARTESIAN_POINT('Origin',(2.62425262379858E-33,-3.91222174146436E-17,
-0.0610236220472441));
#6305=CARTESIAN_POINT('',(0.0149606299212599,0.0399606299212598,-0.0610236220472441));
#6306=CARTESIAN_POINT('',(-0.0149606299212598,0.0399606299212598,-0.0610236220472441));
#6307=CARTESIAN_POINT('',(0.0149606299212599,0.0399606299212598,-0.0610236220472441));
#6308=CARTESIAN_POINT('Origin',(-0.0163115974429434,0.0413115974429434,
-0.0236220472440945));
#6309=CARTESIAN_POINT('',(-0.0274471373041489,0.0413115974429434,-0.0347575871053));
#6310=CARTESIAN_POINT('',(-0.0163115974429434,0.0524471373041488,-0.0347575871053));
#6311=CARTESIAN_POINT('Origin',(-0.0163115974429434,0.0413115974429434,
-0.0236220472440945));
#6312=CARTESIAN_POINT('',(-0.0163115974429434,0.0413115974429434,-0.0393700787401575));
#6313=CARTESIAN_POINT('Origin',(-0.0163115974429434,0.0413115974429434,
-0.0236220472440945));
#6314=CARTESIAN_POINT('Origin',(-0.0163115974429434,0.0413115974429434,
-0.0236220472440945));
#6315=CARTESIAN_POINT('Origin',(-0.0163115974429434,-0.0413115974429434,
-0.0236220472440945));
#6316=CARTESIAN_POINT('',(-0.0274471373041489,-0.0413115974429434,-0.0347575871053));
#6317=CARTESIAN_POINT('',(-0.0163115974429434,-0.0413115974429434,-0.0393700787401575));
#6318=CARTESIAN_POINT('Origin',(-0.0163115974429434,-0.0413115974429434,
-0.0236220472440945));
#6319=CARTESIAN_POINT('',(-0.0163115974429434,-0.0524471373041489,-0.0347575871053));
#6320=CARTESIAN_POINT('Origin',(-0.0163115974429434,-0.0413115974429434,
-0.0236220472440945));
#6321=CARTESIAN_POINT('Origin',(-0.0163115974429434,-0.0413115974429434,
-0.0236220472440945));
#6322=CARTESIAN_POINT('Origin',(0.0163115974429434,0.0413115974429433,-0.0236220472440945));
#6323=CARTESIAN_POINT('',(0.0163115974429434,0.0524471373041488,-0.0347575871053));
#6324=CARTESIAN_POINT('',(0.0274471373041489,0.0413115974429433,-0.0347575871053));
#6325=CARTESIAN_POINT('Origin',(0.0163115974429434,0.0413115974429433,-0.0236220472440945));
#6326=CARTESIAN_POINT('',(0.0163115974429434,0.0413115974429433,-0.0393700787401575));
#6327=CARTESIAN_POINT('Origin',(0.0163115974429434,0.0413115974429433,-0.0236220472440945));
#6328=CARTESIAN_POINT('Origin',(0.0163115974429434,0.0413115974429433,-0.0236220472440945));
#6329=CARTESIAN_POINT('Origin',(0.0163115974429434,-0.0413115974429434,
-0.0236220472440945));
#6330=CARTESIAN_POINT('',(0.0163115974429434,-0.0524471373041489,-0.0347575871053));
#6331=CARTESIAN_POINT('',(0.0163115974429434,-0.0413115974429434,-0.0393700787401575));
#6332=CARTESIAN_POINT('Origin',(0.0163115974429434,-0.0413115974429434,
-0.0236220472440945));
#6333=CARTESIAN_POINT('',(0.0274471373041489,-0.0413115974429434,-0.0347575871053));
#6334=CARTESIAN_POINT('Origin',(0.0163115974429434,-0.0413115974429434,
-0.0236220472440945));
#6335=CARTESIAN_POINT('Origin',(0.0163115974429434,-0.0413115974429434,
-0.0236220472440945));
#6336=CARTESIAN_POINT('Origin',(0.0163115974429434,-0.0436023622047244,
-0.0236220472440945));
#6337=CARTESIAN_POINT('',(0.0274471373041489,-0.0436023622047244,-0.0347575871053));
#6338=CARTESIAN_POINT('',(0.0163115974429434,-0.0436023622047244,-0.0393700787401575));
#6339=CARTESIAN_POINT('Origin',(0.0340461230321622,-0.0590461230321623,
-0.00588752165487565));
#6340=CARTESIAN_POINT('',(0.0572319591061183,-0.0857309286120624,-2.73184799366426E-18));
#6341=CARTESIAN_POINT('',(0.0622047244094488,-0.0760691845482434,2.33214954771553E-34));
#6342=CARTESIAN_POINT('Origin',(0.0399336446870378,-0.0649336446870378,
-8.74191357972564E-17));
#6343=CARTESIAN_POINT('',(0.0510691845482434,-0.0872047244094489,1.91466125406216E-34));
#6344=CARTESIAN_POINT('Origin',(0.0399336446870379,-0.0649336446870379,
0.));
#6345=CARTESIAN_POINT('',(0.0340461230321622,-0.0701816628933677,-0.0170230615160811));
#6346=CARTESIAN_POINT('',(0.0451816628933677,-0.0590461230321623,-0.0170230615160811));
#6347=CARTESIAN_POINT('Origin',(-0.0311023622047244,-0.0413115974429434,
-0.0236220472440945));
#6348=CARTESIAN_POINT('',(-0.0311023622047244,-0.0524471373041489,-0.0347575871053));
#6349=CARTESIAN_POINT('',(-0.0311023622047244,-0.0413115974429434,-0.0393700787401575));
#6350=CARTESIAN_POINT('Origin',(0.0257127896988289,0.0507127896988289,-0.014220854988209));
#6351=CARTESIAN_POINT('',(0.0572319591061185,0.0857309286120622,5.46369598732853E-18));
#6352=CARTESIAN_POINT('',(0.0510691845482434,0.0872047244094488,1.91466125406216E-34));
#6353=CARTESIAN_POINT('Origin',(0.0399336446870379,0.0649336446870378,0.));
#6354=CARTESIAN_POINT('',(0.0622047244094488,0.0760691845482433,2.33214954771553E-34));
#6355=CARTESIAN_POINT('Origin',(0.0399336446870378,0.0649336446870377,-8.74191357972564E-17));
#6356=CARTESIAN_POINT('',(0.0368483295600344,0.0507127896988289,-0.0253563948494144));
#6357=CARTESIAN_POINT('',(0.0257127896988289,0.0618483295600343,-0.0253563948494144));
#6358=CARTESIAN_POINT('Origin',(0.0311023622047244,0.0413115974429433,-0.0236220472440945));
#6359=CARTESIAN_POINT('',(0.0311023622047244,0.0524471373041488,-0.0347575871053));
#6360=CARTESIAN_POINT('',(0.0311023622047244,0.0413115974429433,-0.0393700787401575));
#6361=CARTESIAN_POINT('Origin',(-0.0257127896988289,-0.0507127896988289,
-0.014220854988209));
#6362=CARTESIAN_POINT('',(-0.0572319591061195,-0.0857309286120617,-5.46369598732853E-18));
#6363=CARTESIAN_POINT('',(-0.0510691845482434,-0.0872047244094488,-1.91466125406217E-34));
#6364=CARTESIAN_POINT('Origin',(-0.0399336446870379,-0.0649336446870379,
0.));
#6365=CARTESIAN_POINT('',(-0.0622047244094489,-0.0760691845482434,-2.33214954771553E-34));
#6366=CARTESIAN_POINT('Origin',(-0.0399336446870378,-0.0649336446870378,
-8.74191357972564E-17));
#6367=CARTESIAN_POINT('',(-0.0368483295600344,-0.0507127896988289,-0.0253563948494144));
#6368=CARTESIAN_POINT('',(-0.0257127896988289,-0.0618483295600344,-0.0253563948494144));
#6369=CARTESIAN_POINT('Origin',(-0.0163115974429434,0.0436023622047244,
-0.0236220472440945));
#6370=CARTESIAN_POINT('',(-0.0274471373041489,0.0436023622047244,-0.0347575871053));
#6371=CARTESIAN_POINT('',(-0.0163115974429434,0.0436023622047244,-0.0393700787401575));
#6372=CARTESIAN_POINT('Origin',(-0.0340461230321622,0.0590461230321622,
-0.00588752165487565));
#6373=CARTESIAN_POINT('',(-0.0572319591061197,0.0857309286120616,0.));
#6374=CARTESIAN_POINT('',(-0.0622047244094488,0.0760691845482433,-2.33214954771553E-34));
#6375=CARTESIAN_POINT('Origin',(-0.0399336446870378,0.0649336446870378,
-8.74191357972564E-17));
#6376=CARTESIAN_POINT('',(-0.0510691845482434,0.0872047244094488,-1.91466125406216E-34));
#6377=CARTESIAN_POINT('Origin',(-0.0399336446870379,0.0649336446870379,
-6.82961998416066E-19));
#6378=CARTESIAN_POINT('',(-0.0340461230321622,0.0701816628933677,-0.0170230615160811));
#6379=CARTESIAN_POINT('',(-0.0451816628933677,0.0590461230321622,-0.0170230615160811));
#6380=CARTESIAN_POINT('Origin',(0.0622047244094488,-0.0872047244094489,
2.33214954771553E-34));
#6381=CARTESIAN_POINT('',(0.0622047244094488,0.0704845422211146,2.33214954771553E-34));
#6382=CARTESIAN_POINT('',(0.0622047244094487,-0.0148081673664819,-8.74191357972564E-17));
#6383=CARTESIAN_POINT('',(0.0622047244094488,-0.0704845422211139,2.33214954771553E-34));
#6384=CARTESIAN_POINT('',(0.0622047244094488,-0.0436023622047241,0.));
#6385=CARTESIAN_POINT('',(0.0622047244094487,-0.111122047244094,-8.74191357972564E-17));
#6386=CARTESIAN_POINT('Origin',(0.0622047244094488,0.0872047244094488,2.33214954771553E-34));
#6387=CARTESIAN_POINT('',(0.0311023622047244,0.0872047244094488,0.));
#6388=CARTESIAN_POINT('Origin',(-2.73184799366426E-17,-3.40307963508274E-17,
-0.0393700787401575));
#6389=CARTESIAN_POINT('',(0.0149606299212599,0.0399606299212598,-0.0393700787401575));
#6390=CARTESIAN_POINT('',(0.00748031496062992,0.0399606299212598,-0.0393700787401575));
#6391=CARTESIAN_POINT('',(0.0149606299212598,-0.0399606299212599,-0.0393700787401575));
#6392=CARTESIAN_POINT('',(-0.00748031496062994,-0.0399606299212599,-0.0393700787401575));
#6393=CARTESIAN_POINT('',(0.0149606299212598,-0.01998031496063,-0.0393700787401575));
#6394=CARTESIAN_POINT('Origin',(0.0149606299212599,0.0399606299212598,5.60896726665761E-35));
#6395=CARTESIAN_POINT('',(0.0149606299212599,0.0399606299212598,5.60896726665761E-35));
#6396=CARTESIAN_POINT('Origin',(0.0149606299212598,-0.0399606299212599,
5.60896726665759E-35));
#6397=CARTESIAN_POINT('',(0.0149606299212598,-0.0399606299212599,5.60896726665759E-35));
#6398=CARTESIAN_POINT('Origin',(-0.0149606299212598,-0.0399606299212599,
-5.6089672666576E-35));
#6399=CARTESIAN_POINT('Origin',(-0.0622047244094489,-0.0872047244094488,
-2.33214954771553E-34));
#6400=CARTESIAN_POINT('',(-0.0311023622047245,-0.0872047244094488,-2.73184799366426E-18));
#6401=CARTESIAN_POINT('Origin',(-0.0622047244094488,0.0872047244094488,
-2.33214954771553E-34));
#6402=CARTESIAN_POINT('',(-0.0622047244094489,-0.0704845422211214,-2.33214954771553E-34));
#6403=CARTESIAN_POINT('',(-0.0622047244094488,-0.0239173228346457,-8.74191357972564E-17));
#6404=CARTESIAN_POINT('',(-0.0622047244094488,0.0704845422211222,-2.33214954771553E-34));
#6405=CARTESIAN_POINT('',(-0.0622047244094488,0.0436023622047247,0.));
#6406=CARTESIAN_POINT('',(-0.0622047244094487,0.0723965570429669,-8.74191357972564E-17));
#6407=CARTESIAN_POINT('Origin',(0.17007874015748,0.0643700787401575,-0.0755905511811024));
#6408=CARTESIAN_POINT('',(0.2,0.0643700787401574,-0.16496062992126));
#6409=CARTESIAN_POINT('',(0.2,-0.025,-0.0755905511811024));
#6410=CARTESIAN_POINT('Origin',(0.2,0.0643700787401575,-0.0755905511811024));
#6411=CARTESIAN_POINT('',(0.17007874015748,-0.025,-0.0755905511811024));
#6412=CARTESIAN_POINT('',(0.17007874015748,-0.025,-0.0755905511811024));
#6413=CARTESIAN_POINT('',(0.17007874015748,0.0643700787401574,-0.16496062992126));
#6414=CARTESIAN_POINT('Origin',(0.17007874015748,0.0643700787401575,-0.0755905511811024));
#6415=CARTESIAN_POINT('',(0.17007874015748,0.0643700787401574,-0.16496062992126));
#6416=CARTESIAN_POINT('Origin',(0.17007874015748,0.0399606299212598,6.37651015577917E-34));
#6417=CARTESIAN_POINT('',(0.17007874015748,-0.025,-0.0610236220472441));
#6418=CARTESIAN_POINT('',(0.17007874015748,-0.025,-0.16496062992126));
#6419=CARTESIAN_POINT('',(0.17007874015748,-0.0399606299212599,-0.0610236220472441));
#6420=CARTESIAN_POINT('',(0.17007874015748,-0.0399606299212599,-0.0610236220472441));
#6421=CARTESIAN_POINT('',(0.17007874015748,-0.0399606299212599,-0.0393700787401575));
#6422=CARTESIAN_POINT('',(0.17007874015748,-0.0399606299212599,6.37651015577917E-34));
#6423=CARTESIAN_POINT('',(0.17007874015748,0.0399606299212598,-0.0393700787401575));
#6424=CARTESIAN_POINT('',(0.17007874015748,0.0199803149606299,-0.0393700787401575));
#6425=CARTESIAN_POINT('',(0.17007874015748,0.0399606299212598,-0.0610236220472441));
#6426=CARTESIAN_POINT('',(0.17007874015748,0.0399606299212598,6.37651015577917E-34));
#6427=CARTESIAN_POINT('',(0.17007874015748,0.025,-0.0610236220472441));
#6428=CARTESIAN_POINT('',(0.17007874015748,-0.0399606299212599,-0.0610236220472441));
#6429=CARTESIAN_POINT('',(0.17007874015748,0.025,-0.0755905511811023));
#6430=CARTESIAN_POINT('',(0.17007874015748,0.025,-0.0610236220472441));
#6431=CARTESIAN_POINT('',(0.17007874015748,0.0643700787401574,-0.11496062992126));
#6432=CARTESIAN_POINT('Origin',(0.17007874015748,0.0643700787401575,-0.0755905511811024));
#6433=CARTESIAN_POINT('',(0.17007874015748,0.259842519685039,-0.11496062992126));
#6434=CARTESIAN_POINT('',(0.17007874015748,0.0249999999999999,-0.11496062992126));
#6435=CARTESIAN_POINT('',(0.17007874015748,0.259842519685039,-0.16496062992126));
#6436=CARTESIAN_POINT('',(0.17007874015748,0.259842519685039,-0.11496062992126));
#6437=CARTESIAN_POINT('',(0.17007874015748,0.259842519685039,-0.16496062992126));
#6438=CARTESIAN_POINT('Origin',(0.17007874015748,-0.025,-0.16496062992126));
#6439=CARTESIAN_POINT('',(0.2,-0.025,-0.0610236220472441));
#6440=CARTESIAN_POINT('',(0.2,-0.025,-0.16496062992126));
#6441=CARTESIAN_POINT('',(0.17755905511811,-0.025,-0.0610236220472441));
#6442=CARTESIAN_POINT('Origin',(0.17007874015748,0.0643700787401575,-0.0755905511811024));
#6443=CARTESIAN_POINT('',(0.2,0.025,-0.0755905511811023));
#6444=CARTESIAN_POINT('',(0.17007874015748,0.025,-0.0755905511811023));
#6445=CARTESIAN_POINT('',(0.2,0.0643700787401574,-0.11496062992126));
#6446=CARTESIAN_POINT('Origin',(0.2,0.0643700787401575,-0.0755905511811024));
#6447=CARTESIAN_POINT('',(0.17007874015748,0.0643700787401574,-0.11496062992126));
#6448=CARTESIAN_POINT('Origin',(0.17007874015748,0.025,-0.0610236220472441));
#6449=CARTESIAN_POINT('',(0.2,0.025,-0.0610236220472441));
#6450=CARTESIAN_POINT('',(0.17755905511811,0.025,-0.0610236220472441));
#6451=CARTESIAN_POINT('',(0.2,0.025,-0.0610236220472441));
#6452=CARTESIAN_POINT('Origin',(0.17007874015748,0.0249999999999999,-0.11496062992126));
#6453=CARTESIAN_POINT('',(0.2,0.259842519685039,-0.11496062992126));
#6454=CARTESIAN_POINT('',(0.2,0.0249999999999999,-0.11496062992126));
#6455=CARTESIAN_POINT('',(0.17007874015748,0.259842519685039,-0.11496062992126));
#6456=CARTESIAN_POINT('Origin',(0.17007874015748,0.259842519685039,-0.11496062992126));
#6457=CARTESIAN_POINT('',(0.2,0.259842519685039,-0.16496062992126));
#6458=CARTESIAN_POINT('',(0.2,0.259842519685039,-0.11496062992126));
#6459=CARTESIAN_POINT('',(0.17007874015748,0.259842519685039,-0.16496062992126));
#6460=CARTESIAN_POINT('Origin',(0.17007874015748,0.259842519685039,-0.16496062992126));
#6461=CARTESIAN_POINT('',(0.2,0.259842519685039,-0.16496062992126));
#6462=CARTESIAN_POINT('Origin',(0.18503937007874,-3.37454724801746E-17,
-0.0610236220472441));
#6463=CARTESIAN_POINT('',(0.2,-0.0399606299212599,-0.0610236220472441));
#6464=CARTESIAN_POINT('',(0.2,0.0399606299212598,-0.0610236220472441));
#6465=CARTESIAN_POINT('',(0.2,-0.0399606299212599,-0.0610236220472441));
#6466=CARTESIAN_POINT('Origin',(0.18503937007874,-3.37454724801746E-17,
-0.0610236220472441));
#6467=CARTESIAN_POINT('',(0.2,0.0399606299212598,-0.0610236220472441));
#6468=CARTESIAN_POINT('',(0.17007874015748,0.0399606299212598,-0.0610236220472441));
#6469=CARTESIAN_POINT('',(0.2,0.0399606299212598,-0.0610236220472441));
#6470=CARTESIAN_POINT('Origin',(0.168727772635797,0.0413115974429434,-0.0236220472440945));
#6471=CARTESIAN_POINT('',(0.157592232774591,0.0413115974429434,-0.0347575871052999));
#6472=CARTESIAN_POINT('',(0.168727772635797,0.0524471373041488,-0.0347575871053));
#6473=CARTESIAN_POINT('Origin',(0.168727772635797,0.0413115974429434,-0.0236220472440945));
#6474=CARTESIAN_POINT('',(0.168727772635797,0.0413115974429433,-0.0393700787401575));
#6475=CARTESIAN_POINT('Origin',(0.168727772635797,0.0413115974429433,-0.0236220472440945));
#6476=CARTESIAN_POINT('Origin',(0.168727772635797,0.0413115974429434,-0.0236220472440945));
#6477=CARTESIAN_POINT('Origin',(0.168727772635797,-0.0413115974429434,-0.0236220472440945));
#6478=CARTESIAN_POINT('',(0.157592232774591,-0.0413115974429434,-0.0347575871052999));
#6479=CARTESIAN_POINT('',(0.168727772635797,-0.0413115974429434,-0.0393700787401575));
#6480=CARTESIAN_POINT('Origin',(0.168727772635797,-0.0413115974429434,-0.0236220472440945));
#6481=CARTESIAN_POINT('',(0.168727772635797,-0.0524471373041489,-0.0347575871053));
#6482=CARTESIAN_POINT('Origin',(0.168727772635797,-0.0413115974429434,-0.0236220472440945));
#6483=CARTESIAN_POINT('Origin',(0.168727772635797,-0.0413115974429434,-0.0236220472440945));
#6484=CARTESIAN_POINT('Origin',(0.201350967521684,0.0413115974429434,-0.0236220472440945));
#6485=CARTESIAN_POINT('',(0.201350967521684,0.0524471373041488,-0.0347575871053));
#6486=CARTESIAN_POINT('',(0.212486507382889,0.0413115974429433,-0.0347575871053));
#6487=CARTESIAN_POINT('Origin',(0.201350967521684,0.0413115974429434,-0.0236220472440945));
#6488=CARTESIAN_POINT('',(0.201350967521684,0.0413115974429433,-0.0393700787401575));
#6489=CARTESIAN_POINT('Origin',(0.201350967521684,0.0413115974429433,-0.0236220472440945));
#6490=CARTESIAN_POINT('Origin',(0.201350967521684,0.0413115974429433,-0.0236220472440945));
#6491=CARTESIAN_POINT('Origin',(0.201350967521684,-0.0413115974429434,-0.0236220472440945));
#6492=CARTESIAN_POINT('',(0.201350967521684,-0.0524471373041489,-0.0347575871053));
#6493=CARTESIAN_POINT('',(0.201350967521684,-0.0413115974429434,-0.0393700787401575));
#6494=CARTESIAN_POINT('Origin',(0.201350967521684,-0.0413115974429434,-0.0236220472440945));
#6495=CARTESIAN_POINT('',(0.212486507382889,-0.0413115974429434,-0.0347575871053));
#6496=CARTESIAN_POINT('Origin',(0.201350967521684,-0.0413115974429434,-0.0236220472440945));
#6497=CARTESIAN_POINT('Origin',(0.201350967521684,-0.0413115974429434,-0.0236220472440945));
#6498=CARTESIAN_POINT('Origin',(0.201350967521684,-0.0436023622047244,-0.0236220472440945));
#6499=CARTESIAN_POINT('',(0.212486507382889,-0.0436023622047245,-0.0347575871053));
#6500=CARTESIAN_POINT('',(0.201350967521684,-0.0436023622047244,-0.0393700787401575));
#6501=CARTESIAN_POINT('Origin',(0.219085493110902,-0.0590461230321623,-0.00588752165487565));
#6502=CARTESIAN_POINT('',(0.236108554626983,-0.0872047244094489,8.85206813650709E-34));
#6503=CARTESIAN_POINT('',(0.247244094488189,-0.0760691845482434,9.26955643016045E-34));
#6504=CARTESIAN_POINT('Origin',(0.224973014765778,-0.0649336446870379,0.));
#6505=CARTESIAN_POINT('',(0.219085493110902,-0.0701816628933677,-0.0170230615160811));
#6506=CARTESIAN_POINT('',(0.230221032972108,-0.0590461230321623,-0.0170230615160811));
#6507=CARTESIAN_POINT('Origin',(0.153937007874016,-0.0413115974429434,-0.0236220472440945));
#6508=CARTESIAN_POINT('',(0.153937007874016,-0.0524471373041489,-0.0347575871053));
#6509=CARTESIAN_POINT('',(0.153937007874016,-0.0413115974429434,-0.0393700787401575));
#6510=CARTESIAN_POINT('Origin',(0.210752159777569,0.0507127896988289,-0.014220854988209));
#6511=CARTESIAN_POINT('',(0.247244094488189,0.0760691845482433,9.26955643016046E-34));
#6512=CARTESIAN_POINT('',(0.236108554626984,0.0872047244094488,8.85206813650709E-34));
#6513=CARTESIAN_POINT('Origin',(0.224973014765778,0.0649336446870378,2.73184799366426E-18));
#6514=CARTESIAN_POINT('',(0.221887699638775,0.0507127896988289,-0.0253563948494144));
#6515=CARTESIAN_POINT('',(0.210752159777569,0.0618483295600343,-0.0253563948494144));
#6516=CARTESIAN_POINT('Origin',(0.216141732283465,0.0413115974429433,-0.0236220472440945));
#6517=CARTESIAN_POINT('',(0.216141732283465,0.0524471373041488,-0.0347575871053));
#6518=CARTESIAN_POINT('',(0.216141732283465,0.0413115974429433,-0.0393700787401575));
#6519=CARTESIAN_POINT('Origin',(0.159326580379911,-0.0507127896988289,-0.014220854988209));
#6520=CARTESIAN_POINT('',(0.122834645669291,-0.0760691845482434,4.6052573347294E-34));
#6521=CARTESIAN_POINT('',(0.133970185530497,-0.0872047244094488,5.02274562838276E-34));
#6522=CARTESIAN_POINT('Origin',(0.145105725391702,-0.0649336446870379,2.73184799366426E-18));
#6523=CARTESIAN_POINT('',(0.148191040518706,-0.0507127896988289,-0.0253563948494144));
#6524=CARTESIAN_POINT('',(0.159326580379911,-0.0618483295600344,-0.0253563948494144));
#6525=CARTESIAN_POINT('Origin',(0.168727772635797,0.0436023622047244,-0.0236220472440945));
#6526=CARTESIAN_POINT('',(0.157592232774591,0.0436023622047244,-0.0347575871052999));
#6527=CARTESIAN_POINT('',(0.168727772635797,0.0436023622047244,-0.0393700787401575));
#6528=CARTESIAN_POINT('Origin',(0.150993247046578,0.0590461230321622,-0.00588752165487565));
#6529=CARTESIAN_POINT('',(0.133970185530497,0.0872047244094488,5.02274562838276E-34));
#6530=CARTESIAN_POINT('',(0.122834645669291,0.0760691845482433,4.6052573347294E-34));
#6531=CARTESIAN_POINT('Origin',(0.145105725391702,0.0649336446870379,0.));
#6532=CARTESIAN_POINT('',(0.150993247046578,0.0701816628933677,-0.0170230615160811));
#6533=CARTESIAN_POINT('',(0.139857707185372,0.0590461230321622,-0.0170230615160811));
#6534=CARTESIAN_POINT('Origin',(0.247244094488189,-0.0872047244094489,9.26955643016045E-34));
#6535=CARTESIAN_POINT('',(0.247244094488189,-0.0436023622047242,0.));
#6536=CARTESIAN_POINT('Origin',(0.247244094488189,0.0872047244094488,9.26955643016046E-34));
#6537=CARTESIAN_POINT('',(0.123622047244094,0.0872047244094488,-2.73184799366426E-18));
#6538=CARTESIAN_POINT('Origin',(0.18503937007874,-4.09984978187251E-17,
-0.0393700787401575));
#6539=CARTESIAN_POINT('',(0.2,0.0399606299212598,-0.0393700787401575));
#6540=CARTESIAN_POINT('',(0.19251968503937,0.0399606299212598,-0.0393700787401575));
#6541=CARTESIAN_POINT('',(0.2,-0.0399606299212599,-0.0393700787401575));
#6542=CARTESIAN_POINT('',(0.17755905511811,-0.0399606299212599,-0.0393700787401575));
#6543=CARTESIAN_POINT('',(0.2,-0.01998031496063,-0.0393700787401575));
#6544=CARTESIAN_POINT('Origin',(0.2,0.0399606299212598,7.49830360911069E-34));
#6545=CARTESIAN_POINT('',(0.2,0.0399606299212598,7.49830360911069E-34));
#6546=CARTESIAN_POINT('Origin',(0.2,-0.0399606299212599,7.49830360911069E-34));
#6547=CARTESIAN_POINT('',(0.2,-0.0399606299212599,7.49830360911069E-34));
#6548=CARTESIAN_POINT('Origin',(0.17007874015748,-0.0399606299212599,6.37651015577917E-34));
#6549=CARTESIAN_POINT('Origin',(0.122834645669291,-0.0872047244094488,4.6052573347294E-34));
#6550=CARTESIAN_POINT('',(0.0614173228346456,-0.0872047244094488,-2.73184799366426E-18));
#6551=CARTESIAN_POINT('Origin',(0.122834645669291,0.0872047244094488,4.6052573347294E-34));
#6552=CARTESIAN_POINT('',(0.122834645669291,0.0436023622047247,0.));
#6553=CARTESIAN_POINT('Origin',(8.26850353072983E-18,-0.13503937007874,
-8.74191357972564E-17));
#6554=CARTESIAN_POINT('',(0.112777743214453,-0.0796919119635216,4.22820879486146E-34));
#6555=CARTESIAN_POINT('Origin',(0.0856299212598354,-0.0853117977029969,
3.21039573815244E-34));
#6556=CARTESIAN_POINT('',(0.120078740157481,-0.114960629921255,4.50193425350152E-34));
#6557=CARTESIAN_POINT('',(0.102551006599087,-0.0302899067127422,3.84479291449932E-34));
#6558=CARTESIAN_POINT('',(0.120975242568938,-0.119291338582677,-8.74191357972564E-17));
#6559=CARTESIAN_POINT('',(0.121682687659324,-0.122708773428652,-8.74191357972564E-17));
#6560=CARTESIAN_POINT('',(0.0502845999507475,-0.119291338582677,-8.74191357972564E-17));
#6561=CARTESIAN_POINT('',(7.30424655921615E-18,-0.119291338582677,-8.74191357972564E-17));
#6562=CARTESIAN_POINT('',(0.0511811023622054,-0.114960629921257,1.91885722280394E-34));
#6563=CARTESIAN_POINT('',(0.0517871680743442,-0.112032925549908,-8.74191357972564E-17));
#6564=CARTESIAN_POINT('',(0.061539596601341,-0.0649221468704829,2.30721289649526E-34));
#6565=CARTESIAN_POINT('Origin',(-3.52615539521113E-18,0.057588389676485,
-8.74191357972564E-17));
#6566=CARTESIAN_POINT('',(0.0511811023622054,0.114960629921258,1.91885722280394E-34));
#6567=CARTESIAN_POINT('',(0.0651900950728501,0.047287787891613,2.4440756258151E-34));
#6568=CARTESIAN_POINT('',(0.0502845999507472,0.119291338582679,-8.74191357972564E-17));
#6569=CARTESIAN_POINT('',(0.0537455783980246,0.102572488586234,-8.74191357972564E-17));
#6570=CARTESIAN_POINT('',(0.120975242568938,0.119291338582679,-8.74191357972564E-17));
#6571=CARTESIAN_POINT('',(-7.30424655921623E-18,0.119291338582679,-8.74191357972564E-17));
#6572=CARTESIAN_POINT('',(0.120078740157481,0.114960629921256,4.50193425350152E-34));
#6573=CARTESIAN_POINT('',(0.108266769212231,0.0579008783497566,-8.74191357972564E-17));
#6574=CARTESIAN_POINT('',(0.112777743214453,0.0796919119635223,4.22820879486146E-34));
#6575=CARTESIAN_POINT('',(0.106201505070601,0.0479242656916097,3.98165564381936E-34));
#6576=CARTESIAN_POINT('Origin',(0.0856299212598354,0.0853117977029976,3.21039573815244E-34));
#6577=CARTESIAN_POINT('Origin',(-5.46369598732853E-17,5.74371040667911E-16,
-2.04842256704345E-49));
#6578=CARTESIAN_POINT('',(-0.11277774321446,-0.0796919119635177,-4.22820879486171E-34));
#6579=CARTESIAN_POINT('Origin',(-0.0856299212598421,-0.0853117977029939,
-3.21039573815269E-34));
#6580=CARTESIAN_POINT('',(-0.120078740157481,-0.114960629921259,-4.50193425350151E-34));
#6581=CARTESIAN_POINT('',(-0.106201505070617,-0.0479242656916185,-3.98165564381999E-34));
#6582=CARTESIAN_POINT('',(-0.187007874015748,-0.114960629921256,-7.01120908332198E-34));
#6583=CARTESIAN_POINT('',(0.187007874015748,-0.114960629921259,7.01120908332199E-34));
#6584=CARTESIAN_POINT('',(-0.187007874015748,-0.135039370078737,-7.01120908332199E-34));
#6585=CARTESIAN_POINT('',(-0.187007874015748,-0.114960629921256,-7.01120908332198E-34));
#6586=CARTESIAN_POINT('',(-0.25,-0.13503937007874,-9.37287951138834E-34));
#6587=CARTESIAN_POINT('',(-0.187007874015748,-0.135039370078737,-7.01120908332199E-34));
#6588=CARTESIAN_POINT('',(-0.25,0.13503937007874,-9.37287951138834E-34));
#6589=CARTESIAN_POINT('',(-0.25,-0.13503937007874,-9.37287951138834E-34));
#6590=CARTESIAN_POINT('',(-0.187007874015748,0.13503937007874,-7.01120908332198E-34));
#6591=CARTESIAN_POINT('',(-0.25,0.13503937007874,-9.37287951138834E-34));
#6592=CARTESIAN_POINT('',(-0.187007874015747,0.11496062992126,-7.01120908332198E-34));
#6593=CARTESIAN_POINT('',(-0.187007874015748,0.13503937007874,-7.01120908332198E-34));
#6594=CARTESIAN_POINT('',(-0.120078740157481,0.11496062992126,-4.50193425350151E-34));
#6595=CARTESIAN_POINT('',(-0.187007874015747,0.11496062992126,-7.01120908332198E-34));
#6596=CARTESIAN_POINT('',(-0.11277774321446,0.0796919119635184,-4.22820879486171E-34));
#6597=CARTESIAN_POINT('',(-0.102551006599107,0.0302899067127488,-3.84479291450009E-34));
#6598=CARTESIAN_POINT('Origin',(-0.0856299212598421,0.0853117977029946,
-3.21039573815269E-34));
#6599=CARTESIAN_POINT('Origin',(-5.46369598732853E-17,5.74371040667911E-16,
-2.04842256704345E-49));
#6600=CARTESIAN_POINT('',(-0.051181102362205,0.11496062992126,-1.91885722280393E-34));
#6601=CARTESIAN_POINT('',(-0.0615395966013423,0.0649221468704863,-2.3072128964953E-34));
#6602=CARTESIAN_POINT('',(-0.187007874015747,0.11496062992126,-7.01120908332198E-34));
#6603=CARTESIAN_POINT('Origin',(-5.46369598732853E-17,5.74371040667911E-16,
-2.04842256704345E-49));
#6604=CARTESIAN_POINT('',(0.187007874015748,0.11496062992126,7.01120908332199E-34));
#6605=CARTESIAN_POINT('',(-0.187007874015747,0.11496062992126,-7.01120908332198E-34));
#6606=CARTESIAN_POINT('',(0.187007874015748,0.13503937007874,7.01120908332199E-34));
#6607=CARTESIAN_POINT('',(0.187007874015748,0.11496062992126,7.01120908332199E-34));
#6608=CARTESIAN_POINT('',(0.25,0.13503937007874,9.37287951138835E-34));
#6609=CARTESIAN_POINT('',(0.187007874015748,0.13503937007874,7.01120908332199E-34));
#6610=CARTESIAN_POINT('',(0.25,-0.13503937007874,9.37287951138834E-34));
#6611=CARTESIAN_POINT('',(0.25,0.13503937007874,9.37287951138835E-34));
#6612=CARTESIAN_POINT('',(0.187007874015748,-0.135039370078739,7.01120908332199E-34));
#6613=CARTESIAN_POINT('',(0.25,-0.13503937007874,9.37287951138834E-34));
#6614=CARTESIAN_POINT('',(0.187007874015748,-0.114960629921259,7.01120908332199E-34));
#6615=CARTESIAN_POINT('',(0.187007874015748,-0.135039370078739,7.01120908332199E-34));
#6616=CARTESIAN_POINT('',(0.187007874015748,-0.114960629921259,7.01120908332199E-34));
#6617=CARTESIAN_POINT('Origin',(0.0162006962957927,-8.73662020019485E-17,
0.35));
#6618=CARTESIAN_POINT('',(6.43641528485381E-18,-0.10511811023622,0.35));
#6619=CARTESIAN_POINT('Origin',(0.0162006962957927,-8.73662020019485E-17,
0.35));
#6620=CARTESIAN_POINT('',(-6.43641528485389E-18,0.105118110236221,0.35));
#6621=CARTESIAN_POINT('Origin',(1.46962780812665E-33,-1.60320438476102E-17,
0.620669291338583));
#6622=CARTESIAN_POINT('',(0.10278154565919,0.0200787401574803,0.629527559055118));
#6623=CARTESIAN_POINT('',(0.120783397771624,0.0200787401574803,0.611811023622047));
#6624=CARTESIAN_POINT('Ctrl Pts',(0.10278154565919,0.0200787401574804,0.629527559055118));
#6625=CARTESIAN_POINT('Ctrl Pts',(0.111080493080173,0.0200787401574804,
0.62138257501785));
#6626=CARTESIAN_POINT('Ctrl Pts',(0.120783397771624,0.0200787401574804,
0.611811023622047));
#6627=CARTESIAN_POINT('Origin',(1.41009588469015E-34,-1.83341629433947E-17,
0.611811023622047));
#6628=CARTESIAN_POINT('Origin',(2.79824602778429E-33,-1.37299247518257E-17,
0.629527559055118));
#6629=CARTESIAN_POINT('Origin',(0.0162006962957927,-1.36916764228154E-17,
0.629527559055118));
#6630=CARTESIAN_POINT('',(0.0928306418661121,0.0200787401574803,0.629527559055118));
#6631=CARTESIAN_POINT('',(-0.0826771653543307,-2.99620376617878E-17,0.629527559055118));
#6632=CARTESIAN_POINT('Origin',(-1.43383958691036E-34,-1.47744887747242E-17,
0.629527559055118));
#6633=CARTESIAN_POINT('Origin',(5.35287824191689E-33,-8.74191357972564E-17,
0.35));
#6634=CARTESIAN_POINT('',(-0.0826771653543307,-1.0260668468432E-16,0.35));
#6635=CARTESIAN_POINT('Origin',(0.120783397771624,0.0200787401574803,0.35));
#6636=CARTESIAN_POINT('',(0.120783397771624,0.0200787401574803,0.35));
#6637=CARTESIAN_POINT('Origin',(5.35287824191689E-33,-8.74191357972564E-17,
0.35));
#6638=CARTESIAN_POINT('Origin',(-6.43641528485389E-18,0.105118110236221,
0.35));
#6639=CARTESIAN_POINT('',(0.187007874015748,-0.10511811023622,0.35));
#6640=CARTESIAN_POINT('',(6.43641528485381E-18,-0.10511811023622,0.35));
#6641=CARTESIAN_POINT('',(0.25,-0.10511811023622,0.35));
#6642=CARTESIAN_POINT('',(0.187007874015748,-0.10511811023622,0.35));
#6643=CARTESIAN_POINT('',(0.25,0.105118110236221,0.35));
#6644=CARTESIAN_POINT('',(0.25,0.105118110236221,0.35));
#6645=CARTESIAN_POINT('',(0.187007874015748,0.105118110236221,0.35));
#6646=CARTESIAN_POINT('',(0.187007874015748,0.105118110236221,0.35));
#6647=CARTESIAN_POINT('',(-6.43641528485389E-18,0.105118110236221,0.35));
#6648=CARTESIAN_POINT('Origin',(-0.0470245911818097,-0.135039370078741,
-8.74191357972564E-17));
#6649=CARTESIAN_POINT('',(-0.0511811023622029,-0.11496062992126,0.0200787401574803));
#6650=CARTESIAN_POINT('',(-0.051181102362205,-0.114960629921259,-1.91885722280393E-34));
#6651=CARTESIAN_POINT('',(-0.0511811023622054,-0.114960629921257,-1.91885722280394E-34));
#6652=CARTESIAN_POINT('',(-0.0470245911818097,-0.135039370078741,0.0200787401574802));
#6653=CARTESIAN_POINT('',(-0.0470245911818097,-0.135039370078741,0.0200787401574802));
#6654=CARTESIAN_POINT('',(-0.0470245911818099,-0.13503937007874,0.0157480314960629));
#6655=CARTESIAN_POINT('',(-0.0470245911818099,-0.13503937007874,0.16003937007874));
#6656=CARTESIAN_POINT('',(-0.0502845999507456,-0.119291338582677,-8.74191357972564E-17));
#6657=CARTESIAN_POINT('Origin',(-0.0502845999507456,-0.119291338582677,
0.0157480314960629));
#6658=CARTESIAN_POINT('',(-0.0460584140126352,-0.13970665460752,-8.74191357972564E-17));
#6659=CARTESIAN_POINT('Origin',(0.0470245911818121,0.135039370078741,-8.74191357972564E-17));
#6660=CARTESIAN_POINT('',(0.0511811023622044,0.114960629921261,0.0200787401574802));
#6661=CARTESIAN_POINT('',(0.051181102362205,0.11496062992126,1.91885722280393E-34));
#6662=CARTESIAN_POINT('',(0.0470245911818121,0.135039370078741,0.0200787401574802));
#6663=CARTESIAN_POINT('',(0.0470245911818121,0.135039370078741,0.0200787401574802));
#6664=CARTESIAN_POINT('',(0.047024591181812,0.135039370078742,0.0157480314960629));
#6665=CARTESIAN_POINT('',(0.047024591181812,0.135039370078742,-8.74191357972564E-17));
#6666=CARTESIAN_POINT('Origin',(0.0502845999507472,0.119291338582679,0.0157480314960629));
#6667=CARTESIAN_POINT('Origin',(0.124235251337873,-0.135039370078741,-8.74191357972564E-17));
#6668=CARTESIAN_POINT('',(0.12007874015748,-0.11496062992126,0.0200787401574803));
#6669=CARTESIAN_POINT('',(0.120078740157482,-0.114960629921259,4.50193425350155E-34));
#6670=CARTESIAN_POINT('',(0.124235251337873,-0.135039370078741,0.0200787401574802));
#6671=CARTESIAN_POINT('',(0.124235251337873,-0.135039370078741,0.0200787401574802));
#6672=CARTESIAN_POINT('',(0.124235251337873,-0.13503937007874,0.0157480314960629));
#6673=CARTESIAN_POINT('',(0.124235251337873,-0.13503937007874,0.16003937007874));
#6674=CARTESIAN_POINT('Origin',(0.120975242568938,-0.119291338582677,0.0157480314960629));
#6675=CARTESIAN_POINT('Origin',(-0.124235251337874,0.135039370078742,-8.74191357972564E-17));
#6676=CARTESIAN_POINT('',(-0.12007874015748,0.114960629921261,0.0200787401574802));
#6677=CARTESIAN_POINT('',(-0.120078740157481,0.11496062992126,-4.50193425350151E-34));
#6678=CARTESIAN_POINT('',(-0.124235251337874,0.135039370078742,0.0200787401574802));
#6679=CARTESIAN_POINT('',(-0.124235251337874,0.135039370078742,0.0200787401574802));
#6680=CARTESIAN_POINT('',(-0.124235251337874,0.135039370078742,0.0157480314960629));
#6681=CARTESIAN_POINT('',(-0.124235251337874,0.135039370078742,-8.74191357972564E-17));
#6682=CARTESIAN_POINT('',(-0.120975242568938,0.119291338582679,-8.74191357972564E-17));
#6683=CARTESIAN_POINT('Origin',(-0.120975242568938,0.119291338582679,0.0157480314960629));
#6684=CARTESIAN_POINT('',(-0.113995523273935,0.0855746074073659,-8.74191357972564E-17));
#6685=CARTESIAN_POINT('Origin',(0.187007874015748,6.24067464115936E-16,
0.187116434325911));
#6686=CARTESIAN_POINT('',(0.187007874015748,-0.133374199788973,0.32992125984252));
#6687=CARTESIAN_POINT('',(0.187007874015748,-0.10511811023622,0.32992125984252));
#6688=CARTESIAN_POINT('',(0.187007874015748,-0.0675196850393694,0.32992125984252));
#6689=CARTESIAN_POINT('',(0.187007874015748,-0.10511811023622,0.258518847084215));
#6690=CARTESIAN_POINT('Origin',(0.187007874015748,-0.10511811023622,0.32007874015748));
#6691=CARTESIAN_POINT('Origin',(-0.187007874015748,5.97751551050406E-16,
0.187116434325911));
#6692=CARTESIAN_POINT('',(-0.187007874015748,0.133374199788975,0.32992125984252));
#6693=CARTESIAN_POINT('',(-0.187007874015747,0.10511811023622,0.32992125984252));
#6694=CARTESIAN_POINT('',(-0.187007874015747,0.0675196850393696,0.32992125984252));
#6695=CARTESIAN_POINT('',(-0.187007874015748,0.105118110236221,0.258518847084215));
#6696=CARTESIAN_POINT('Origin',(-0.187007874015748,0.105118110236221,0.32007874015748));
#6697=CARTESIAN_POINT('Origin',(7.30424655921615E-18,-0.119291338582677,
0.0157480314960629));
#6698=CARTESIAN_POINT('',(0.0470245911818123,-0.13503937007874,0.0157480314960629));
#6699=CARTESIAN_POINT('',(8.26850353072983E-18,-0.13503937007874,0.0157480314960629));
#6700=CARTESIAN_POINT('Origin',(0.0502845999507475,-0.119291338582677,0.0157480314960629));
#6701=CARTESIAN_POINT('Origin',(0.0584820993052248,-0.0796919119635183,
-8.74191357972564E-17));
#6702=CARTESIAN_POINT('',(0.0511811023622047,-0.11496062992126,0.0200787401574803));
#6703=CARTESIAN_POINT('',(0.0511811023622052,-0.114960629921258,1.91885722280393E-34));
#6704=CARTESIAN_POINT('',(0.0470245911818121,-0.135039370078741,0.0200787401574802));
#6705=CARTESIAN_POINT('',(0.0470245911818123,-0.13503937007874,0.16003937007874));
#6706=CARTESIAN_POINT('',(0.0584820993052248,-0.0796919119635183,0.0200787401574802));
#6707=CARTESIAN_POINT('Origin',(-7.30424655921623E-18,0.119291338582679,
0.0157480314960629));
#6708=CARTESIAN_POINT('',(0.124235251337873,0.135039370078742,0.0157480314960629));
#6709=CARTESIAN_POINT('Origin',(0.120975242568938,0.119291338582679,0.0157480314960629));
#6710=CARTESIAN_POINT('',(-8.26850353072991E-18,0.135039370078742,0.0157480314960629));
#6711=CARTESIAN_POINT('Origin',(0.11277774321446,0.0796919119635183,-8.74191357972564E-17));
#6712=CARTESIAN_POINT('',(0.12007874015748,0.114960629921261,0.0200787401574802));
#6713=CARTESIAN_POINT('',(0.120078740157482,0.11496062992126,4.50193425350156E-34));
#6714=CARTESIAN_POINT('',(0.124235251337873,0.135039370078741,0.0200787401574802));
#6715=CARTESIAN_POINT('',(0.124235251337873,0.135039370078742,-8.74191357972564E-17));
#6716=CARTESIAN_POINT('',(0.11277774321446,0.0796919119635183,0.0200787401574802));
#6717=CARTESIAN_POINT('Origin',(-7.30424655921623E-18,0.119291338582679,
0.0157480314960629));
#6718=CARTESIAN_POINT('',(-0.0470245911818096,0.135039370078742,0.0157480314960629));
#6719=CARTESIAN_POINT('',(-8.26850353072991E-18,0.135039370078742,0.0157480314960629));
#6720=CARTESIAN_POINT('',(-0.0502845999507453,0.119291338582679,-8.74191357972564E-17));
#6721=CARTESIAN_POINT('Origin',(-0.0502845999507453,0.119291338582679,0.0157480314960629));
#6722=CARTESIAN_POINT('',(-7.30424655921623E-18,0.119291338582679,-8.74191357972564E-17));
#6723=CARTESIAN_POINT('Origin',(-3.52615539521113E-18,0.057588389676485,
-8.74191357972564E-17));
#6724=CARTESIAN_POINT('',(-0.0594743324597306,0.0748987595286221,-8.74191357972564E-17));
#6725=CARTESIAN_POINT('Origin',(-0.0584820993052248,0.0796919119635146,
-8.74191357972564E-17));
#6726=CARTESIAN_POINT('',(-0.0511811023622026,0.114960629921261,0.0200787401574802));
#6727=CARTESIAN_POINT('',(-0.051181102362205,0.11496062992126,-1.91885722280393E-34));
#6728=CARTESIAN_POINT('',(-0.0470245911818098,0.135039370078741,0.0200787401574802));
#6729=CARTESIAN_POINT('',(-0.0470245911818096,0.135039370078742,-8.74191357972564E-17));
#6730=CARTESIAN_POINT('',(-0.0584820993052248,0.0796919119635146,0.0200787401574802));
#6731=CARTESIAN_POINT('Origin',(7.30424655921615E-18,-0.119291338582677,
0.0157480314960629));
#6732=CARTESIAN_POINT('',(-0.12423525133787,-0.13503937007874,0.0157480314960629));
#6733=CARTESIAN_POINT('',(-0.120975242568935,-0.119291338582677,-8.74191357972564E-17));
#6734=CARTESIAN_POINT('Origin',(-0.120975242568935,-0.119291338582677,0.0157480314960629));
#6735=CARTESIAN_POINT('',(7.30424655921615E-18,-0.119291338582677,-8.74191357972564E-17));
#6736=CARTESIAN_POINT('',(8.26850353072983E-18,-0.13503937007874,0.0157480314960629));
#6737=CARTESIAN_POINT('Origin',(8.26850353072983E-18,-0.13503937007874,
-8.74191357972564E-17));
#6738=CARTESIAN_POINT('',(-0.065190095072852,-0.0472877878916147,-2.44407562581518E-34));
#6739=CARTESIAN_POINT('',(-0.115953933597616,-0.0950350443710437,-8.74191357972564E-17));
#6740=CARTESIAN_POINT('Origin',(-0.112777743214459,-0.07969191196352,-8.74191357972564E-17));
#6741=CARTESIAN_POINT('',(-0.120078740157478,-0.11496062992126,0.0200787401574803));
#6742=CARTESIAN_POINT('',(-0.12007874015748,-0.114960629921257,-4.50193425350149E-34));
#6743=CARTESIAN_POINT('',(-0.12423525133787,-0.13503937007874,0.0200787401574802));
#6744=CARTESIAN_POINT('',(-0.12423525133787,-0.13503937007874,0.16003937007874));
#6745=CARTESIAN_POINT('',(-0.112777743214459,-0.07969191196352,0.0200787401574802));
#6746=CARTESIAN_POINT('Origin',(-5.89237409138813E-11,5.24392489460002E-11,
0.0200787401574802));
#6747=CARTESIAN_POINT('',(-0.187007874015748,0.114960629921261,0.0200787401574802));
#6748=CARTESIAN_POINT('',(-0.0935039370373357,0.11496062992126,0.0200787401574802));
#6749=CARTESIAN_POINT('',(-0.187007874015748,0.135039370112901,0.0200787401574802));
#6750=CARTESIAN_POINT('',(-0.187007874015747,0.067519685065589,0.0200787401574802));
#6751=CARTESIAN_POINT('',(-2.94618787254442E-11,0.135039370078742,0.0200787401574802));
#6752=CARTESIAN_POINT('Origin',(-5.89237409138813E-11,5.24392489460002E-11,
0.0200787401574802));
#6753=CARTESIAN_POINT('',(0.187007874015748,0.114960629921261,0.0200787401574802));
#6754=CARTESIAN_POINT('',(-0.0935039370373357,0.11496062992126,0.0200787401574802));
#6755=CARTESIAN_POINT('',(0.187007874015748,0.135039370078742,0.0200787401574802));
#6756=CARTESIAN_POINT('',(-2.94618787254442E-11,0.135039370078742,0.0200787401574802));
#6757=CARTESIAN_POINT('',(0.187007874015748,0.0574803149868498,0.0200787401574802));
#6758=CARTESIAN_POINT('Origin',(-5.89237409138813E-11,5.24392489460002E-11,
0.0200787401574802));
#6759=CARTESIAN_POINT('',(-0.0935039370373357,0.11496062992126,0.0200787401574802));
#6760=CARTESIAN_POINT('',(-2.94618787254442E-11,0.135039370078742,0.0200787401574802));
#6761=CARTESIAN_POINT('Origin',(-5.89237409138813E-11,5.24392489460002E-11,
0.0200787401574802));
#6762=CARTESIAN_POINT('',(-0.187007874015748,-0.11496062992126,0.0200787401574803));
#6763=CARTESIAN_POINT('',(0.0935039369784116,-0.114960629921258,0.0200787401574802));
#6764=CARTESIAN_POINT('',(-0.187007874015748,-0.13503937007874,0.0200787401574802));
#6765=CARTESIAN_POINT('',(-2.94618621884371E-11,-0.13503937007874,0.0200787401574802));
#6766=CARTESIAN_POINT('',(-0.187007874015747,-0.0574803149344078,0.0200787401574802));
#6767=CARTESIAN_POINT('Origin',(-5.89237409138813E-11,5.24392489460002E-11,
0.0200787401574802));
#6768=CARTESIAN_POINT('',(0.0935039369784116,-0.114960629921258,0.0200787401574802));
#6769=CARTESIAN_POINT('',(-2.94618621884371E-11,-0.13503937007874,0.0200787401574802));
#6770=CARTESIAN_POINT('Origin',(-5.89237409138813E-11,5.24392489460002E-11,
0.0200787401574802));
#6771=CARTESIAN_POINT('',(0.187007874015748,-0.11496062992126,0.0200787401574803));
#6772=CARTESIAN_POINT('',(0.0935039369784116,-0.114960629921258,0.0200787401574802));
#6773=CARTESIAN_POINT('',(0.187007874015748,-0.13503937007874,0.0200787401574802));
#6774=CARTESIAN_POINT('',(0.187007874015748,-0.06751968501315,0.0200787401574802));
#6775=CARTESIAN_POINT('',(-2.94618621884371E-11,-0.13503937007874,0.0200787401574802));
#6776=CARTESIAN_POINT('Origin',(-0.187007874015748,5.97751551050406E-16,
0.187116434325911));
#6777=CARTESIAN_POINT('',(-0.187007874015747,-0.105118110236217,0.32992125984252));
#6778=CARTESIAN_POINT('',(-0.187007874015748,-0.133374199788973,0.32992125984252));
#6779=CARTESIAN_POINT('',(-0.187007874015748,-0.114960629921256,0.32992125984252));
#6780=CARTESIAN_POINT('Origin',(-0.187007874015748,-0.10511811023622,0.32007874015748));
#6781=CARTESIAN_POINT('',(-0.187007874015748,-0.10511811023622,0.268558217162955));
#6782=CARTESIAN_POINT('Origin',(0.0409680394269938,0.135039370078741,0.256438149287489));
#6783=CARTESIAN_POINT('',(0.0409680394269939,0.133070866141734,0.256438149287489));
#6784=CARTESIAN_POINT('',(0.071984070798638,0.133070866141734,0.180349404882837));
#6785=CARTESIAN_POINT('',(0.0445233404833209,0.133070866141734,0.247716259948553));
#6786=CARTESIAN_POINT('',(0.071984070798638,0.135039370078741,0.180349404882837));
#6787=CARTESIAN_POINT('',(0.071984070798638,0.135039370078741,0.180349404882837));
#6788=CARTESIAN_POINT('',(0.0409680394269938,0.135039370078741,0.256438149287489));
#6789=CARTESIAN_POINT('',(0.0828680827138749,0.135039370078741,0.153648670969059));
#6790=CARTESIAN_POINT('',(0.0409680394269938,0.135039370078741,0.256438149287489));
#6791=CARTESIAN_POINT('Origin',(0.071984070798638,0.135039370078741,0.180349404882837));
#6792=CARTESIAN_POINT('',(-0.0432629315029624,0.133070866141734,0.180349404882837));
#6793=CARTESIAN_POINT('',(0.034762596338392,0.133070866141734,0.180349404882837));
#6794=CARTESIAN_POINT('',(-0.0432629315029624,0.135039370078741,0.180349404882837));
#6795=CARTESIAN_POINT('',(-0.0432629315029624,0.135039370078741,0.180349404882837));
#6796=CARTESIAN_POINT('',(0.035992035399319,0.135039370078741,0.180349404882837));
#6797=CARTESIAN_POINT('Origin',(-0.0432629315029624,0.135039370078741,0.180349404882837));
#6798=CARTESIAN_POINT('',(-0.0494039226746665,0.133070866141734,0.195414527240245));
#6799=CARTESIAN_POINT('',(-0.0470050935087629,0.133070866141734,0.189529702805816));
#6800=CARTESIAN_POINT('',(-0.0494039226746665,0.135039370078741,0.195414527240245));
#6801=CARTESIAN_POINT('',(-0.0494039226746665,0.135039370078741,0.195414527240245));
#6802=CARTESIAN_POINT('',(-0.00866035127820923,0.135039370078741,0.095462113826322));
#6803=CARTESIAN_POINT('Origin',(-0.0494039226746665,0.135039370078741,0.195414527240245));
#6804=CARTESIAN_POINT('',(0.0495744077645212,0.133070866141734,0.195414527240247));
#6805=CARTESIAN_POINT('',(-0.02593140039826,0.133070866141734,0.195414527240245));
#6806=CARTESIAN_POINT('',(0.0495744077645212,0.135039370078741,0.195414527240247));
#6807=CARTESIAN_POINT('',(0.0495744077645212,0.135039370078741,0.195414527240247));
#6808=CARTESIAN_POINT('',(-0.0247019613373356,0.135039370078741,0.195414527240245));
#6809=CARTESIAN_POINT('Origin',(0.0495744077645212,0.135039370078741,0.195414527240247));
#6810=CARTESIAN_POINT('',(0.0432778788362557,0.133070866141734,0.21086121590646));
#6811=CARTESIAN_POINT('',(0.0418512191839391,0.133070866141734,0.214361107312193));
#6812=CARTESIAN_POINT('',(0.0432778788362557,0.135039370078741,0.21086121590646));
#6813=CARTESIAN_POINT('',(0.0432778788362557,0.135039370078741,0.21086121590646));
#6814=CARTESIAN_POINT('',(0.0801959614144933,0.135039370078741,0.120293518332699));
#6815=CARTESIAN_POINT('Origin',(0.0432778788362557,0.135039370078741,0.21086121590646));
#6816=CARTESIAN_POINT('',(-0.055700451602933,0.133070866141734,0.210861215906458));
#6817=CARTESIAN_POINT('',(0.0204095003572009,0.133070866141734,0.21086121590646));
#6818=CARTESIAN_POINT('',(-0.055700451602933,0.135039370078741,0.210861215906458));
#6819=CARTESIAN_POINT('',(-0.055700451602933,0.135039370078741,0.210861215906458));
#6820=CARTESIAN_POINT('',(0.0216389394181258,0.135039370078741,0.21086121590646));
#6821=CARTESIAN_POINT('Origin',(-0.055700451602933,0.135039370078741,0.210861215906458));
#6822=CARTESIAN_POINT('',(-0.0618414427746372,0.133070866141734,0.225926338263867));
#6823=CARTESIAN_POINT('',(-0.0532238535587487,0.133070866141734,0.204785608317627));
#6824=CARTESIAN_POINT('',(-0.0618414427746372,0.135039370078741,0.225926338263867));
#6825=CARTESIAN_POINT('',(-0.0618414427746372,0.135039370078741,0.225926338263867));
#6826=CARTESIAN_POINT('',(-0.0148791113281949,0.135039370078741,0.110718019338133));
#6827=CARTESIAN_POINT('Origin',(-0.0618414427746372,0.135039370078741,0.225926338263867));
#6828=CARTESIAN_POINT('',(0.0371368876645521,0.133070866141734,0.225926338263869));
#6829=CARTESIAN_POINT('',(-0.0321501604482457,0.133070866141734,0.225926338263867));
#6830=CARTESIAN_POINT('',(0.0371368876645521,0.135039370078741,0.225926338263869));
#6831=CARTESIAN_POINT('',(0.0371368876645521,0.135039370078741,0.225926338263869));
#6832=CARTESIAN_POINT('',(-0.0309207213873217,0.135039370078741,0.225926338263867));
#6833=CARTESIAN_POINT('Origin',(0.0371368876645521,0.135039370078741,0.225926338263869));
#6834=CARTESIAN_POINT('',(0.0308403587362862,0.133070866141734,0.241373026930083));
#6835=CARTESIAN_POINT('',(0.0356324591339549,0.133070866141734,0.229617012824004));
#6836=CARTESIAN_POINT('',(0.0308403587362862,0.135039370078741,0.241373026930083));
#6837=CARTESIAN_POINT('',(0.0308403587362862,0.135039370078741,0.241373026930083));
#6838=CARTESIAN_POINT('',(0.0739772013645101,0.135039370078741,0.135549423844512));
#6839=CARTESIAN_POINT('Origin',(0.0308403587362862,0.135039370078741,0.241373026930083));
#6840=CARTESIAN_POINT('',(-0.068137971702902,0.133070866141734,0.241373026930082));
#6841=CARTESIAN_POINT('',(0.0141907403072159,0.133070866141734,0.241373026930083));
#6842=CARTESIAN_POINT('',(-0.068137971702902,0.135039370078741,0.241373026930082));
#6843=CARTESIAN_POINT('',(-0.068137971702902,0.135039370078741,0.241373026930082));
#6844=CARTESIAN_POINT('',(0.0154201793681416,0.135039370078741,0.241373026930083));
#6845=CARTESIAN_POINT('Origin',(-0.068137971702902,0.135039370078741,0.241373026930082));
#6846=CARTESIAN_POINT('',(-0.0742789628746061,0.133070866141734,0.256438149287489));
#6847=CARTESIAN_POINT('',(-0.0594426136087319,0.133070866141734,0.220041513829438));
#6848=CARTESIAN_POINT('',(-0.0742789628746061,0.135039370078741,0.256438149287489));
#6849=CARTESIAN_POINT('',(-0.0742789628746061,0.135039370078741,0.256438149287489));
#6850=CARTESIAN_POINT('',(-0.0210978713781767,0.135039370078741,0.125973924849946));
#6851=CARTESIAN_POINT('Origin',(-0.0742789628746061,0.135039370078741,0.256438149287489));
#6852=CARTESIAN_POINT('',(-0.0383689204982301,0.133070866141734,0.256438149287489));
#6853=CARTESIAN_POINT('',(-0.0371394814373031,0.135039370078741,0.256438149287489));
#6854=CARTESIAN_POINT('Origin',(-0.0513759369797652,0.135039370078741,0.196740233778076));
#6855=CARTESIAN_POINT('',(-0.0513759369797652,0.133070866141734,0.196740233778076));
#6856=CARTESIAN_POINT('',(0.0476023934594226,0.133070866141734,0.196740233778078));
#6857=CARTESIAN_POINT('',(-0.0513759369797652,0.133070866141734,0.196740233778076));
#6858=CARTESIAN_POINT('',(-0.0513759369797652,0.135039370078741,0.196740233778076));
#6859=CARTESIAN_POINT('',(-0.0513759369797652,0.135039370078741,0.196740233778076));
#6860=CARTESIAN_POINT('',(0.0476023934594226,0.135039370078741,0.196740233778078));
#6861=CARTESIAN_POINT('',(-0.025687968489885,0.135039370078741,0.196740233778077));
#6862=CARTESIAN_POINT('',(0.0476023934594226,0.135039370078741,0.196740233778078));
#6863=CARTESIAN_POINT('Origin',(0.0476023934594226,0.135039370078741,0.196740233778078));
#6864=CARTESIAN_POINT('',(0.0423866592239514,0.133070866141734,0.209535509368629));
#6865=CARTESIAN_POINT('',(0.0476023934594226,0.133070866141734,0.196740233778078));
#6866=CARTESIAN_POINT('',(0.0423866592239514,0.135039370078741,0.209535509368629));
#6867=CARTESIAN_POINT('',(0.0785961385992537,0.135039370078741,0.120706162112691));
#6868=CARTESIAN_POINT('',(0.0423866592239514,0.135039370078741,0.209535509368629));
#6869=CARTESIAN_POINT('Origin',(0.0423866592239514,0.135039370078741,0.209535509368629));
#6870=CARTESIAN_POINT('',(-0.0565916712152373,0.133070866141734,0.209535509368627));
#6871=CARTESIAN_POINT('',(0.0423866592239514,0.133070866141734,0.209535509368629));
#6872=CARTESIAN_POINT('',(-0.0565916712152373,0.135039370078741,0.209535509368627));
#6873=CARTESIAN_POINT('',(0.0211933296119736,0.135039370078741,0.209535509368629));
#6874=CARTESIAN_POINT('',(-0.0565916712152373,0.135039370078741,0.209535509368627));
#6875=CARTESIAN_POINT('Origin',(-0.0565916712152373,0.135039370078741,0.209535509368627));
#6876=CARTESIAN_POINT('',(-0.0638134570797359,0.133070866141734,0.227252044801698));
#6877=CARTESIAN_POINT('',(-0.0565916712152373,0.133070866141734,0.209535509368627));
#6878=CARTESIAN_POINT('',(-0.0638134570797359,0.135039370078741,0.227252044801698));
#6879=CARTESIAN_POINT('',(-0.0159385367970373,0.135039370078741,0.109804956580292));
#6880=CARTESIAN_POINT('',(-0.0638134570797359,0.135039370078741,0.227252044801698));
#6881=CARTESIAN_POINT('Origin',(-0.0638134570797359,0.135039370078741,0.227252044801698));
#6882=CARTESIAN_POINT('',(0.0351648733594535,0.133070866141734,0.227252044801701));
#6883=CARTESIAN_POINT('',(-0.0638134570797359,0.133070866141734,0.227252044801698));
#6884=CARTESIAN_POINT('',(0.0351648733594535,0.135039370078741,0.227252044801701));
#6885=CARTESIAN_POINT('',(-0.0319067285398711,0.135039370078741,0.227252044801699));
#6886=CARTESIAN_POINT('',(0.0351648733594535,0.135039370078741,0.227252044801701));
#6887=CARTESIAN_POINT('Origin',(0.0351648733594535,0.135039370078741,0.227252044801701));
#6888=CARTESIAN_POINT('',(0.0299491391239819,0.133070866141734,0.240047320392252));
#6889=CARTESIAN_POINT('',(0.0351648733594535,0.133070866141734,0.227252044801701));
#6890=CARTESIAN_POINT('',(0.0299491391239819,0.135039370078741,0.240047320392252));
#6891=CARTESIAN_POINT('',(0.0723773785492706,0.135039370078741,0.135962067624503));
#6892=CARTESIAN_POINT('',(0.0299491391239819,0.135039370078741,0.240047320392252));
#6893=CARTESIAN_POINT('Origin',(0.0299491391239819,0.135039370078741,0.240047320392252));
#6894=CARTESIAN_POINT('',(-0.0690291913152062,0.133070866141734,0.240047320392249));
#6895=CARTESIAN_POINT('',(0.0299491391239819,0.133070866141734,0.240047320392252));
#6896=CARTESIAN_POINT('',(-0.0690291913152062,0.135039370078741,0.240047320392249));
#6897=CARTESIAN_POINT('',(0.0149745695619881,0.135039370078741,0.240047320392251));
#6898=CARTESIAN_POINT('',(-0.0690291913152062,0.135039370078741,0.240047320392249));
#6899=CARTESIAN_POINT('Origin',(-0.0690291913152062,0.135039370078741,0.240047320392249));
#6900=CARTESIAN_POINT('',(-0.0762509771797049,0.133070866141734,0.25776385582532));
#6901=CARTESIAN_POINT('',(-0.0690291913152062,0.133070866141734,0.240047320392249));
#6902=CARTESIAN_POINT('',(-0.0762509771797049,0.135039370078741,0.25776385582532));
#6903=CARTESIAN_POINT('',(-0.0221572968470213,0.135039370078741,0.125060862092104));
#6904=CARTESIAN_POINT('',(-0.0762509771797049,0.135039370078741,0.25776385582532));
#6905=CARTESIAN_POINT('Origin',(-0.0762509771797049,0.135039370078741,0.25776385582532));
#6906=CARTESIAN_POINT('',(0.0418592590407657,0.133070866141734,0.25776385582532));
#6907=CARTESIAN_POINT('',(-0.0762509771797049,0.133070866141734,0.25776385582532));
#6908=CARTESIAN_POINT('',(0.0418592590407657,0.135039370078741,0.25776385582532));
#6909=CARTESIAN_POINT('',(-0.0381254885898525,0.135039370078741,0.25776385582532));
#6910=CARTESIAN_POINT('',(0.0418592590407657,0.135039370078741,0.25776385582532));
#6911=CARTESIAN_POINT('Origin',(0.0418592590407657,0.135039370078741,0.25776385582532));
#6912=CARTESIAN_POINT('',(0.0739560851052058,0.133070866141734,0.179023698345005));
#6913=CARTESIAN_POINT('',(0.0418592590407657,0.133070866141734,0.25776385582532));
#6914=CARTESIAN_POINT('',(0.0739560851052058,0.135039370078741,0.179023698345005));
#6915=CARTESIAN_POINT('',(0.0839275081840818,0.135039370078741,0.154561733727158));
#6916=CARTESIAN_POINT('',(0.0739560851052058,0.135039370078741,0.179023698345005));
#6917=CARTESIAN_POINT('Origin',(0.0739560851052058,0.135039370078741,0.179023698345005));
#6918=CARTESIAN_POINT('',(-0.0441541511152666,0.133070866141734,0.179023698345005));
#6919=CARTESIAN_POINT('',(0.0739560851052058,0.133070866141734,0.179023698345005));
#6920=CARTESIAN_POINT('',(-0.0441541511152666,0.135039370078741,0.179023698345005));
#6921=CARTESIAN_POINT('',(0.0369780425526029,0.135039370078741,0.179023698345005));
#6922=CARTESIAN_POINT('',(-0.0441541511152666,0.135039370078741,0.179023698345005));
#6923=CARTESIAN_POINT('Origin',(-0.0441541511152666,0.135039370078741,0.179023698345005));
#6924=CARTESIAN_POINT('',(-0.0441541511152666,0.133070866141734,0.179023698345005));
#6925=CARTESIAN_POINT('',(-0.00971977674705165,0.135039370078741,0.0945490510684817));
#6926=CARTESIAN_POINT('Origin',(-0.00245887812185407,0.133070866141734,
0.218393777085163));
#6927=CARTESIAN_POINT('Origin',(-8.26850353072991E-18,0.135039370078742,
-8.74191357972564E-17));
#6928=CARTESIAN_POINT('',(-0.187007874015748,0.135039370078741,0.32007874015748));
#6929=CARTESIAN_POINT('',(-0.187007874015748,0.13503937007874,-7.01120908332198E-34));
#6930=CARTESIAN_POINT('',(0.187007874015748,0.135039370078741,0.32007874015748));
#6931=CARTESIAN_POINT('',(-8.26850353072991E-18,0.135039370078741,0.32007874015748));
#6932=CARTESIAN_POINT('',(0.187007874015748,0.13503937007874,7.01120908332199E-34));
#6933=CARTESIAN_POINT('Origin',(-0.187007874015748,-0.10511811023622,0.35));
#6934=CARTESIAN_POINT('',(-0.25,-0.10511811023622,0.32992125984252));
#6935=CARTESIAN_POINT('',(-0.25,-0.10511811023622,0.32992125984252));
#6936=CARTESIAN_POINT('',(-0.093503937007874,-0.10511811023622,0.32992125984252));
#6937=CARTESIAN_POINT('Origin',(-0.187007874015748,0.105118110236221,0.32992125984252));
#6938=CARTESIAN_POINT('',(-0.25,0.105118110236221,0.32992125984252));
#6939=CARTESIAN_POINT('',(-0.25,0.105118110236221,0.35));
#6940=CARTESIAN_POINT('',(-0.093503937007874,0.105118110236221,0.32992125984252));
#6941=CARTESIAN_POINT('Origin',(-0.25,6.06870801134256E-16,0.33996062992126));
#6942=CARTESIAN_POINT('',(-0.25,-0.13503937007874,0.32992125984252));
#6943=CARTESIAN_POINT('Origin',(0.187007874015748,-0.10511811023622,0.32992125984252));
#6944=CARTESIAN_POINT('',(0.25,-0.10511811023622,0.32992125984252));
#6945=CARTESIAN_POINT('',(0.25,-0.10511811023622,0.35));
#6946=CARTESIAN_POINT('',(0.093503937007874,-0.10511811023622,0.32992125984252));
#6947=CARTESIAN_POINT('Origin',(0.187007874015748,0.105118110236221,0.35));
#6948=CARTESIAN_POINT('',(0.25,0.105118110236221,0.32992125984252));
#6949=CARTESIAN_POINT('',(0.25,0.105118110236221,0.32992125984252));
#6950=CARTESIAN_POINT('',(0.187007874015748,0.105118110236221,0.32992125984252));
#6951=CARTESIAN_POINT('',(0.093503937007874,0.105118110236221,0.32992125984252));
#6952=CARTESIAN_POINT('',(0.187007874015748,0.105118110236221,0.268558217162955));
#6953=CARTESIAN_POINT('Origin',(0.25,6.31972275631764E-16,0.33996062992126));
#6954=CARTESIAN_POINT('',(0.25,0.13503937007874,0.32992125984252));
#6955=CARTESIAN_POINT('Origin',(0.187007874015748,6.24067464115936E-16,
0.187116434325911));
#6956=CARTESIAN_POINT('',(0.187007874015748,0.133374199788975,0.32992125984252));
#6957=CARTESIAN_POINT('',(0.187007874015748,0.11496062992126,0.32992125984252));
#6958=CARTESIAN_POINT('Origin',(0.187007874015748,0.105118110236221,0.32007874015748));
#6959=CARTESIAN_POINT('Origin',(-8.26850353072991E-18,0.135039370078742,
-8.74191357972564E-17));
#6960=CARTESIAN_POINT('Origin',(-6.43641528485389E-18,0.105118110236221,
0.32007874015748));
#6961=CARTESIAN_POINT('Origin',(-0.187007874015748,0.105118110236221,0.32007874015748));
#6962=CARTESIAN_POINT('Origin',(0.187007874015748,0.105118110236221,0.32007874015748));
#6963=CARTESIAN_POINT('Origin',(6.43641528485381E-18,-0.10511811023622,
0.32007874015748));
#6964=CARTESIAN_POINT('',(-0.187007874015748,-0.13503937007874,0.32007874015748));
#6965=CARTESIAN_POINT('Origin',(-0.187007874015748,-0.10511811023622,0.32007874015748));
#6966=CARTESIAN_POINT('',(0.187007874015748,-0.13503937007874,0.32007874015748));
#6967=CARTESIAN_POINT('',(8.26850353072983E-18,-0.13503937007874,0.32007874015748));
#6968=CARTESIAN_POINT('Origin',(0.187007874015748,-0.10511811023622,0.32007874015748));
#6969=CARTESIAN_POINT('Origin',(8.26850353072983E-18,-0.13503937007874,
0.32007874015748));
#6970=CARTESIAN_POINT('',(0.187007874015748,-0.135039370078739,7.01120908332199E-34));
#6971=CARTESIAN_POINT('',(-0.187007874015748,-0.135039370078737,-7.01120908332199E-34));
#6972=CARTESIAN_POINT('Origin',(-0.187007874015748,-0.114960629921256,-7.01120908332198E-34));
#6973=CARTESIAN_POINT('',(-0.187007874015748,-0.135039370078737,0.32992125984252));
#6974=CARTESIAN_POINT('',(-0.187007874015748,-0.114960629921256,0.32992125984252));
#6975=CARTESIAN_POINT('',(-0.187007874015748,-0.135039370078737,-7.01120908332199E-34));
#6976=CARTESIAN_POINT('Origin',(0.187007874015748,-0.114960629921259,7.01120908332199E-34));
#6977=CARTESIAN_POINT('',(-0.187007874015748,-0.114960629921256,-7.01120908332198E-34));
#6978=CARTESIAN_POINT('Origin',(0.187007874015748,-0.114960629921259,7.01120908332199E-34));
#6979=CARTESIAN_POINT('',(0.187007874015748,-0.114960629921259,7.01120908332199E-34));
#6980=CARTESIAN_POINT('Origin',(0.187007874015748,-0.135039370078739,7.01120908332199E-34));
#6981=CARTESIAN_POINT('',(0.187007874015748,-0.135039370078739,0.32992125984252));
#6982=CARTESIAN_POINT('',(0.187007874015748,-0.135039370078739,7.01120908332199E-34));
#6983=CARTESIAN_POINT('',(0.187007874015748,-0.0675196850393694,0.32992125984252));
#6984=CARTESIAN_POINT('Origin',(-0.187007874015747,0.11496062992126,-7.01120908332198E-34));
#6985=CARTESIAN_POINT('',(0.187007874015748,0.11496062992126,7.01120908332199E-34));
#6986=CARTESIAN_POINT('Origin',(-0.187007874015747,0.11496062992126,-7.01120908332198E-34));
#6987=CARTESIAN_POINT('',(-0.187007874015747,0.11496062992126,-7.01120908332198E-34));
#6988=CARTESIAN_POINT('Origin',(-0.187007874015747,0.11496062992126,-7.01120908332198E-34));
#6989=CARTESIAN_POINT('Origin',(-0.187007874015748,0.13503937007874,-7.01120908332198E-34));
#6990=CARTESIAN_POINT('',(-0.187007874015748,0.13503937007874,0.32992125984252));
#6991=CARTESIAN_POINT('',(-0.187007874015748,0.13503937007874,-7.01120908332198E-34));
#6992=CARTESIAN_POINT('',(-0.187007874015747,0.0675196850393696,0.32992125984252));
#6993=CARTESIAN_POINT('Origin',(-0.187007874015748,0.13503937007874,-7.01120908332198E-34));
#6994=CARTESIAN_POINT('',(-0.187007874015748,0.13503937007874,-7.01120908332198E-34));
#6995=CARTESIAN_POINT('Origin',(0.187007874015748,0.11496062992126,7.01120908332199E-34));
#6996=CARTESIAN_POINT('',(0.187007874015748,0.13503937007874,0.32992125984252));
#6997=CARTESIAN_POINT('',(0.187007874015748,0.11496062992126,0.32992125984252));
#6998=CARTESIAN_POINT('',(0.187007874015748,0.13503937007874,7.01120908332199E-34));
#6999=CARTESIAN_POINT('Origin',(-4.50754918954604E-17,5.70956230675831E-16,
0.32992125984252));
#7000=CARTESIAN_POINT('',(-0.25,0.13503937007874,0.32992125984252));
#7001=CARTESIAN_POINT('',(-0.25,0.13503937007874,0.32992125984252));
#7002=CARTESIAN_POINT('',(-0.25,-0.13503937007874,0.32992125984252));
#7003=CARTESIAN_POINT('Origin',(-4.50754918954604E-17,5.70956230675831E-16,
0.32992125984252));
#7004=CARTESIAN_POINT('',(0.25,0.13503937007874,0.32992125984252));
#7005=CARTESIAN_POINT('',(0.25,0.13503937007874,0.32992125984252));
#7006=CARTESIAN_POINT('',(0.187007874015748,0.13503937007874,0.32992125984252));
#7007=CARTESIAN_POINT('Origin',(-4.50754918954604E-17,5.70956230675831E-16,
0.32992125984252));
#7008=CARTESIAN_POINT('',(0.25,-0.13503937007874,0.32992125984252));
#7009=CARTESIAN_POINT('',(0.25,-0.13503937007874,0.32992125984252));
#7010=CARTESIAN_POINT('',(0.25,0.13503937007874,0.32992125984252));
#7011=CARTESIAN_POINT('Origin',(-4.50754918954604E-17,5.70956230675831E-16,
0.32992125984252));
#7012=CARTESIAN_POINT('',(-0.25,-0.13503937007874,0.32992125984252));
#7013=CARTESIAN_POINT('',(-0.25,-0.13503937007874,0.32992125984252));
#7014=CARTESIAN_POINT('',(-0.187007874015748,-0.135039370078737,0.32992125984252));
#7015=CARTESIAN_POINT('Origin',(0.187007874015748,-0.114960629921259,7.01120908332199E-34));
#7016=CARTESIAN_POINT('',(0.187007874015748,-0.114960629921259,7.01120908332199E-34));
#7017=CARTESIAN_POINT('Origin',(-5.46369598732853E-17,5.74371040667911E-16,
-2.04842256704345E-49));
#7018=CARTESIAN_POINT('Origin',(0.25,-0.13503937007874,9.37287951138834E-34));
#7019=CARTESIAN_POINT('',(0.187007874015748,-0.135039370078739,7.01120908332199E-34));
#7020=CARTESIAN_POINT('',(0.25,-0.13503937007874,9.37287951138834E-34));
#7021=CARTESIAN_POINT('Origin',(0.187007874015748,-0.135039370078739,7.01120908332199E-34));
#7022=CARTESIAN_POINT('Origin',(-0.187007874015748,-0.114960629921256,-7.01120908332198E-34));
#7023=CARTESIAN_POINT('',(-0.187007874015748,-0.135039370078737,-7.01120908332199E-34));
#7024=CARTESIAN_POINT('Origin',(-0.187007874015748,-0.135039370078737,-7.01120908332199E-34));
#7025=CARTESIAN_POINT('',(-0.25,-0.13503937007874,-9.37287951138834E-34));
#7026=CARTESIAN_POINT('Origin',(-0.25,-0.13503937007874,-9.37287951138834E-34));
#7027=CARTESIAN_POINT('',(-0.25,0.13503937007874,-9.37287951138834E-34));
#7028=CARTESIAN_POINT('Origin',(-0.25,0.13503937007874,-9.37287951138834E-34));
#7029=CARTESIAN_POINT('Origin',(0.187007874015748,0.11496062992126,7.01120908332199E-34));
#7030=CARTESIAN_POINT('',(0.187007874015748,0.13503937007874,7.01120908332199E-34));
#7031=CARTESIAN_POINT('Origin',(0.187007874015748,0.13503937007874,7.01120908332199E-34));
#7032=CARTESIAN_POINT('',(0.25,0.13503937007874,9.37287951138835E-34));
#7033=CARTESIAN_POINT('Origin',(0.25,0.13503937007874,9.37287951138835E-34));
#7034=UNCERTAINTY_MEASURE_WITH_UNIT(LENGTH_MEASURE(0.000393700787401575),
#7039,'DISTANCE_ACCURACY_VALUE',
'Maximum model space distance between geometric entities at asserted c
onnectivities');
#7035=UNCERTAINTY_MEASURE_WITH_UNIT(LENGTH_MEASURE(0.000393700787401575),
#7039,'DISTANCE_ACCURACY_VALUE',
'Maximum model space distance between geometric entities at asserted c
onnectivities');
#7036=(
GEOMETRIC_REPRESENTATION_CONTEXT(3)
GLOBAL_UNCERTAINTY_ASSIGNED_CONTEXT((#7034))
GLOBAL_UNIT_ASSIGNED_CONTEXT((#7039,#7043,#7044))
REPRESENTATION_CONTEXT('','3D')
);
#7037=(
GEOMETRIC_REPRESENTATION_CONTEXT(3)
GLOBAL_UNCERTAINTY_ASSIGNED_CONTEXT((#7035))
GLOBAL_UNIT_ASSIGNED_CONTEXT((#7039,#7043,#7044))
REPRESENTATION_CONTEXT('','3D')
);
#7038=DIMENSIONAL_EXPONENTS(1.,0.,0.,0.,0.,0.,0.);
#7039=(
CONVERSION_BASED_UNIT('inch',#7042)
LENGTH_UNIT()
NAMED_UNIT(#7038)
);
#7040=(
LENGTH_UNIT()
NAMED_UNIT(*)
SI_UNIT(.MILLI.,.METRE.)
);
#7041=(
LENGTH_UNIT()
NAMED_UNIT(*)
SI_UNIT(.CENTI.,.METRE.)
);
#7042=LENGTH_MEASURE_WITH_UNIT(LENGTH_MEASURE(25.4),#7040);
#7043=(
NAMED_UNIT(*)
PLANE_ANGLE_UNIT()
SI_UNIT($,.RADIAN.)
);
#7044=(
NAMED_UNIT(*)
SI_UNIT($,.STERADIAN.)
SOLID_ANGLE_UNIT()
);
#7045=SHAPE_DEFINITION_REPRESENTATION(#7046,#7047);
#7046=PRODUCT_DEFINITION_SHAPE('',$,#7049);
#7047=SHAPE_REPRESENTATION('',(#4237),#7036);
#7048=PRODUCT_DEFINITION_CONTEXT('part definition',#7053,'design');
#7049=PRODUCT_DEFINITION('Part69','Part69',#7050,#7048);
#7050=PRODUCT_DEFINITION_FORMATION('',$,#7055);
#7051=PRODUCT_RELATED_PRODUCT_CATEGORY('Part69','Part69',(#7055));
#7052=APPLICATION_PROTOCOL_DEFINITION('international standard',
'automotive_design',2009,#7053);
#7053=APPLICATION_CONTEXT(
'Core Data for Automotive Mechanical Design Process');
#7054=PRODUCT_CONTEXT('part definition',#7053,'mechanical');
#7055=PRODUCT('Part69','Part69',$,(#7054));
#7056=PRESENTATION_STYLE_ASSIGNMENT((#7057));
#7057=SURFACE_STYLE_USAGE(.BOTH.,#7060);
#7058=SURFACE_STYLE_RENDERING_WITH_PROPERTIES($,#7064,(#7059));
#7059=SURFACE_STYLE_TRANSPARENT(0.);
#7060=SURFACE_SIDE_STYLE('',(#7061,#7058));
#7061=SURFACE_STYLE_FILL_AREA(#7062);
#7062=FILL_AREA_STYLE('',(#7063));
#7063=FILL_AREA_STYLE_COLOUR('',#7064);
#7064=COLOUR_RGB('',0.749019607843137,0.749019607843137,0.749019607843137);
ENDSEC;
END-ISO-10303-21;
