ISO-10303-21;
HEADER;
FILE_DESCRIPTION (( 'STEP AP214' ),
    '1' );
FILE_NAME ('TSR 3-2412N.STEP',
    '2024-12-31T16:17:00',
    ( '' ),
    ( '' ),
    'SwSTEP 2.0',
    'SolidWorks 2021',
    '' );
FILE_SCHEMA (( 'AUTOMOTIVE_DESIGN' ));
ENDSEC;

DATA;
#1 = CARTESIAN_POINT ( 'NONE',  ( 0.6400000000000000133, -4.599999999999999645, 0.6400000000000000133 ) ) ;
#2 = CARTESIAN_POINT ( 'NONE',  ( -4.898587196589400133E-17, 7.599999999999999645, 10.80000000000000071 ) ) ;
#3 = APPLICATION_CONTEXT ( 'automotive_design' ) ;
#4 = CIRCLE ( 'NONE', #617, 0.2500000000000002220 ) ;
#5 = CARTESIAN_POINT ( 'NONE',  ( 0.5000000000000000000, 0.04289321881345219828, 10.80000000000000071 ) ) ;
#6 = PLANE ( 'NONE',  #1369 ) ;
#7 = EDGE_CURVE ( 'NONE', #1114, #927, #763, .T. ) ;
#8 = ORIENTED_EDGE ( 'NONE', *, *, #1199, .F. ) ;
#9 = CARTESIAN_POINT ( 'NONE',  ( -1.855525453253570064E-18, 0.2500000000000000000, 0.000000000000000000 ) ) ;
#10 = ORIENTED_EDGE ( 'NONE', *, *, #18, .F. ) ;
#11 = DIRECTION ( 'NONE',  ( 0.000000000000000000, 0.000000000000000000, -1.000000000000000000 ) ) ;
#12 = DIRECTION ( 'NONE',  ( 1.000000000000000000, 6.445509469196589502E-18, 0.000000000000000000 ) ) ;
#13 = STYLED_ITEM ( 'NONE', ( #895 ), #178 ) ;
#14 = LINE ( 'NONE', #1097, #1180 ) ;
#15 = ORIENTED_EDGE ( 'NONE', *, *, #905, .F. ) ;
#16 = CARTESIAN_POINT ( 'NONE',  ( 13.50000000000000000, 7.599999999999999645, 10.30000000000000071 ) ) ;
#17 = PRODUCT_RELATED_PRODUCT_CATEGORY ( 'part', '', ( #1214 ) ) ;
#18 = EDGE_CURVE ( 'NONE', #884, #1260, #353, .T. ) ;
#19 = DIRECTION ( 'NONE',  ( 0.000000000000000000, 0.000000000000000000, 1.000000000000000000 ) ) ;
#20 = FILL_AREA_STYLE_COLOUR ( '', #1142 ) ;
#21 =( LENGTH_UNIT ( ) NAMED_UNIT ( * ) SI_UNIT ( .MILLI., .METRE. ) );
#22 = CARTESIAN_POINT ( 'NONE',  ( 13.25000000000000000, 0.7500000000000000000, 10.30000000000000071 ) ) ;
#23 = ORIENTED_EDGE ( 'NONE', *, *, #173, .F. ) ;
#24 = DIRECTION ( 'NONE',  ( -1.000000000000000000, 0.000000000000000000, -1.694065894508599939E-16 ) ) ;
#25 = ORIENTED_EDGE ( 'NONE', *, *, #91, .T. ) ;
#26 = CARTESIAN_POINT ( 'NONE',  ( 14.00000000000000000, 0.000000000000000000, 10.80000000000000071 ) ) ;
#27 = CIRCLE ( 'NONE', #698, 0.2500000000000002220 ) ;
#28 = EDGE_CURVE ( 'NONE', #1074, #865, #777, .T. ) ;
#29 = APPLICATION_PROTOCOL_DEFINITION ( 'draft international standard', 'automotive_design', 1998, #1024 ) ;
#30 = AXIS2_PLACEMENT_3D ( 'NONE', #788, #1092, #1086 ) ;
#31 = DIRECTION ( 'NONE',  ( 0.000000000000000000, 0.000000000000000000, -1.000000000000000000 ) ) ;
#32 = CARTESIAN_POINT ( 'NONE',  ( 13.00000000000000000, 0.000000000000000000, 0.000000000000000000 ) ) ;
#33 = DIRECTION ( 'NONE',  ( 1.000000000000000000, 0.000000000000000000, 0.000000000000000000 ) ) ;
#34 = VERTEX_POINT ( 'NONE', #147 ) ;
#35 = PRODUCT_DEFINITION_CONTEXT ( 'detailed design', #466, 'design' ) ;
#36 = DIRECTION ( 'NONE',  ( 1.239088197126289831E-16, -1.000000000000000000, 0.000000000000000000 ) ) ;
#37 = COLOUR_RGB ( '',0.8705882352941176627, 0.6313725490196078205, 0.1725490196078431349 ) ;
#38 = CARTESIAN_POINT ( 'NONE',  ( 0.2500000000000000000, 0.000000000000000000, 0.000000000000000000 ) ) ;
#39 = DIRECTION ( 'NONE',  ( 1.000000000000000000, 0.000000000000000000, 0.000000000000000000 ) ) ;
#40 =( LENGTH_UNIT ( ) NAMED_UNIT ( * ) SI_UNIT ( .MILLI., .METRE. ) );
#41 = PRODUCT_DEFINITION_FORMATION_WITH_SPECIFIED_SOURCE ( 'ANY', '', #1214, .NOT_KNOWN. ) ;
#42 = VECTOR ( 'NONE', #1062, 1000.000000000000000 ) ;
#43 = EDGE_LOOP ( 'NONE', ( #436, #409, #671, #567, #306, #1001, #197, #456 ) ) ;
#44 = SHAPE_DEFINITION_REPRESENTATION ( #749, #425 ) ;
#45 = ORIENTED_EDGE ( 'NONE', *, *, #1241, .T. ) ;
#46 = CARTESIAN_POINT ( 'NONE',  ( 0.7500000000000000000, 6.850000000000000533, 10.80000000000000071 ) ) ;
#47 = EDGE_CURVE ( 'NONE', #457, #790, #615, .T. ) ;
#48 = EDGE_LOOP ( 'NONE', ( #930, #681, #1083, #1071, #195, #1170 ) ) ;
#49 = EDGE_LOOP ( 'NONE', ( #771, #320, #1288, #1239 ) ) ;
#50 = VECTOR ( 'NONE', #223, 1000.000000000000000 ) ;
#51 = AXIS2_PLACEMENT_3D ( 'NONE', #503, #1048, #1281 ) ;
#52 = LINE ( 'NONE', #264, #453 ) ;
#53 = CARTESIAN_POINT ( 'NONE',  ( 0.2500000000000000000, 6.599999999999999645, 0.5000000000000000000 ) ) ;
#54 = CARTESIAN_POINT ( 'NONE',  ( 0.2500000000000000000, 6.349999999999999645, 0.000000000000000000 ) ) ;
#55 = EDGE_CURVE ( 'NONE', #232, #362, #129, .T. ) ;
#56 = ORIENTED_EDGE ( 'NONE', *, *, #821, .F. ) ;
#57 = CONTEXT_DEPENDENT_SHAPE_REPRESENTATION ( #956, #413 ) ;
#58 = SHAPE_REPRESENTATION ( 'PIN-00.stp', ( #626 ), #885 ) ;
#59 = DIRECTION ( 'NONE',  ( 1.000000000000000000, 0.000000000000000000, 0.000000000000000000 ) ) ;
#60 = ORIENTED_EDGE ( 'NONE', *, *, #805, .F. ) ;
#61 = EDGE_CURVE ( 'NONE', #374, #1298, #4, .T. ) ;
#62 = EDGE_CURVE ( 'NONE', #1047, #754, #340, .T. ) ;
#63 = LINE ( 'NONE', #705, #485 ) ;
#64 = DIRECTION ( 'NONE',  ( 0.000000000000000000, 0.000000000000000000, 1.000000000000000000 ) ) ;
#65 = ORIENTED_EDGE ( 'NONE', *, *, #932, .T. ) ;
#66 = ADVANCED_FACE ( 'NONE', ( #230 ), #782, .F. ) ;
#67 = LINE ( 'NONE', #787, #102 ) ;
#68 = DIRECTION ( 'NONE',  ( 0.000000000000000000, 0.000000000000000000, 1.000000000000000000 ) ) ;
#69 = VECTOR ( 'NONE', #1243, 1000.000000000000000 ) ;
#70 = ORIENTED_EDGE ( 'NONE', *, *, #1347, .T. ) ;
#71 = LINE ( 'NONE', #359, #1384 ) ;
#72 = DIRECTION ( 'NONE',  ( 0.000000000000000000, 0.000000000000000000, -1.000000000000000000 ) ) ;
#73 = VERTEX_POINT ( 'NONE', #451 ) ;
#74 = ORIENTED_EDGE ( 'NONE', *, *, #1104, .T. ) ;
#75 = CYLINDRICAL_SURFACE ( 'NONE', #896, 0.2500000000000002220 ) ;
#76 = DIRECTION ( 'NONE',  ( 0.000000000000000000, 0.000000000000000000, 1.000000000000000000 ) ) ;
#77 = CYLINDRICAL_SURFACE ( 'NONE', #933, 0.2500000000000000000 ) ;
#78 = EDGE_CURVE ( 'NONE', #362, #374, #1351, .T. ) ;
#79 = VERTEX_POINT ( 'NONE', #372 ) ;
#80 = ORIENTED_EDGE ( 'NONE', *, *, #1088, .F. ) ;
#81 = LINE ( 'NONE', #498, #1066 ) ;
#82 = DIRECTION ( 'NONE',  ( 0.000000000000000000, 0.000000000000000000, 1.000000000000000000 ) ) ;
#83 = CARTESIAN_POINT ( 'NONE',  ( 0.000000000000000000, 0.000000000000000000, 0.5000000000000000000 ) ) ;
#84 = AXIS2_PLACEMENT_3D ( 'NONE', #706, #795, #376 ) ;
#85 = VERTEX_POINT ( 'NONE', #1343 ) ;
#86 = APPLICATION_CONTEXT ( 'automotive_design' ) ;
#87 = DIRECTION ( 'NONE',  ( 1.000000000000000000, 0.000000000000000000, 0.000000000000000000 ) ) ;
#88 = FACE_OUTER_BOUND ( 'NONE', #1011, .T. ) ;
#89 = CARTESIAN_POINT ( 'NONE',  ( 0.7500000000000000000, 0.7500000000000000000, 10.30000000000000071 ) ) ;
#90 = ORIENTED_EDGE ( 'NONE', *, *, #1282, .T. ) ;
#91 = EDGE_CURVE ( 'NONE', #100, #465, #912, .T. ) ;
#92 = AXIS2_PLACEMENT_3D ( 'NONE', #1070, #546, #441 ) ;
#93 = CARTESIAN_POINT ( 'NONE',  ( 13.25000000000000000, 6.850000000000000533, 10.30000000000000071 ) ) ;
#94 = PRODUCT_DEFINITION_CONTEXT ( 'detailed design', #891, 'design' ) ;
#95 = EDGE_CURVE ( 'NONE', #1363, #241, #576, .T. ) ;
#96 = DIRECTION ( 'NONE',  ( 0.000000000000000000, 1.000000000000000000, 0.000000000000000000 ) ) ;
#97 = AXIS2_PLACEMENT_3D ( 'NONE', #389, #753, #737 ) ;
#98 = DIRECTION ( 'NONE',  ( 0.000000000000000000, 0.000000000000000000, 1.000000000000000000 ) ) ;
#99 = DIRECTION ( 'NONE',  ( 0.000000000000000000, 0.000000000000000000, 1.000000000000000000 ) ) ;
#100 = VERTEX_POINT ( 'NONE', #1225 ) ;
#101 =( NAMED_UNIT ( * ) PLANE_ANGLE_UNIT ( ) SI_UNIT ( $, .RADIAN. ) );
#102 = VECTOR ( 'NONE', #245, 1000.000000000000000 ) ;
#103 = CARTESIAN_POINT ( 'NONE',  ( 0.5000000000000000000, 0.7500000000000000000, 0.5000000000000000000 ) ) ;
#104 = LINE ( 'NONE', #861, #435 ) ;
#105 = ORIENTED_EDGE ( 'NONE', *, *, #91, .F. ) ;
#106 = DIRECTION ( 'NONE',  ( 6.445509469196589502E-18, -1.000000000000000000, 0.000000000000000000 ) ) ;
#107 = CARTESIAN_POINT ( 'NONE',  ( 0.6400000000000000133, -4.599999999999999645, 0.6400000000000000133 ) ) ;
#108 = EDGE_LOOP ( 'NONE', ( #184, #1308, #239, #1039, #993, #511 ) ) ;
#109 = FILL_AREA_STYLE ('',( #1162 ) ) ;
#110 = CYLINDRICAL_SURFACE ( 'NONE', #411, 0.2500000000000000000 ) ;
#111 = CARTESIAN_POINT ( 'NONE',  ( 0.6400000000000000133, -4.599999999999999645, 0.000000000000000000 ) ) ;
#112 = FACE_OUTER_BOUND ( 'NONE', #764, .T. ) ;
#113 = DIRECTION ( 'NONE',  ( 0.000000000000000000, 0.000000000000000000, -1.000000000000000000 ) ) ;
#114 = EDGE_CURVE ( 'NONE', #865, #144, #871, .T. ) ;
#115 = VERTEX_POINT ( 'NONE', #917 ) ;
#116 =( NAMED_UNIT ( * ) SI_UNIT ( $, .STERADIAN. ) SOLID_ANGLE_UNIT ( ) );
#117 = CARTESIAN_POINT ( 'NONE',  ( 0.6400000000000000133, -4.599999999999999645, 0.6400000000000000133 ) ) ;
#118 = ORIENTED_EDGE ( 'NONE', *, *, #385, .F. ) ;
#119 = CARTESIAN_POINT ( 'NONE',  ( 0.6400000000000000133, 0.000000000000000000, 0.000000000000000000 ) ) ;
#120 = DIRECTION ( 'NONE',  ( 0.000000000000000000, 0.000000000000000000, -1.000000000000000000 ) ) ;
#121 = EDGE_LOOP ( 'NONE', ( #554, #1379, #633, #1206 ) ) ;
#122 = CARTESIAN_POINT ( 'NONE',  ( 0.6400000000000000133, -4.599999999999999645, 0.6400000000000000133 ) ) ;
#123 = EDGE_CURVE ( 'NONE', #313, #790, #251, .T. ) ;
#124 = ORIENTED_EDGE ( 'NONE', *, *, #543, .T. ) ;
#125 = DIRECTION ( 'NONE',  ( 0.000000000000000000, 1.000000000000000000, 0.000000000000000000 ) ) ;
#126 = CONTEXT_DEPENDENT_SHAPE_REPRESENTATION ( #858, #793 ) ;
#127 = FACE_OUTER_BOUND ( 'NONE', #49, .T. ) ;
#128 = LINE ( 'NONE', #532, #742 ) ;
#129 = LINE ( 'NONE', #32, #987 ) ;
#130 = CARTESIAN_POINT ( 'NONE',  ( 14.00000000000000000, 0.7500000000000000000, 10.80000000000000071 ) ) ;
#131 = ORIENTED_EDGE ( 'NONE', *, *, #1241, .F. ) ;
#132 = VECTOR ( 'NONE', #837, 1000.000000000000000 ) ;
#133 = VECTOR ( 'NONE', #19, 1000.000000000000000 ) ;
#134 = CARTESIAN_POINT ( 'NONE',  ( 14.00000000000000000, 7.100000000000000533, 10.80000000000000071 ) ) ;
#135 = CARTESIAN_POINT ( 'NONE',  ( 0.7500000000000000000, 6.850000000000000533, 10.80000000000000071 ) ) ;
#136 = DIRECTION ( 'NONE',  ( 0.000000000000000000, 1.000000000000000000, 0.000000000000000000 ) ) ;
#137 = ORIENTED_EDGE ( 'NONE', *, *, #364, .T. ) ;
#138 = UNCERTAINTY_MEASURE_WITH_UNIT (LENGTH_MEASURE( 1.000000000000000082E-05 ), #1125, 'distance_accuracy_value', 'NONE');
#139 = APPLICATION_PROTOCOL_DEFINITION ( 'draft international standard', 'automotive_design', 1998, #1259 ) ;
#140 =( GEOMETRIC_REPRESENTATION_CONTEXT ( 3 ) GLOBAL_UNCERTAINTY_ASSIGNED_CONTEXT ( ( #1312 ) ) GLOBAL_UNIT_ASSIGNED_CONTEXT ( ( #1033, #537, #499 ) ) REPRESENTATION_CONTEXT ( 'NONE', 'WORKASPACE' ) );
#141 = ORIENTED_EDGE ( 'NONE', *, *, #505, .F. ) ;
#142 = LINE ( 'NONE', #1093, #1194 ) ;
#143 = VECTOR ( 'NONE', #373, 1000.000000000000000 ) ;
#144 = VERTEX_POINT ( 'NONE', #800 ) ;
#145 = ADVANCED_FACE ( 'NONE', ( #484 ), #164, .T. ) ;
#146 = LINE ( 'NONE', #1105, #697 ) ;
#147 = CARTESIAN_POINT ( 'NONE',  ( -4.834132101897439815E-18, 0.7500000000000000000, 10.80000000000000071 ) ) ;
#148 = PLANE ( 'NONE',  #202 ) ;
#149 = ORIENTED_EDGE ( 'NONE', *, *, #805, .T. ) ;
#150 = PRODUCT_DEFINITION_SHAPE ( 'NONE', 'NONE',  #1143 ) ;
#151 = PRODUCT_RELATED_PRODUCT_CATEGORY ( 'part', '', ( #233 ) ) ;
#152 = CARTESIAN_POINT ( 'NONE',  ( 0.000000000000000000, 0.000000000000000000, 0.000000000000000000 ) ) ;
#153 = PLANE ( 'NONE',  #412 ) ;
#154 = PRESENTATION_STYLE_ASSIGNMENT (( #1113 ) ) ;
#155 = EDGE_CURVE ( 'NONE', #564, #736, #259, .T. ) ;
#156 = VERTEX_POINT ( 'NONE', #277 ) ;
#157 = CIRCLE ( 'NONE', #1208, 0.2500000000000000000 ) ;
#158 = DIRECTION ( 'NONE',  ( 0.000000000000000000, 0.000000000000000000, 1.000000000000000000 ) ) ;
#159 = FACE_OUTER_BOUND ( 'NONE', #504, .T. ) ;
#160 = ORIENTED_EDGE ( 'NONE', *, *, #479, .T. ) ;
#161 = ADVANCED_FACE ( 'NONE', ( #174 ), #153, .T. ) ;
#162 = PRESENTATION_LAYER_ASSIGNMENT (  '', '', ( #1318 ) ) ;
#163 = DIRECTION ( 'NONE',  ( 6.445509469196589502E-18, -1.000000000000000000, 0.000000000000000000 ) ) ;
#164 = PLANE ( 'NONE',  #477 ) ;
#165 = FILL_AREA_STYLE ('',( #1212 ) ) ;
#166 = VERTEX_POINT ( 'NONE', #1112 ) ;
#167 = ADVANCED_FACE ( 'NONE', ( #699 ), #1130, .T. ) ;
#168 = AXIS2_PLACEMENT_3D ( 'NONE', #674, #430, #329 ) ;
#169 = CARTESIAN_POINT ( 'NONE',  ( 13.00000000000000000, 0.2500000000000000000, 0.000000000000000000 ) ) ;
#170 = ORIENTED_EDGE ( 'NONE', *, *, #558, .T. ) ;
#171 = CLOSED_SHELL ( 'NONE', ( #723, #1189, #339, #715, #198, #167, #589, #258, #678, #757, #145, #1335, #785, #455, #161, #578, #630, #483, #347, #836, #1012, #234 ) ) ;
#172 = ORIENTED_EDGE ( 'NONE', *, *, #95, .T. ) ;
#173 = EDGE_CURVE ( 'NONE', #727, #1357, #1249, .T. ) ;
#174 = FACE_OUTER_BOUND ( 'NONE', #587, .T. ) ;
#175 = DIRECTION ( 'NONE',  ( 1.000000000000000000, -2.000000000000000155E-15, 1.000000000000000078E-15 ) ) ;
#176 = DIRECTION ( 'NONE',  ( 0.000000000000000000, 0.000000000000000000, -1.000000000000000000 ) ) ;
#177 = ORIENTED_EDGE ( 'NONE', *, *, #61, .T. ) ;
#178 = ADVANCED_BREP_SHAPE_REPRESENTATION ( '', ( #431, #626 ), #677 ) ;
#179 = ORIENTED_EDGE ( 'NONE', *, *, #364, .F. ) ;
#180 = EDGE_CURVE ( 'NONE', #34, #291, #327, .T. ) ;
#181 = FACE_OUTER_BOUND ( 'NONE', #1316, .T. ) ;
#182 =( NAMED_UNIT ( * ) SI_UNIT ( $, .STERADIAN. ) SOLID_ANGLE_UNIT ( ) );
#183 = CARTESIAN_POINT ( 'NONE',  ( 13.25000000000000000, 0.000000000000000000, 10.30000000000000071 ) ) ;
#184 = ORIENTED_EDGE ( 'NONE', *, *, #1229, .F. ) ;
#185 = CARTESIAN_POINT ( 'NONE',  ( 13.50000000000000000, 7.599999999999999645, 10.30000000000000071 ) ) ;
#186 = CARTESIAN_POINT ( 'NONE',  ( 13.50000000000000000, 0.000000000000000000, 10.80000000000000071 ) ) ;
#187 = DIRECTION ( 'NONE',  ( -1.000000000000000000, 0.000000000000000000, 0.000000000000000000 ) ) ;
#188 = PRESENTATION_LAYER_ASSIGNMENT (  '', '', ( #458 ) ) ;
#189 = ORIENTED_EDGE ( 'NONE', *, *, #791, .T. ) ;
#190 = LINE ( 'NONE', #1368, #925 ) ;
#191 = AXIS2_PLACEMENT_3D ( 'NONE', #1204, #675, #1099 ) ;
#192 = FACE_OUTER_BOUND ( 'NONE', #247, .T. ) ;
#193 = CARTESIAN_POINT ( 'NONE',  ( 14.00000000000000000, 0.7500000000000000000, 10.80000000000000071 ) ) ;
#194 = DIRECTION ( 'NONE',  ( 1.000000000000000000, 0.000000000000000000, 0.000000000000000000 ) ) ;
#195 = ORIENTED_EDGE ( 'NONE', *, *, #1068, .F. ) ;
#196 = LINE ( 'NONE', #840, #1023 ) ;
#197 = ORIENTED_EDGE ( 'NONE', *, *, #1258, .F. ) ;
#198 = ADVANCED_FACE ( 'NONE', ( #270 ), #382, .T. ) ;
#199 = VECTOR ( 'NONE', #31, 1000.000000000000000 ) ;
#200 = LINE ( 'NONE', #103, #899 ) ;
#201 = CARTESIAN_POINT ( 'NONE',  ( 12.75000000000000000, 0.2500000000000000000, 0.5000000000000000000 ) ) ;
#202 = AXIS2_PLACEMENT_3D ( 'NONE', #818, #1015, #807 ) ;
#203 = PLANE ( 'NONE',  #611 ) ;
#204 = VERTEX_POINT ( 'NONE', #712 ) ;
#205 = LINE ( 'NONE', #634, #42 ) ;
#206 = ORIENTED_EDGE ( 'NONE', *, *, #1104, .F. ) ;
#207 = DIRECTION ( 'NONE',  ( -6.445509469196589502E-18, 1.000000000000000000, 0.000000000000000000 ) ) ;
#208 = DIRECTION ( 'NONE',  ( 1.000000000000000000, 1.239088197126289831E-16, 0.000000000000000000 ) ) ;
#209 = CARTESIAN_POINT ( 'NONE',  ( 13.50000000000000000, 0.04289321881345289911, 10.30000000000000071 ) ) ;
#210 = EDGE_LOOP ( 'NONE', ( #105, #833, #380, #1120 ) ) ;
#211 = DIRECTION ( 'NONE',  ( 1.141265444721579813E-16, 1.000000000000000000, 0.000000000000000000 ) ) ;
#212 = VECTOR ( 'NONE', #1364, 1000.000000000000000 ) ;
#213 = ORIENTED_EDGE ( 'NONE', *, *, #813, .T. ) ;
#214 = DIRECTION ( 'NONE',  ( -1.000000000000000000, 0.000000000000000000, 0.000000000000000000 ) ) ;
#215 = CARTESIAN_POINT ( 'NONE',  ( 13.25000000000000000, 6.850000000000000533, 0.5000000000000000000 ) ) ;
#216 = UNCERTAINTY_MEASURE_WITH_UNIT (LENGTH_MEASURE( 1.000000000000000082E-05 ), #801, 'distance_accuracy_value', 'NONE');
#217 = EDGE_CURVE ( 'NONE', #1074, #535, #690, .T. ) ;
#218 = LINE ( 'NONE', #888, #693 ) ;
#219 = VERTEX_POINT ( 'NONE', #1117 ) ;
#220 = ORIENTED_EDGE ( 'NONE', *, *, #1347, .F. ) ;
#221 = DIRECTION ( 'NONE',  ( 1.000000000000000000, 0.000000000000000000, 0.000000000000000000 ) ) ;
#222 = AXIS2_PLACEMENT_3D ( 'NONE', #713, #1252, #175 ) ;
#223 = DIRECTION ( 'NONE',  ( 0.000000000000000000, 1.000000000000000000, 0.000000000000000000 ) ) ;
#224 = DIRECTION ( 'NONE',  ( 0.000000000000000000, 0.000000000000000000, 1.000000000000000000 ) ) ;
#225 = VERTEX_POINT ( 'NONE', #53 ) ;
#226 = ORIENTED_EDGE ( 'NONE', *, *, #62, .T. ) ;
#227 = CARTESIAN_POINT ( 'NONE',  ( 13.00000000000000000, 0.000000000000000000, 0.5000000000000000000 ) ) ;
#228 = APPLICATION_PROTOCOL_DEFINITION ( 'draft international standard', 'automotive_design', 1998, #891 ) ;
#229 = FACE_OUTER_BOUND ( 'NONE', #1211, .T. ) ;
#230 = FACE_OUTER_BOUND ( 'NONE', #769, .T. ) ;
#231 = ORIENTED_EDGE ( 'NONE', *, *, #428, .T. ) ;
#232 = VERTEX_POINT ( 'NONE', #169 ) ;
#233 = PRODUCT ( '__-00.stp', '__-00.stp', '', ( #900 ) ) ;
#234 = ADVANCED_FACE ( 'NONE', ( #159 ), #592, .T. ) ;
#235 = VECTOR ( 'NONE', #636, 1000.000000000000000 ) ;
#236 =( NAMED_UNIT ( * ) SI_UNIT ( $, .STERADIAN. ) SOLID_ANGLE_UNIT ( ) );
#237 = CARTESIAN_POINT ( 'NONE',  ( 12.75000000000000000, 6.599999999999999645, 0.5000000000000000000 ) ) ;
#238 = DIRECTION ( 'NONE',  ( -1.000000000000000000, 0.000000000000000000, -1.694065894508599939E-16 ) ) ;
#239 = ORIENTED_EDGE ( 'NONE', *, *, #47, .F. ) ;
#240 = CARTESIAN_POINT ( 'NONE',  ( 0.2500000000000000000, 6.349999999999999645, 0.5000000000000000000 ) ) ;
#241 = VERTEX_POINT ( 'NONE', #901 ) ;
#242 = EDGE_CURVE ( 'NONE', #253, #156, #1279, .T. ) ;
#243 = ITEM_DEFINED_TRANSFORMATION ( 'NONE', 'NONE', #1102,  #468 ) ;
#244 = PRESENTATION_LAYER_ASSIGNMENT (  '', '', ( #1030 ) ) ;
#245 = DIRECTION ( 'NONE',  ( -6.761853492224720163E-18, 0.000000000000000000, -1.000000000000000000 ) ) ;
#246 = VERTEX_POINT ( 'NONE', #724 ) ;
#247 = EDGE_LOOP ( 'NONE', ( #1200, #1089, #1147, #226 ) ) ;
#248 = ADVANCED_FACE ( 'NONE', ( #181 ), #1144, .F. ) ;
#249 = ADVANCED_FACE ( 'NONE', ( #632 ), #489, .T. ) ;
#250 = DIRECTION ( 'NONE',  ( 0.000000000000000000, 0.000000000000000000, -1.000000000000000000 ) ) ;
#251 = LINE ( 'NONE', #1337, #1156 ) ;
#252 =( NAMED_UNIT ( * ) PLANE_ANGLE_UNIT ( ) SI_UNIT ( $, .RADIAN. ) );
#253 = VERTEX_POINT ( 'NONE', #508 ) ;
#254 = ITEM_DEFINED_TRANSFORMATION ( 'NONE', 'NONE', #222,  #626 ) ;
#255 = AXIS2_PLACEMENT_3D ( 'NONE', #286, #521, #722 ) ;
#256 = AXIS2_PLACEMENT_3D ( 'NONE', #852, #1287, #1253 ) ;
#257 = PLANE ( 'NONE',  #704 ) ;
#258 = ADVANCED_FACE ( 'NONE', ( #1381 ), #393, .T. ) ;
#259 = LINE ( 'NONE', #1236, #69 ) ;
#260 = DIRECTION ( 'NONE',  ( 0.000000000000000000, 0.000000000000000000, 1.000000000000000000 ) ) ;
#261 = DIRECTION ( 'NONE',  ( 0.000000000000000000, 0.000000000000000000, -1.000000000000000000 ) ) ;
#262 = VECTOR ( 'NONE', #1217, 1000.000000000000000 ) ;
#263 = ORIENTED_EDGE ( 'NONE', *, *, #494, .F. ) ;
#264 = CARTESIAN_POINT ( 'NONE',  ( 4.327586235023820226E-18, 0.000000000000000000, 0.6400000000000000133 ) ) ;
#265 = DIRECTION ( 'NONE',  ( 0.000000000000000000, 0.000000000000000000, 1.000000000000000000 ) ) ;
#266 = AXIS2_PLACEMENT_3D ( 'NONE', #923, #908, #365 ) ;
#267 = FILL_AREA_STYLE ('',( #1231 ) ) ;
#268 = AXIS2_PLACEMENT_3D ( 'NONE', #725, #599, #1065 ) ;
#269 = ORIENTED_EDGE ( 'NONE', *, *, #524, .T. ) ;
#270 = FACE_OUTER_BOUND ( 'NONE', #273, .T. ) ;
#271 = SURFACE_STYLE_FILL_AREA ( #267 ) ;
#272 = LINE ( 'NONE', #1132, #812 ) ;
#273 = EDGE_LOOP ( 'NONE', ( #1006, #1246, #315, #8, #23, #384 ) ) ;
#274 = EDGE_CURVE ( 'NONE', #471, #1363, #1201, .T. ) ;
#275 = VERTEX_POINT ( 'NONE', #823 ) ;
#276 = AXIS2_PLACEMENT_3D ( 'NONE', #303, #740, #187 ) ;
#277 = CARTESIAN_POINT ( 'NONE',  ( 0.2500000000000000000, 6.599999999999999645, 0.000000000000000000 ) ) ;
#278 = CARTESIAN_POINT ( 'NONE',  ( 0.000000000000000000, 0.000000000000000000, 0.000000000000000000 ) ) ;
#279 = AXIS2_PLACEMENT_3D ( 'NONE', #299, #292, #965 ) ;
#280 = EDGE_LOOP ( 'NONE', ( #60, #15, #830, #1101 ) ) ;
#281 = EDGE_CURVE ( 'NONE', #1298, #225, #1032, .T. ) ;
#282 = DIRECTION ( 'NONE',  ( 0.000000000000000000, 1.000000000000000000, 0.000000000000000000 ) ) ;
#283 = FACE_OUTER_BOUND ( 'NONE', #487, .T. ) ;
#284 = ORIENTED_EDGE ( 'NONE', *, *, #1049, .F. ) ;
#285 = PLANE ( 'NONE',  #997 ) ;
#286 = CARTESIAN_POINT ( 'NONE',  ( 12.75000000000000000, 0.2500000000000000000, 0.000000000000000000 ) ) ;
#287 = EDGE_CURVE ( 'NONE', #144, #1383, #1251, .T. ) ;
#288 = CARTESIAN_POINT ( 'NONE',  ( 0.6400000000000000133, -4.599999999999999645, 0.000000000000000000 ) ) ;
#289 = DIRECTION ( 'NONE',  ( 1.000000000000000000, 0.000000000000000000, 0.000000000000000000 ) ) ;
#290 = CARTESIAN_POINT ( 'NONE',  ( 13.50000000000000000, 6.850000000000000533, 0.5000000000000000000 ) ) ;
#291 = VERTEX_POINT ( 'NONE', #5 ) ;
#292 = DIRECTION ( 'NONE',  ( 0.000000000000000000, 0.000000000000000000, 1.000000000000000000 ) ) ;
#293 = ORIENTED_EDGE ( 'NONE', *, *, #1302, .T. ) ;
#294 = DIRECTION ( 'NONE',  ( 0.000000000000000000, 0.000000000000000000, 1.000000000000000000 ) ) ;
#295 = CARTESIAN_POINT ( 'NONE',  ( 0.000000000000000000, -4.599999999999999645, 0.6400000000000000133 ) ) ;
#296 = FACE_OUTER_BOUND ( 'NONE', #371, .T. ) ;
#297 = CIRCLE ( 'NONE', #476, 0.2500000000000000000 ) ;
#298 = ORIENTED_EDGE ( 'NONE', *, *, #379, .T. ) ;
#299 = CARTESIAN_POINT ( 'NONE',  ( 0.2500000000000000000, 0.2500000000000000000, 0.5000000000000000000 ) ) ;
#300 = VECTOR ( 'NONE', #125, 1000.000000000000000 ) ;
#301 = ORIENTED_EDGE ( 'NONE', *, *, #775, .T. ) ;
#302 = FACE_OUTER_BOUND ( 'NONE', #1161, .T. ) ;
#303 = CARTESIAN_POINT ( 'NONE',  ( 12.75000000000000000, 0.2500000000000000000, 0.5000000000000000000 ) ) ;
#304 = VECTOR ( 'NONE', #992, 1000.000000000000000 ) ;
#305 = CARTESIAN_POINT ( 'NONE',  ( 13.00000000000000000, 0.000000000000000000, 0.5000000000000000000 ) ) ;
#306 = ORIENTED_EDGE ( 'NONE', *, *, #421, .F. ) ;
#307 = CYLINDRICAL_SURFACE ( 'NONE', #97, 0.2500000000000002220 ) ;
#308 = ORIENTED_EDGE ( 'NONE', *, *, #1215, .F. ) ;
#309 = AXIS2_PLACEMENT_3D ( 'NONE', #46, #469, #1013 ) ;
#310 = LINE ( 'NONE', #850, #709 ) ;
#311 = CARTESIAN_POINT ( 'NONE',  ( 13.00000000000000000, 6.349999999999999645, 0.5000000000000000000 ) ) ;
#312 = CARTESIAN_POINT ( 'NONE',  ( 0.000000000000000000, 0.000000000000000000, 10.80000000000000071 ) ) ;
#313 = VERTEX_POINT ( 'NONE', #1286 ) ;
#314 = DIRECTION ( 'NONE',  ( 1.000000000000000000, 0.000000000000000000, 0.000000000000000000 ) ) ;
#315 = ORIENTED_EDGE ( 'NONE', *, *, #1119, .F. ) ;
#316 = CARTESIAN_POINT ( 'NONE',  ( 0.2500000000000000000, 6.349999999999999645, 0.5000000000000000000 ) ) ;
#317 = FACE_OUTER_BOUND ( 'NONE', #48, .T. ) ;
#318 = EDGE_CURVE ( 'NONE', #1177, #395, #750, .T. ) ;
#319 = DIRECTION ( 'NONE',  ( 1.000000000000000000, 0.000000000000000000, 0.000000000000000000 ) ) ;
#320 = ORIENTED_EDGE ( 'NONE', *, *, #857, .F. ) ;
#321 = LINE ( 'NONE', #986, #516 ) ;
#322 = VECTOR ( 'NONE', #958, 1000.000000000000000 ) ;
#323 = AXIS2_PLACEMENT_3D ( 'NONE', #83, #696, #726 ) ;
#324 = LINE ( 'NONE', #765, #960 ) ;
#325 = CLOSED_SHELL ( 'NONE', ( #66, #897, #248, #472, #926, #605 ) ) ;
#326 = SHAPE_REPRESENTATION ( 'TSR 3-2412N', ( #1359, #1102 ), #420 ) ;
#327 = CIRCLE ( 'NONE', #502, 0.7500000000000000000 ) ;
#328 = EDGE_CURVE ( 'NONE', #115, #736, #716, .T. ) ;
#329 = DIRECTION ( 'NONE',  ( -7.422101813014269472E-18, 1.000000000000000000, 0.000000000000000000 ) ) ;
#330 = DIRECTION ( 'NONE',  ( 0.000000000000000000, 0.000000000000000000, 1.000000000000000000 ) ) ;
#331 = AXIS2_PLACEMENT_3D ( 'NONE', #135, #1297, #1330 ) ;
#332 = ORIENTED_EDGE ( 'NONE', *, *, #990, .F. ) ;
#333 = SURFACE_STYLE_USAGE ( .BOTH. , #1002 ) ;
#334 = ORIENTED_EDGE ( 'NONE', *, *, #684, .F. ) ;
#335 = DIRECTION ( 'NONE',  ( 0.000000000000000000, 1.000000000000000000, 0.000000000000000000 ) ) ;
#336 = SHAPE_DEFINITION_REPRESENTATION ( #360, #462 ) ;
#337 = VECTOR ( 'NONE', #1007, 1000.000000000000000 ) ;
#338 = CARTESIAN_POINT ( 'NONE',  ( 0.7500000000000000000, 0.7500000000000000000, 0.000000000000000000 ) ) ;
#339 = ADVANCED_FACE ( 'NONE', ( #1165 ), #75, .F. ) ;
#340 = LINE ( 'NONE', #1197, #1372 ) ;
#341 = ORIENTED_EDGE ( 'NONE', *, *, #47, .T. ) ;
#342 = UNCERTAINTY_MEASURE_WITH_UNIT (LENGTH_MEASURE( 1.000000000000000082E-05 ), #21, 'distance_accuracy_value', 'NONE');
#343 = CARTESIAN_POINT ( 'NONE',  ( 4.327586235023820226E-18, -4.599999999999999645, 0.6400000000000000133 ) ) ;
#344 = CARTESIAN_POINT ( 'NONE',  ( 0.5000000000000000000, 7.557106781186550215, 10.30000000000000071 ) ) ;
#345 = DIRECTION ( 'NONE',  ( 0.000000000000000000, 0.000000000000000000, 1.000000000000000000 ) ) ;
#346 = DIRECTION ( 'NONE',  ( 4.565061778886339960E-16, -1.000000000000000000, 0.000000000000000000 ) ) ;
#347 = ADVANCED_FACE ( 'NONE', ( #88 ), #203, .F. ) ;
#348 = ORIENTED_EDGE ( 'NONE', *, *, #971, .F. ) ;
#349 = PRODUCT_CONTEXT ( 'NONE', #3, 'mechanical' ) ;
#350 = APPLICATION_CONTEXT ( 'automotive_design' ) ;
#351 = AXIS2_PLACEMENT_3D ( 'NONE', #581, #1124, #1362 ) ;
#352 = LINE ( 'NONE', #1173, #918 ) ;
#353 = LINE ( 'NONE', #1106, #1303 ) ;
#354 = SURFACE_STYLE_FILL_AREA ( #165 ) ;
#355 = ORIENTED_EDGE ( 'NONE', *, *, #242, .T. ) ;
#356 = EDGE_CURVE ( 'NONE', #79, #291, #81, .T. ) ;
#357 = CONTEXT_DEPENDENT_SHAPE_REPRESENTATION ( #686, #1278 ) ;
#358 = AXIS2_PLACEMENT_3D ( 'NONE', #240, #563, #770 ) ;
#359 = CARTESIAN_POINT ( 'NONE',  ( -4.898587196589400133E-17, 7.599999999999999645, 0.000000000000000000 ) ) ;
#360 = PRODUCT_DEFINITION_SHAPE ( 'NONE', 'NONE',  #584 ) ;
#361 = CARTESIAN_POINT ( 'NONE',  ( 0.000000000000000000, 0.5000000000000000000, 0.5000000000000000000 ) ) ;
#362 = VERTEX_POINT ( 'NONE', #416 ) ;
#363 = ITEM_DEFINED_TRANSFORMATION ( 'NONE', 'NONE', #922,  #626 ) ;
#364 = EDGE_CURVE ( 'NONE', #550, #687, #851, .T. ) ;
#365 = DIRECTION ( 'NONE',  ( 1.000000000000000000, 0.000000000000000000, 0.000000000000000000 ) ) ;
#366 = DIRECTION ( 'NONE',  ( 0.000000000000000000, 0.000000000000000000, 1.000000000000000000 ) ) ;
#367 = SHAPE_REPRESENTATION_RELATIONSHIP ( 'NONE' , 'NONE' ,  #425, #565 ) ;
#368 = ORIENTED_EDGE ( 'NONE', *, *, #1018, .T. ) ;
#369 = AXIS2_PLACEMENT_3D ( 'NONE', #134, #36, #120 ) ;
#370 = CIRCLE ( 'NONE', #590, 0.7500000000000000000 ) ;
#371 = EDGE_LOOP ( 'NONE', ( #56, #452, #1265, #994, #1348, #293, #220, #269 ) ) ;
#372 = CARTESIAN_POINT ( 'NONE',  ( 0.5000000000000000000, 7.557106781186550215, 10.80000000000000071 ) ) ;
#373 = DIRECTION ( 'NONE',  ( 0.000000000000000000, 0.000000000000000000, -1.000000000000000000 ) ) ;
#374 = VERTEX_POINT ( 'NONE', #311 ) ;
#375 = ORIENTED_EDGE ( 'NONE', *, *, #638, .T. ) ;
#376 = DIRECTION ( 'NONE',  ( -1.000000000000000000, 0.000000000000000000, 0.000000000000000000 ) ) ;
#377 = CARTESIAN_POINT ( 'NONE',  ( 0.000000000000000000, -4.599999999999999645, 0.000000000000000000 ) ) ;
#378 =( GEOMETRIC_REPRESENTATION_CONTEXT ( 3 ) GLOBAL_UNCERTAINTY_ASSIGNED_CONTEXT ( ( #216 ) ) GLOBAL_UNIT_ASSIGNED_CONTEXT ( ( #801, #1107, #1237 ) ) REPRESENTATION_CONTEXT ( 'NONE', 'WORKASPACE' ) );
#379 = EDGE_CURVE ( 'NONE', #1036, #73, #1172, .T. ) ;
#380 = ORIENTED_EDGE ( 'NONE', *, *, #379, .F. ) ;
#381 = VECTOR ( 'NONE', #948, 1000.000000000000000 ) ;
#382 = CYLINDRICAL_SURFACE ( 'NONE', #84, 0.7500000000000000000 ) ;
#383 =( NAMED_UNIT ( * ) PLANE_ANGLE_UNIT ( ) SI_UNIT ( $, .RADIAN. ) );
#384 = ORIENTED_EDGE ( 'NONE', *, *, #439, .F. ) ;
#385 = EDGE_CURVE ( 'NONE', #1363, #313, #1159, .T. ) ;
#386 = MECHANICAL_DESIGN_GEOMETRIC_PRESENTATION_REPRESENTATION (  '', ( #458 ), #1111 ) ;
#387 = CARTESIAN_POINT ( 'NONE',  ( 13.25000000000000000, 0.7500000000000000000, 10.80000000000000071 ) ) ;
#388 = EDGE_LOOP ( 'NONE', ( #1192, #1280, #179, #595 ) ) ;
#389 = CARTESIAN_POINT ( 'NONE',  ( 12.75000000000000000, 6.349999999999999645, 0.5000000000000000000 ) ) ;
#390 = EDGE_CURVE ( 'NONE', #519, #166, #515, .T. ) ;
#391 = LINE ( 'NONE', #415, #1300 ) ;
#392 = ADVANCED_FACE ( 'NONE', ( #229 ), #1304, .F. ) ;
#393 = CYLINDRICAL_SURFACE ( 'NONE', #732, 0.7500000000000006661 ) ;
#394 = DIRECTION ( 'NONE',  ( 1.000000000000000000, 0.000000000000000000, 0.000000000000000000 ) ) ;
#395 = VERTEX_POINT ( 'NONE', #1296 ) ;
#396 = CARTESIAN_POINT ( 'NONE',  ( 0.000000000000000000, 0.000000000000000000, 0.000000000000000000 ) ) ;
#397 = PRESENTATION_LAYER_ASSIGNMENT (  '', '', ( #13 ) ) ;
#398 = CARTESIAN_POINT ( 'NONE',  ( 0.000000000000000000, 0.000000000000000000, 10.30000000000000071 ) ) ;
#399 = CARTESIAN_POINT ( 'NONE',  ( 0.6400000000000000133, -4.599999999999999645, 0.000000000000000000 ) ) ;
#400 = CARTESIAN_POINT ( 'NONE',  ( 13.00000000000000000, 6.599999999999999645, 0.5000000000000000000 ) ) ;
#401 = ORIENTED_EDGE ( 'NONE', *, *, #28, .T. ) ;
#402 = DIRECTION ( 'NONE',  ( 0.000000000000000000, 0.000000000000000000, 1.000000000000000000 ) ) ;
#403 = CARTESIAN_POINT ( 'NONE',  ( 0.7500000000000000000, 7.599999999999999645, 10.80000000000000071 ) ) ;
#404 = UNCERTAINTY_MEASURE_WITH_UNIT (LENGTH_MEASURE( 1.000000000000000082E-05 ), #1307, 'distance_accuracy_value', 'NONE');
#405 = PRODUCT_DEFINITION ( 'UNKNOWN', '', #445, #35 ) ;
#406 = DIRECTION ( 'NONE',  ( 0.000000000000000000, 1.000000000000000000, 0.000000000000000000 ) ) ;
#407 = CARTESIAN_POINT ( 'NONE',  ( 0.7500000000000000000, 7.599999999999999645, 0.000000000000000000 ) ) ;
#408 = VECTOR ( 'NONE', #513, 1000.000000000000000 ) ;
#409 = ORIENTED_EDGE ( 'NONE', *, *, #971, .T. ) ;
#410 = PLANE ( 'NONE',  #1067 ) ;
#411 = AXIS2_PLACEMENT_3D ( 'NONE', #728, #1176, #931 ) ;
#412 = AXIS2_PLACEMENT_3D ( 'NONE', #470, #924, #265 ) ;
#413 = PRODUCT_DEFINITION_SHAPE ( 'NONE', 'NONE',  #1392 ) ;
#414 = VERTEX_POINT ( 'NONE', #759 ) ;
#415 = CARTESIAN_POINT ( 'NONE',  ( -4.898587196589400133E-17, 7.599999999999999645, 10.80000000000000071 ) ) ;
#416 = CARTESIAN_POINT ( 'NONE',  ( 13.00000000000000000, 6.349999999999999645, 0.000000000000000000 ) ) ;
#417 = CARTESIAN_POINT ( 'NONE',  ( 0.000000000000000000, 0.000000000000000000, 10.30000000000000071 ) ) ;
#418 = ORIENTED_EDGE ( 'NONE', *, *, #78, .T. ) ;
#419 = CARTESIAN_POINT ( 'NONE',  ( 13.25000000000000000, 0.7500000000000000000, 0.000000000000000000 ) ) ;
#420 =( GEOMETRIC_REPRESENTATION_CONTEXT ( 3 ) GLOBAL_UNCERTAINTY_ASSIGNED_CONTEXT ( ( #1295 ) ) GLOBAL_UNIT_ASSIGNED_CONTEXT ( ( #467, #1096, #236 ) ) REPRESENTATION_CONTEXT ( 'NONE', 'WORKASPACE' ) );
#421 = EDGE_CURVE ( 'NONE', #1114, #606, #780, .T. ) ;
#422 = DIRECTION ( 'NONE',  ( 1.000000000000000000, 6.445509469196589502E-18, 0.000000000000000000 ) ) ;
#423 = MECHANICAL_DESIGN_GEOMETRIC_PRESENTATION_REPRESENTATION (  '', ( #1030 ), #719 ) ;
#424 = DIRECTION ( 'NONE',  ( -1.000000000000000000, 0.000000000000000000, 0.000000000000000000 ) ) ;
#425 = SHAPE_REPRESENTATION ( 'CASE-00.stp', ( #626 ), #856 ) ;
#426 = DIRECTION ( 'NONE',  ( 1.000000000000000000, 1.000000000000000078E-15, 1.000000000000000078E-15 ) ) ;
#427 = DIRECTION ( 'NONE',  ( 0.000000000000000000, 0.000000000000000000, -1.000000000000000000 ) ) ;
#428 = EDGE_CURVE ( 'NONE', #535, #100, #297, .T. ) ;
#429 = LINE ( 'NONE', #1293, #804 ) ;
#430 = DIRECTION ( 'NONE',  ( 1.000000000000000000, 7.422101813014269472E-18, 0.000000000000000000 ) ) ;
#431 = MANIFOLD_SOLID_BREP ( 'TSR 3-2412N.stp<1>', #710 ) ;
#432 = CARTESIAN_POINT ( 'NONE',  ( -4.834132101897439815E-18, 0.7500000000000000000, 0.000000000000000000 ) ) ;
#433 = VERTEX_POINT ( 'NONE', #440 ) ;
#434 = PLANE ( 'NONE',  #809 ) ;
#435 = VECTOR ( 'NONE', #1380, 1000.000000000000000 ) ;
#436 = ORIENTED_EDGE ( 'NONE', *, *, #242, .F. ) ;
#437 = DIRECTION ( 'NONE',  ( -1.000000000000000000, 0.000000000000000000, 0.000000000000000000 ) ) ;
#438 = EDGE_CURVE ( 'NONE', #550, #1260, #1195, .T. ) ;
#439 = EDGE_CURVE ( 'NONE', #291, #727, #14, .T. ) ;
#440 = CARTESIAN_POINT ( 'NONE',  ( 13.50000000000000000, 0.04289321881345299625, 10.30000000000000071 ) ) ;
#441 = DIRECTION ( 'NONE',  ( -1.000000000000000000, 0.000000000000000000, 0.000000000000000000 ) ) ;
#442 = CARTESIAN_POINT ( 'NONE',  ( 12.75000000000000000, 6.349999999999999645, 0.5000000000000000000 ) ) ;
#443 = CARTESIAN_POINT ( 'NONE',  ( 0.000000000000000000, 0.5000000000000000000, 10.80000000000000071 ) ) ;
#444 = ORIENTED_EDGE ( 'NONE', *, *, #638, .F. ) ;
#445 = PRODUCT_DEFINITION_FORMATION_WITH_SPECIFIED_SOURCE ( 'ANY', '', #631, .NOT_KNOWN. ) ;
#446 = AXIS2_PLACEMENT_3D ( 'NONE', #717, #76, #817 ) ;
#447 =( NAMED_UNIT ( * ) PLANE_ANGLE_UNIT ( ) SI_UNIT ( $, .RADIAN. ) );
#448 = EDGE_CURVE ( 'NONE', #1298, #253, #774, .T. ) ;
#449 = VECTOR ( 'NONE', #261, 1000.000000000000000 ) ;
#450 = DIRECTION ( 'NONE',  ( 1.000000000000000000, 0.000000000000000000, 0.000000000000000000 ) ) ;
#451 = CARTESIAN_POINT ( 'NONE',  ( 0.7500000000000000000, 0.5000000000000000000, 10.30000000000000071 ) ) ;
#452 = ORIENTED_EDGE ( 'NONE', *, *, #1163, .T. ) ;
#453 = VECTOR ( 'NONE', #1361, 1000.000000000000000 ) ;
#454 = PRODUCT_DEFINITION_CONTEXT ( 'detailed design', #1259, 'design' ) ;
#455 = ADVANCED_FACE ( 'NONE', ( #112 ), #863, .T. ) ;
#456 = ORIENTED_EDGE ( 'NONE', *, *, #1025, .T. ) ;
#457 = VERTEX_POINT ( 'NONE', #659 ) ;
#458 = STYLED_ITEM ( 'NONE', ( #879 ), #431 ) ;
#459 = COLOUR_RGB ( '',0.2000000000000000111, 0.2000000000000000111, 0.2000000000000000111 ) ;
#460 = PRODUCT_CONTEXT ( 'NONE', #1240, 'mechanical' ) ;
#461 = CIRCLE ( 'NONE', #1329, 0.7500000000000006661 ) ;
#462 = SHAPE_REPRESENTATION ( 'TSR 3-2412N.stp', ( #468, #922, #656, #792, #222, #268 ), #1052 ) ;
#463 = DIRECTION ( 'NONE',  ( 1.000000000000000000, 0.000000000000000000, 0.000000000000000000 ) ) ;
#464 = LINE ( 'NONE', #701, #1228 ) ;
#465 = VERTEX_POINT ( 'NONE', #538 ) ;
#466 = APPLICATION_CONTEXT ( 'automotive_design' ) ;
#467 =( LENGTH_UNIT ( ) NAMED_UNIT ( * ) SI_UNIT ( .MILLI., .METRE. ) );
#468 = AXIS2_PLACEMENT_3D ( 'NONE', #278, #82, #289 ) ;
#469 = DIRECTION ( 'NONE',  ( 0.000000000000000000, 0.000000000000000000, 1.000000000000000000 ) ) ;
#470 = CARTESIAN_POINT ( 'NONE',  ( 13.50000000000000000, 0.000000000000000000, 10.80000000000000071 ) ) ;
#471 = VERTEX_POINT ( 'NONE', #886 ) ;
#472 = ADVANCED_FACE ( 'NONE', ( #127 ), #1321, .F. ) ;
#473 = DIRECTION ( 'NONE',  ( 0.000000000000000000, 0.000000000000000000, 1.000000000000000000 ) ) ;
#474 = DIRECTION ( 'NONE',  ( -1.000000000000000000, 0.000000000000000000, 0.000000000000000000 ) ) ;
#475 = VERTEX_POINT ( 'NONE', #967 ) ;
#476 = AXIS2_PLACEMENT_3D ( 'NONE', #1187, #767, #651 ) ;
#477 = AXIS2_PLACEMENT_3D ( 'NONE', #1010, #366, #59 ) ;
#478 = AXIS2_PLACEMENT_3D ( 'NONE', #26, #437, #1063 ) ;
#479 = EDGE_CURVE ( 'NONE', #751, #892, #1164, .T. ) ;
#480 = DIRECTION ( 'NONE',  ( 1.000000000000000000, 0.000000000000000000, 0.000000000000000000 ) ) ;
#481 = ORIENTED_EDGE ( 'NONE', *, *, #1229, .T. ) ;
#482 = DIRECTION ( 'NONE',  ( 7.422101813014269472E-18, -1.000000000000000000, 0.000000000000000000 ) ) ;
#483 = ADVANCED_FACE ( 'NONE', ( #756 ), #842, .F. ) ;
#484 = FACE_OUTER_BOUND ( 'NONE', #1233, .T. ) ;
#485 = VECTOR ( 'NONE', #1336, 1000.000000000000000 ) ;
#486 =( NAMED_UNIT ( * ) SI_UNIT ( $, .STERADIAN. ) SOLID_ANGLE_UNIT ( ) );
#487 = EDGE_LOOP ( 'NONE', ( #1035, #964, #841, #1041 ) ) ;
#488 = ORIENTED_EDGE ( 'NONE', *, *, #543, .F. ) ;
#489 = CYLINDRICAL_SURFACE ( 'NONE', #276, 0.2500000000000002220 ) ;
#490 = DIRECTION ( 'NONE',  ( 0.000000000000000000, -1.000000000000000000, 0.000000000000000000 ) ) ;
#491 = CARTESIAN_POINT ( 'NONE',  ( -1.855525453253570064E-18, 0.2500000000000000000, 0.5000000000000000000 ) ) ;
#492 = PRODUCT_RELATED_PRODUCT_CATEGORY ( 'part', '', ( #631 ) ) ;
#493 = ORIENTED_EDGE ( 'NONE', *, *, #173, .T. ) ;
#494 = EDGE_CURVE ( 'NONE', #519, #34, #391, .T. ) ;
#495 = DIRECTION ( 'NONE',  ( 0.000000000000000000, 0.000000000000000000, 1.000000000000000000 ) ) ;
#496 = AXIS2_PLACEMENT_3D ( 'NONE', #2, #12, #207 ) ;
#497 = VECTOR ( 'NONE', #909, 1000.000000000000000 ) ;
#498 = CARTESIAN_POINT ( 'NONE',  ( 0.5000000000000000000, 7.599999999999999645, 10.80000000000000071 ) ) ;
#499 =( NAMED_UNIT ( * ) SI_UNIT ( $, .STERADIAN. ) SOLID_ANGLE_UNIT ( ) );
#500 = CARTESIAN_POINT ( 'NONE',  ( 0.2500000000000000000, 0.000000000000000000, 0.5000000000000000000 ) ) ;
#501 = ORIENTED_EDGE ( 'NONE', *, *, #385, .T. ) ;
#502 = AXIS2_PLACEMENT_3D ( 'NONE', #1019, #68, #480 ) ;
#503 = CARTESIAN_POINT ( 'NONE',  ( 0.000000000000000000, -4.599999999999999645, 0.000000000000000000 ) ) ;
#504 = EDGE_LOOP ( 'NONE', ( #968, #1029, #172, #481 ) ) ;
#505 = EDGE_CURVE ( 'NONE', #680, #714, #688, .T. ) ;
#506 = FACE_OUTER_BOUND ( 'NONE', #388, .T. ) ;
#507 = UNCERTAINTY_MEASURE_WITH_UNIT (LENGTH_MEASURE( 1.000000000000000082E-05 ), #569, 'distance_accuracy_value', 'NONE');
#508 = CARTESIAN_POINT ( 'NONE',  ( 12.75000000000000000, 6.599999999999999645, 0.000000000000000000 ) ) ;
#509 = DIRECTION ( 'NONE',  ( 0.000000000000000000, 0.000000000000000000, 1.000000000000000000 ) ) ;
#510 = VERTEX_POINT ( 'NONE', #1373 ) ;
#511 = ORIENTED_EDGE ( 'NONE', *, *, #1250, .F. ) ;
#512 = COLOUR_RGB ( '',0.000000000000000000, 0.000000000000000000, 0.000000000000000000 ) ;
#513 = DIRECTION ( 'NONE',  ( 0.000000000000000000, 1.000000000000000000, 0.000000000000000000 ) ) ;
#514 = EDGE_CURVE ( 'NONE', #1141, #457, #310, .T. ) ;
#515 = LINE ( 'NONE', #845, #1155 ) ;
#516 = VECTOR ( 'NONE', #33, 1000.000000000000000 ) ;
#517 = ORIENTED_EDGE ( 'NONE', *, *, #821, .T. ) ;
#518 =( NAMED_UNIT ( * ) SI_UNIT ( $, .STERADIAN. ) SOLID_ANGLE_UNIT ( ) );
#519 = VERTEX_POINT ( 'NONE', #1059 ) ;
#520 = DIRECTION ( 'NONE',  ( 0.000000000000000000, 0.000000000000000000, -1.000000000000000000 ) ) ;
#521 = DIRECTION ( 'NONE',  ( 0.000000000000000000, 0.000000000000000000, -1.000000000000000000 ) ) ;
#522 = DIRECTION ( 'NONE',  ( 1.000000000000000000, 0.000000000000000000, 0.000000000000000000 ) ) ;
#523 = FACE_OUTER_BOUND ( 'NONE', #526, .T. ) ;
#524 = EDGE_CURVE ( 'NONE', #275, #1141, #588, .T. ) ;
#525 = CIRCLE ( 'NONE', #1328, 0.2500000000000000000 ) ;
#526 = EDGE_LOOP ( 'NONE', ( #652, #418, #1213, #301 ) ) ;
#527 = AXIS2_PLACEMENT_3D ( 'NONE', #755, #422, #966 ) ;
#528 = DIRECTION ( 'NONE',  ( 0.000000000000000000, 0.000000000000000000, 1.000000000000000000 ) ) ;
#529 = DIRECTION ( 'NONE',  ( 0.000000000000000000, 0.000000000000000000, 1.000000000000000000 ) ) ;
#530 = CARTESIAN_POINT ( 'NONE',  ( 0.000000000000000000, 0.000000000000000000, 0.000000000000000000 ) ) ;
#531 = EDGE_CURVE ( 'NONE', #510, #414, #1256, .T. ) ;
#532 = CARTESIAN_POINT ( 'NONE',  ( 0.6400000000000000133, 0.000000000000000000, 0.6400000000000000133 ) ) ;
#533 = ORIENTED_EDGE ( 'NONE', *, *, #952, .F. ) ;
#534 =( NAMED_UNIT ( * ) PLANE_ANGLE_UNIT ( ) SI_UNIT ( $, .RADIAN. ) );
#535 = VERTEX_POINT ( 'NONE', #1076 ) ;
#536 = DIRECTION ( 'NONE',  ( 0.000000000000000000, 0.000000000000000000, 1.000000000000000000 ) ) ;
#537 =( NAMED_UNIT ( * ) PLANE_ANGLE_UNIT ( ) SI_UNIT ( $, .RADIAN. ) );
#538 = CARTESIAN_POINT ( 'NONE',  ( 13.25000000000000000, 0.5000000000000000000, 0.5000000000000000000 ) ) ;
#539 = DIRECTION ( 'NONE',  ( 0.000000000000000000, 0.000000000000000000, 1.000000000000000000 ) ) ;
#540 = ORIENTED_EDGE ( 'NONE', *, *, #857, .T. ) ;
#541 = CYLINDRICAL_SURFACE ( 'NONE', #358, 0.2500000000000000000 ) ;
#542 = ORIENTED_EDGE ( 'NONE', *, *, #274, .F. ) ;
#543 = EDGE_CURVE ( 'NONE', #457, #751, #104, .T. ) ;
#544 = FACE_OUTER_BOUND ( 'NONE', #616, .T. ) ;
#545 = DIRECTION ( 'NONE',  ( 0.000000000000000000, 0.000000000000000000, -1.000000000000000000 ) ) ;
#546 = DIRECTION ( 'NONE',  ( 0.000000000000000000, 0.000000000000000000, 1.000000000000000000 ) ) ;
#547 = ORIENTED_EDGE ( 'NONE', *, *, #180, .T. ) ;
#548 = CARTESIAN_POINT ( 'NONE',  ( 13.25000000000000000, 7.100000000000000533, 10.30000000000000071 ) ) ;
#549 = AXIS2_PLACEMENT_3D ( 'NONE', #201, #495, #1050 ) ;
#550 = VERTEX_POINT ( 'NONE', #111 ) ;
#551 = EDGE_CURVE ( 'NONE', #232, #606, #1274, .T. ) ;
#552 = DIRECTION ( 'NONE',  ( 0.000000000000000000, 0.000000000000000000, -1.000000000000000000 ) ) ;
#553 = CARTESIAN_POINT ( 'NONE',  ( 0.5000000000000000000, 0.000000000000000000, 10.30000000000000071 ) ) ;
#554 = ORIENTED_EDGE ( 'NONE', *, *, #1302, .F. ) ;
#555 = VERTEX_POINT ( 'NONE', #1275 ) ;
#556 = APPLICATION_PROTOCOL_DEFINITION ( 'draft international standard', 'automotive_design', 1998, #466 ) ;
#557 = VECTOR ( 'NONE', #346, 1000.000000000000000 ) ;
#558 = EDGE_CURVE ( 'NONE', #790, #241, #1294, .T. ) ;
#559 = PRODUCT_DEFINITION_FORMATION_WITH_SPECIFIED_SOURCE ( 'ANY', '', #233, .NOT_KNOWN. ) ;
#560 = AXIS2_PLACEMENT_3D ( 'NONE', #419, #855, #1290 ) ;
#561 = LINE ( 'NONE', #667, #304 ) ;
#562 = ORIENTED_EDGE ( 'NONE', *, *, #62, .F. ) ;
#563 = DIRECTION ( 'NONE',  ( 0.000000000000000000, 0.000000000000000000, -1.000000000000000000 ) ) ;
#564 = VERTEX_POINT ( 'NONE', #1149 ) ;
#565 = ADVANCED_BREP_SHAPE_REPRESENTATION ( '', ( #920, #626 ), #856 ) ;
#566 = DIRECTION ( 'NONE',  ( 0.000000000000000000, 0.000000000000000000, -1.000000000000000000 ) ) ;
#567 = ORIENTED_EDGE ( 'NONE', *, *, #551, .T. ) ;
#568 = SHAPE_REPRESENTATION ( '__-00.stp', ( #626 ), #677 ) ;
#569 =( LENGTH_UNIT ( ) NAMED_UNIT ( * ) SI_UNIT ( .MILLI., .METRE. ) );
#570 = CARTESIAN_POINT ( 'NONE',  ( 14.00000000000000000, 7.100000000000000533, 0.5000000000000000000 ) ) ;
#571 = EDGE_LOOP ( 'NONE', ( #676, #834, #355, #597 ) ) ;
#572 = AXIS2_PLACEMENT_3D ( 'NONE', #1014, #1027, #463 ) ;
#573 = PRODUCT_DEFINITION_SHAPE ( 'NONE', 'NONE',  #405 ) ;
#574 = CIRCLE ( 'NONE', #844, 0.2500000000000000000 ) ;
#575 = APPLICATION_PROTOCOL_DEFINITION ( 'draft international standard', 'automotive_design', 1998, #1140 ) ;
#576 = LINE ( 'NONE', #806, #497 ) ;
#577 = DIRECTION ( 'NONE',  ( 0.000000000000000000, 0.000000000000000000, -1.000000000000000000 ) ) ;
#578 = ADVANCED_FACE ( 'NONE', ( #302 ), #835, .F. ) ;
#579 = ORIENTED_EDGE ( 'NONE', *, *, #505, .T. ) ;
#580 = CARTESIAN_POINT ( 'NONE',  ( 13.50000000000000000, 7.557106781186550215, 10.80000000000000071 ) ) ;
#581 = CARTESIAN_POINT ( 'NONE',  ( 13.25000000000000000, 0.7500000000000000000, 10.80000000000000071 ) ) ;
#582 =( NAMED_UNIT ( * ) PLANE_ANGLE_UNIT ( ) SI_UNIT ( $, .RADIAN. ) );
#583 = ORIENTED_EDGE ( 'NONE', *, *, #155, .T. ) ;
#584 = PRODUCT_DEFINITION ( 'UNKNOWN', '', #41, #980 ) ;
#585 = EDGE_CURVE ( 'NONE', #471, #1306, #1064, .T. ) ;
#586 = CARTESIAN_POINT ( 'NONE',  ( 0.7500000000000000000, 0.7500000000000000000, 10.30000000000000071 ) ) ;
#587 = EDGE_LOOP ( 'NONE', ( #70, #583, #1378, #919, #65, #74, #977, #903 ) ) ;
#588 = CIRCLE ( 'NONE', #870, 0.7500000000000006661 ) ;
#589 = ADVANCED_FACE ( 'NONE', ( #317 ), #950, .T. ) ;
#590 = AXIS2_PLACEMENT_3D ( 'NONE', #735, #1160, #194 ) ;
#591 = LINE ( 'NONE', #911, #1127 ) ;
#592 = PLANE ( 'NONE',  #572 ) ;
#593 = SURFACE_STYLE_USAGE ( .BOTH. , #700 ) ;
#594 = FACE_OUTER_BOUND ( 'NONE', #708, .T. ) ;
#595 = ORIENTED_EDGE ( 'NONE', *, *, #438, .T. ) ;
#596 = EDGE_CURVE ( 'NONE', #736, #246, #27, .T. ) ;
#597 = ORIENTED_EDGE ( 'NONE', *, *, #905, .T. ) ;
#598 = DIRECTION ( 'NONE',  ( 0.000000000000000000, 1.000000000000000000, 0.000000000000000000 ) ) ;
#599 = DIRECTION ( 'NONE',  ( 0.000000000000000000, 1.000000000000000000, 0.000000000000000000 ) ) ;
#600 = DIRECTION ( 'NONE',  ( -1.000000000000000000, 0.000000000000000000, 0.000000000000000000 ) ) ;
#601 = ORIENTED_EDGE ( 'NONE', *, *, #978, .F. ) ;
#602 = DIRECTION ( 'NONE',  ( 1.000000000000000000, 0.000000000000000000, 0.000000000000000000 ) ) ;
#603 = DIRECTION ( 'NONE',  ( 0.000000000000000000, 0.000000000000000000, 1.000000000000000000 ) ) ;
#604 = FACE_OUTER_BOUND ( 'NONE', #784, .T. ) ;
#605 = ADVANCED_FACE ( 'NONE', ( #506 ), #943, .F. ) ;
#606 = VERTEX_POINT ( 'NONE', #731 ) ;
#607 = FACE_OUTER_BOUND ( 'NONE', #654, .T. ) ;
#608 = VERTEX_POINT ( 'NONE', #1157 ) ;
#609 = AXIS2_PLACEMENT_3D ( 'NONE', #443, #1175, #662 ) ;
#610 = DIRECTION ( 'NONE',  ( 0.000000000000000000, 0.000000000000000000, -1.000000000000000000 ) ) ;
#611 = AXIS2_PLACEMENT_3D ( 'NONE', #831, #1060, #1037 ) ;
#612 = AXIS2_PLACEMENT_3D ( 'NONE', #398, #730, #1386 ) ;
#613 = CARTESIAN_POINT ( 'NONE',  ( 13.25000000000000000, 6.850000000000000533, 10.80000000000000071 ) ) ;
#614 = CARTESIAN_POINT ( 'NONE',  ( 0.7500000000000000000, 6.850000000000000533, 0.5000000000000000000 ) ) ;
#615 = CIRCLE ( 'NONE', #30, 0.7500000000000006661 ) ;
#616 = EDGE_LOOP ( 'NONE', ( #647, #501, #1021, #170 ) ) ;
#617 = AXIS2_PLACEMENT_3D ( 'NONE', #442, #881, #450 ) ;
#618 = PLANE ( 'NONE',  #51 ) ;
#619 = DIRECTION ( 'NONE',  ( -1.000000000000000000, 0.000000000000000000, 0.000000000000000000 ) ) ;
#620 = ORIENTED_EDGE ( 'NONE', *, *, #114, .F. ) ;
#621 = VECTOR ( 'NONE', #539, 1000.000000000000000 ) ;
#622 = DIRECTION ( 'NONE',  ( -1.000000000000000000, 0.000000000000000000, 0.000000000000000000 ) ) ;
#623 = CARTESIAN_POINT ( 'NONE',  ( 13.00000000000000000, 0.2500000000000000000, 0.5000000000000000000 ) ) ;
#624 = ORIENTED_EDGE ( 'NONE', *, *, #28, .F. ) ;
#625 = SURFACE_STYLE_FILL_AREA ( #109 ) ;
#626 = AXIS2_PLACEMENT_3D ( 'NONE', #789, #260, #1118 ) ;
#627 = ORIENTED_EDGE ( 'NONE', *, *, #663, .T. ) ;
#628 = CIRCLE ( 'NONE', #560, 0.7500000000000006661 ) ;
#629 = DIRECTION ( 'NONE',  ( 7.422101813014269472E-18, -1.000000000000000000, 0.000000000000000000 ) ) ;
#630 = ADVANCED_FACE ( 'NONE', ( #192 ), #1038, .F. ) ;
#631 = PRODUCT ( 'TSR 3-2412N', 'TSR 3-2412N', '', ( #1327 ) ) ;
#632 = FACE_OUTER_BOUND ( 'NONE', #1058, .T. ) ;
#633 = ORIENTED_EDGE ( 'NONE', *, *, #596, .F. ) ;
#634 = CARTESIAN_POINT ( 'NONE',  ( 0.5000000000000000000, 7.557106781186550215, 10.30000000000000071 ) ) ;
#635 = ORIENTED_EDGE ( 'NONE', *, *, #1222, .F. ) ;
#636 = DIRECTION ( 'NONE',  ( 0.000000000000000000, 0.000000000000000000, 1.000000000000000000 ) ) ;
#637 = DIRECTION ( 'NONE',  ( 1.000000000000000000, 0.000000000000000000, 0.000000000000000000 ) ) ;
#638 = EDGE_CURVE ( 'NONE', #927, #414, #962, .T. ) ;
#639 = SURFACE_STYLE_USAGE ( .BOTH. , #974 ) ;
#640 = VECTOR ( 'NONE', #622, 1000.000000000000000 ) ;
#641 = VECTOR ( 'NONE', #655, 1000.000000000000000 ) ;
#642 = LINE ( 'NONE', #1323, #199 ) ;
#643 = EDGE_LOOP ( 'NONE', ( #1333, #859, #348, #1271 ) ) ;
#644 = PLANE ( 'NONE',  #609 ) ;
#645 = CARTESIAN_POINT ( 'NONE',  ( 12.75000000000000000, 6.349999999999999645, 0.000000000000000000 ) ) ;
#646 = VECTOR ( 'NONE', #860, 1000.000000000000000 ) ;
#647 = ORIENTED_EDGE ( 'NONE', *, *, #95, .F. ) ;
#648 = LINE ( 'NONE', #119, #646 ) ;
#649 = DIRECTION ( 'NONE',  ( 0.000000000000000000, 0.000000000000000000, -1.000000000000000000 ) ) ;
#650 = PRODUCT_DEFINITION ( 'UNKNOWN', '', #559, #454 ) ;
#651 = DIRECTION ( 'NONE',  ( 1.000000000000000000, 0.000000000000000000, 0.000000000000000000 ) ) ;
#652 = ORIENTED_EDGE ( 'NONE', *, *, #55, .T. ) ;
#653 = CARTESIAN_POINT ( 'NONE',  ( 13.00000000000000000, 6.599999999999999645, 0.5000000000000000000 ) ) ;
#654 = EDGE_LOOP ( 'NONE', ( #137, #1055, #864, #778 ) ) ;
#655 = DIRECTION ( 'NONE',  ( 1.000000000000000000, 0.000000000000000000, 0.000000000000000000 ) ) ;
#656 = AXIS2_PLACEMENT_3D ( 'NONE', #1262, #1365, #426 ) ;
#657 = UNCERTAINTY_MEASURE_WITH_UNIT (LENGTH_MEASURE( 1.000000000000000082E-05 ), #40, 'distance_accuracy_value', 'NONE');
#658 = PRESENTATION_STYLE_ASSIGNMENT (( #1151 ) ) ;
#659 = CARTESIAN_POINT ( 'NONE',  ( 13.25000000000000000, 7.599999999999999645, 0.000000000000000000 ) ) ;
#660 = DIRECTION ( 'NONE',  ( -1.000000000000000000, 0.000000000000000000, 0.000000000000000000 ) ) ;
#661 = EDGE_LOOP ( 'NONE', ( #90, #213, #263, #743 ) ) ;
#662 = DIRECTION ( 'NONE',  ( 1.000000000000000000, 0.000000000000000000, 0.000000000000000000 ) ) ;
#663 = EDGE_CURVE ( 'NONE', #73, #475, #525, .T. ) ;
#664 = ORIENTED_EDGE ( 'NONE', *, *, #439, .T. ) ;
#665 = SHAPE_DEFINITION_REPRESENTATION ( #1264, #568 ) ;
#666 = FILL_AREA_STYLE ('',( #1181 ) ) ;
#667 = CARTESIAN_POINT ( 'NONE',  ( 13.50000000000000000, 0.7500000000000000000, 10.30000000000000071 ) ) ;
#668 = PRODUCT ( 'PIN-00.stp', 'PIN-00.stp', '', ( #906 ) ) ;
#669 = DIRECTION ( 'NONE',  ( 0.000000000000000000, 0.000000000000000000, 1.000000000000000000 ) ) ;
#670 = AXIS2_PLACEMENT_3D ( 'NONE', #387, #1270, #522 ) ;
#671 = ORIENTED_EDGE ( 'NONE', *, *, #55, .F. ) ;
#672 = UNCERTAINTY_MEASURE_WITH_UNIT (LENGTH_MEASURE( 1.000000000000000082E-05 ), #939, 'distance_accuracy_value', 'NONE');
#673 = SHAPE_DEFINITION_REPRESENTATION ( #150, #58 ) ;
#674 = CARTESIAN_POINT ( 'NONE',  ( -4.898587196589420471E-17, 6.599999999999999645, 0.5000000000000000000 ) ) ;
#675 = DIRECTION ( 'NONE',  ( 0.000000000000000000, -1.000000000000000000, 0.000000000000000000 ) ) ;
#676 = ORIENTED_EDGE ( 'NONE', *, *, #281, .F. ) ;
#677 =( GEOMETRIC_REPRESENTATION_CONTEXT ( 3 ) GLOBAL_UNCERTAINTY_ASSIGNED_CONTEXT ( ( #138 ) ) GLOBAL_UNIT_ASSIGNED_CONTEXT ( ( #1125, #582, #1028 ) ) REPRESENTATION_CONTEXT ( 'NONE', 'WORKASPACE' ) );
#678 = ADVANCED_FACE ( 'NONE', ( #296 ), #846, .F. ) ;
#679 = CARTESIAN_POINT ( 'NONE',  ( 0.000000000000000000, 0.000000000000000000, 0.5000000000000000000 ) ) ;
#680 = VERTEX_POINT ( 'NONE', #945 ) ;
#681 = ORIENTED_EDGE ( 'NONE', *, *, #479, .F. ) ;
#682 = ORIENTED_EDGE ( 'NONE', *, *, #1282, .F. ) ;
#683 = ITEM_DEFINED_TRANSFORMATION ( 'NONE', 'NONE', #656,  #626 ) ;
#684 = EDGE_CURVE ( 'NONE', #85, #1074, #574, .T. ) ;
#685 = DIRECTION ( 'NONE',  ( 0.000000000000000000, 0.000000000000000000, 1.000000000000000000 ) ) ;
#686 =( REPRESENTATION_RELATIONSHIP ('NONE','NONE', #326, #462 ) REPRESENTATION_RELATIONSHIP_WITH_TRANSFORMATION ( #243 )SHAPE_REPRESENTATION_RELATIONSHIP( ) );
#687 = VERTEX_POINT ( 'NONE', #107 ) ;
#688 = CIRCLE ( 'NONE', #549, 0.2500000000000002220 ) ;
#689 = PRODUCT_RELATED_PRODUCT_CATEGORY ( 'part', '', ( #963 ) ) ;
#690 = LINE ( 'NONE', #1136, #983 ) ;
#691 =( NAMED_UNIT ( * ) SI_UNIT ( $, .STERADIAN. ) SOLID_ANGLE_UNIT ( ) );
#692 = DIRECTION ( 'NONE',  ( -1.000000000000000000, 0.000000000000000000, 0.000000000000000000 ) ) ;
#693 = VECTOR ( 'NONE', #330, 1000.000000000000000 ) ;
#694 = ADVANCED_FACE ( 'NONE', ( #523 ), #6, .F. ) ;
#695 = ORIENTED_EDGE ( 'NONE', *, *, #217, .T. ) ;
#696 = DIRECTION ( 'NONE',  ( -0.000000000000000000, 1.000000000000000000, 0.000000000000000000 ) ) ;
#697 = VECTOR ( 'NONE', #473, 1000.000000000000000 ) ;
#698 = AXIS2_PLACEMENT_3D ( 'NONE', #215, #1042, #87 ) ;
#699 = FACE_OUTER_BOUND ( 'NONE', #938, .T. ) ;
#700 = SURFACE_SIDE_STYLE ('',( #271 ) ) ;
#701 = CARTESIAN_POINT ( 'NONE',  ( 0.7500000000000000000, 0.5000000000000000000, 10.30000000000000071 ) ) ;
#702 = ORIENTED_EDGE ( 'NONE', *, *, #551, .F. ) ;
#703 = EDGE_CURVE ( 'NONE', #166, #751, #370, .T. ) ;
#704 = AXIS2_PLACEMENT_3D ( 'NONE', #679, #158, #1210 ) ;
#705 = CARTESIAN_POINT ( 'NONE',  ( 0.7500000000000000000, 0.000000000000000000, 10.80000000000000071 ) ) ;
#706 = CARTESIAN_POINT ( 'NONE',  ( 0.7500000000000000000, 0.7500000000000000000, 10.80000000000000071 ) ) ;
#707 = LINE ( 'NONE', #1020, #143 ) ;
#708 = EDGE_LOOP ( 'NONE', ( #808, #547, #947, #1167 ) ) ;
#709 = VECTOR ( 'NONE', #649, 1000.000000000000000 ) ;
#711 = VERTEX_POINT ( 'NONE', #500 ) ;
#710 = CLOSED_SHELL ( 'NONE', ( #904, #1340, #847, #249, #889, #1248, #747, #392, #1355, #694 ) ) ;
#712 = CARTESIAN_POINT ( 'NONE',  ( 0.7500000000000000000, 0.000000000000000000, 0.000000000000000000 ) ) ;
#713 = CARTESIAN_POINT ( 'NONE',  ( 6.680000000000000604, 1.119999999999999885, 10.30000000000000071 ) ) ;
#714 = VERTEX_POINT ( 'NONE', #623 ) ;
#715 = ADVANCED_FACE ( 'NONE', ( #1138 ), #1054, .F. ) ;
#716 = LINE ( 'NONE', #936, #1247 ) ;
#717 = CARTESIAN_POINT ( 'NONE',  ( 0.000000000000000000, 0.000000000000000000, 0.000000000000000000 ) ) ;
#718 = DIRECTION ( 'NONE',  ( 0.000000000000000000, -1.000000000000000000, 0.000000000000000000 ) ) ;
#719 =( GEOMETRIC_REPRESENTATION_CONTEXT ( 3 ) GLOBAL_UNCERTAINTY_ASSIGNED_CONTEXT ( ( #404 ) ) GLOBAL_UNIT_ASSIGNED_CONTEXT ( ( #1307, #534, #1198 ) ) REPRESENTATION_CONTEXT ( 'NONE', 'WORKASPACE' ) );
#720 = EDGE_LOOP ( 'NONE', ( #729, #826, #1374, #949 ) ) ;
#721 = PRESENTATION_STYLE_ASSIGNMENT (( #827 ) ) ;
#722 = DIRECTION ( 'NONE',  ( 1.000000000000000000, 0.000000000000000000, 0.000000000000000000 ) ) ;
#723 = ADVANCED_FACE ( 'NONE', ( #1034 ), #77, .F. ) ;
#724 = CARTESIAN_POINT ( 'NONE',  ( 13.25000000000000000, 7.100000000000000533, 0.5000000000000000000 ) ) ;
#725 = CARTESIAN_POINT ( 'NONE',  ( 9.220000000000000639, 1.119999999999999885, 10.30000000000000071 ) ) ;
#726 = DIRECTION ( 'NONE',  ( 1.000000000000000000, 0.000000000000000000, 0.000000000000000000 ) ) ;
#727 = VERTEX_POINT ( 'NONE', #954 ) ;
#728 = CARTESIAN_POINT ( 'NONE',  ( 0.2500000000000000000, 0.2500000000000000000, 0.5000000000000000000 ) ) ;
#729 = ORIENTED_EDGE ( 'NONE', *, *, #1152, .T. ) ;
#730 = DIRECTION ( 'NONE',  ( 0.000000000000000000, 0.000000000000000000, -1.000000000000000000 ) ) ;
#731 = CARTESIAN_POINT ( 'NONE',  ( 12.75000000000000000, 0.000000000000000000, 0.000000000000000000 ) ) ;
#732 = AXIS2_PLACEMENT_3D ( 'NONE', #928, #953, #1150 ) ;
#733 = AXIS2_PLACEMENT_3D ( 'NONE', #316, #536, #221 ) ;
#734 = CARTESIAN_POINT ( 'NONE',  ( 0.000000000000000000, 0.5000000000000000000, 10.30000000000000071 ) ) ;
#735 = CARTESIAN_POINT ( 'NONE',  ( 0.7500000000000000000, 6.850000000000000533, 0.000000000000000000 ) ) ;
#736 = VERTEX_POINT ( 'NONE', #290 ) ;
#737 = DIRECTION ( 'NONE',  ( -1.000000000000000000, 0.000000000000000000, 0.000000000000000000 ) ) ;
#738 = CARTESIAN_POINT ( 'NONE',  ( 0.000000000000000000, 0.000000000000000000, 0.000000000000000000 ) ) ;
#739 = CIRCLE ( 'NONE', #331, 0.7500000000000000000 ) ;
#740 = DIRECTION ( 'NONE',  ( 0.000000000000000000, 0.000000000000000000, -1.000000000000000000 ) ) ;
#741 = DIRECTION ( 'NONE',  ( -0.000000000000000000, 1.000000000000000000, 0.000000000000000000 ) ) ;
#742 = VECTOR ( 'NONE', #238, 1000.000000000000000 ) ;
#743 = ORIENTED_EDGE ( 'NONE', *, *, #390, .T. ) ;
#744 = DIRECTION ( 'NONE',  ( 0.000000000000000000, -1.000000000000000000, 0.000000000000000000 ) ) ;
#745 = MECHANICAL_DESIGN_GEOMETRIC_PRESENTATION_REPRESENTATION (  '', ( #13 ), #378 ) ;
#746 = PRODUCT_DEFINITION_FORMATION_WITH_SPECIFIED_SOURCE ( 'ANY', '', #668, .NOT_KNOWN. ) ;
#747 = ADVANCED_FACE ( 'NONE', ( #283 ), #1145, .F. ) ;
#748 = DIRECTION ( 'NONE',  ( 1.000000000000000000, 0.000000000000000000, 0.000000000000000000 ) ) ;
#749 = PRODUCT_DEFINITION_SHAPE ( 'NONE', 'NONE',  #1186 ) ;
#750 = LINE ( 'NONE', #295, #843 ) ;
#751 = VERTEX_POINT ( 'NONE', #407 ) ;
#752 = FACE_OUTER_BOUND ( 'NONE', #280, .T. ) ;
#753 = DIRECTION ( 'NONE',  ( 0.000000000000000000, 0.000000000000000000, -1.000000000000000000 ) ) ;
#754 = VERTEX_POINT ( 'NONE', #183 ) ;
#755 = CARTESIAN_POINT ( 'NONE',  ( 0.5000000000000000000, 7.599999999999999645, 10.80000000000000071 ) ) ;
#756 = FACE_OUTER_BOUND ( 'NONE', #661, .T. ) ;
#757 = ADVANCED_FACE ( 'NONE', ( #604 ), #942, .F. ) ;
#758 = EDGE_CURVE ( 'NONE', #475, #535, #200, .T. ) ;
#759 = CARTESIAN_POINT ( 'NONE',  ( -1.855525453253570064E-18, 0.2500000000000000000, 0.5000000000000000000 ) ) ;
#760 = AXIS2_PLACEMENT_3D ( 'NONE', #1375, #98, #1261 ) ;
#761 = DIRECTION ( 'NONE',  ( 1.000000000000000000, 0.000000000000000000, 0.000000000000000000 ) ) ;
#762 = ORIENTED_EDGE ( 'NONE', *, *, #867, .F. ) ;
#763 = CIRCLE ( 'NONE', #935, 0.2500000000000000000 ) ;
#764 = EDGE_LOOP ( 'NONE', ( #898, #1254, #985, #796 ) ) ;
#765 = CARTESIAN_POINT ( 'NONE',  ( 13.00000000000000000, 0.2500000000000000000, 0.5000000000000000000 ) ) ;
#766 = AXIS2_PLACEMENT_3D ( 'NONE', #22, #776, #660 ) ;
#767 = DIRECTION ( 'NONE',  ( 0.000000000000000000, 0.000000000000000000, 1.000000000000000000 ) ) ;
#768 = EDGE_CURVE ( 'NONE', #687, #219, #957, .T. ) ;
#769 = EDGE_LOOP ( 'NONE', ( #1319, #10, #1367, #822 ) ) ;
#770 = DIRECTION ( 'NONE',  ( -1.000000000000000000, 0.000000000000000000, 0.000000000000000000 ) ) ;
#771 = ORIENTED_EDGE ( 'NONE', *, *, #1269, .T. ) ;
#772 = FACE_OUTER_BOUND ( 'NONE', #1334, .T. ) ;
#773 = DIRECTION ( 'NONE',  ( 0.000000000000000000, 0.000000000000000000, 1.000000000000000000 ) ) ;
#774 = LINE ( 'NONE', #237, #820 ) ;
#775 = EDGE_CURVE ( 'NONE', #714, #232, #324, .T. ) ;
#776 = DIRECTION ( 'NONE',  ( 0.000000000000000000, 0.000000000000000000, -1.000000000000000000 ) ) ;
#777 = LINE ( 'NONE', #874, #1044 ) ;
#778 = ORIENTED_EDGE ( 'NONE', *, *, #1079, .T. ) ;
#779 = CONTEXT_DEPENDENT_SHAPE_REPRESENTATION ( #1345, #1158 ) ;
#780 = LINE ( 'NONE', #1313, #803 ) ;
#781 = CARTESIAN_POINT ( 'NONE',  ( 0.5000000000000000000, 6.850000000000000533, 0.5000000000000000000 ) ) ;
#782 = PLANE ( 'NONE',  #191 ) ;
#783 = AXIS2_PLACEMENT_3D ( 'NONE', #399, #1268, #294 ) ;
#784 = EDGE_LOOP ( 'NONE', ( #1153, #493, #332, #189, #1174, #988, #298, #627 ) ) ;
#785 = ADVANCED_FACE ( 'NONE', ( #772 ), #1299, .T. ) ;
#786 = APPLICATION_PROTOCOL_DEFINITION ( 'draft international standard', 'automotive_design', 1998, #3 ) ;
#787 = CARTESIAN_POINT ( 'NONE',  ( 4.327586235023820226E-18, -4.599999999999999645, 0.6400000000000000133 ) ) ;
#788 = CARTESIAN_POINT ( 'NONE',  ( 13.25000000000000000, 6.850000000000000533, 0.000000000000000000 ) ) ;
#789 = CARTESIAN_POINT ( 'NONE',  ( 0.000000000000000000, 0.000000000000000000, 0.000000000000000000 ) ) ;
#790 = VERTEX_POINT ( 'NONE', #1075 ) ;
#791 = EDGE_CURVE ( 'NONE', #754, #433, #461, .T. ) ;
#792 = AXIS2_PLACEMENT_3D ( 'NONE', #824, #868, #973 ) ;
#793 = PRODUCT_DEFINITION_SHAPE ( 'NONE', 'NONE',  #1393 ) ;
#794 = CARTESIAN_POINT ( 'NONE',  ( 12.75000000000000000, 6.599999999999999645, 0.5000000000000000000 ) ) ;
#795 = DIRECTION ( 'NONE',  ( 0.000000000000000000, 0.000000000000000000, -1.000000000000000000 ) ) ;
#796 = ORIENTED_EDGE ( 'NONE', *, *, #1135, .T. ) ;
#797 = CONTEXT_DEPENDENT_SHAPE_REPRESENTATION ( #1166, #1291 ) ;
#798 = EDGE_CURVE ( 'NONE', #1036, #465, #429, .T. ) ;
#799 = EDGE_CURVE ( 'NONE', #1260, #219, #648, .T. ) ;
#800 = CARTESIAN_POINT ( 'NONE',  ( 0.7500000000000000000, 7.100000000000000533, 10.30000000000000071 ) ) ;
#801 =( LENGTH_UNIT ( ) NAMED_UNIT ( * ) SI_UNIT ( .MILLI., .METRE. ) );
#802 = ORIENTED_EDGE ( 'NONE', *, *, #514, .T. ) ;
#803 = VECTOR ( 'NONE', #319, 1000.000000000000000 ) ;
#804 = VECTOR ( 'NONE', #11, 1000.000000000000000 ) ;
#805 = EDGE_CURVE ( 'NONE', #225, #510, #1352, .T. ) ;
#806 = CARTESIAN_POINT ( 'NONE',  ( 14.00000000000000000, 0.000000000000000000, 10.80000000000000071 ) ) ;
#807 = DIRECTION ( 'NONE',  ( 1.000000000000000000, 0.000000000000000000, 0.000000000000000000 ) ) ;
#808 = ORIENTED_EDGE ( 'NONE', *, *, #494, .T. ) ;
#809 = AXIS2_PLACEMENT_3D ( 'NONE', #653, #1100, #854 ) ;
#810 = LINE ( 'NONE', #580, #1238 ) ;
#811 = DIRECTION ( 'NONE',  ( 6.445509469196589502E-18, -1.000000000000000000, 0.000000000000000000 ) ) ;
#812 = VECTOR ( 'NONE', #692, 1000.000000000000000 ) ;
#813 = EDGE_CURVE ( 'NONE', #1109, #34, #1178, .T. ) ;
#814 = ORIENTED_EDGE ( 'NONE', *, *, #758, .T. ) ;
#815 = ORIENTED_EDGE ( 'NONE', *, *, #356, .T. ) ;
#816 = CARTESIAN_POINT ( 'NONE',  ( 0.7500000000000000000, 6.850000000000000533, 10.30000000000000071 ) ) ;
#817 = DIRECTION ( 'NONE',  ( 1.000000000000000000, 0.000000000000000000, 0.000000000000000000 ) ) ;
#818 = CARTESIAN_POINT ( 'NONE',  ( 0.000000000000000000, 0.000000000000000000, 10.80000000000000071 ) ) ;
#819 = ORIENTED_EDGE ( 'NONE', *, *, #1119, .T. ) ;
#820 = VECTOR ( 'NONE', #1090, 1000.000000000000000 ) ;
#821 = EDGE_CURVE ( 'NONE', #892, #1141, #866, .T. ) ;
#822 = ORIENTED_EDGE ( 'NONE', *, *, #1152, .F. ) ;
#823 = CARTESIAN_POINT ( 'NONE',  ( 13.50000000000000000, 7.557106781186550215, 10.30000000000000071 ) ) ;
#824 = CARTESIAN_POINT ( 'NONE',  ( 4.139999999999999680, 1.119999999999999885, 10.30000000000000071 ) ) ;
#825 = DIRECTION ( 'NONE',  ( -1.000000000000000000, 0.000000000000000000, 0.000000000000000000 ) ) ;
#826 = ORIENTED_EDGE ( 'NONE', *, *, #318, .F. ) ;
#827 = SURFACE_STYLE_USAGE ( .BOTH. , #1040 ) ;
#828 = CARTESIAN_POINT ( 'NONE',  ( -4.898587196589420471E-17, 6.599999999999999645, 0.5000000000000000000 ) ) ;
#829 = EDGE_CURVE ( 'NONE', #714, #374, #1084, .T. ) ;
#830 = ORIENTED_EDGE ( 'NONE', *, *, #1025, .F. ) ;
#831 = CARTESIAN_POINT ( 'NONE',  ( 14.00000000000000000, 7.599999999999999645, 10.80000000000000071 ) ) ;
#832 = SURFACE_SIDE_STYLE ('',( #1301 ) ) ;
#833 = ORIENTED_EDGE ( 'NONE', *, *, #1031, .T. ) ;
#834 = ORIENTED_EDGE ( 'NONE', *, *, #448, .T. ) ;
#835 = PLANE ( 'NONE',  #1022 ) ;
#836 = ADVANCED_FACE ( 'NONE', ( #544 ), #979, .F. ) ;
#837 = DIRECTION ( 'NONE',  ( 0.000000000000000000, 0.000000000000000000, 1.000000000000000000 ) ) ;
#838 = DIRECTION ( 'NONE',  ( 0.000000000000000000, 0.000000000000000000, 1.000000000000000000 ) ) ;
#839 = ORIENTED_EDGE ( 'NONE', *, *, #703, .T. ) ;
#840 = CARTESIAN_POINT ( 'NONE',  ( 0.000000000000000000, -4.599999999999999645, 0.000000000000000000 ) ) ;
#841 = ORIENTED_EDGE ( 'NONE', *, *, #421, .T. ) ;
#842 = PLANE ( 'NONE',  #496 ) ;
#843 = VECTOR ( 'NONE', #282, 1000.000000000000000 ) ;
#844 = AXIS2_PLACEMENT_3D ( 'NONE', #614, #1382, #394 ) ;
#845 = CARTESIAN_POINT ( 'NONE',  ( -4.415173986399660311E-17, 6.850000000000000533, 10.80000000000000071 ) ) ;
#846 = PLANE ( 'NONE',  #1008 ) ;
#847 = ADVANCED_FACE ( 'NONE', ( #1311 ), #110, .T. ) ;
#848 = ORIENTED_EDGE ( 'NONE', *, *, #428, .F. ) ;
#849 = DIRECTION ( 'NONE',  ( 0.000000000000000000, 0.000000000000000000, 1.000000000000000000 ) ) ;
#850 = CARTESIAN_POINT ( 'NONE',  ( 13.25000000000000000, 7.599999999999999645, 10.80000000000000071 ) ) ;
#851 = LINE ( 'NONE', #288, #132 ) ;
#852 = CARTESIAN_POINT ( 'NONE',  ( 13.25000000000000000, 0.7500000000000000000, 10.80000000000000071 ) ) ;
#853 = ORIENTED_EDGE ( 'NONE', *, *, #663, .F. ) ;
#854 = DIRECTION ( 'NONE',  ( 0.000000000000000000, 0.000000000000000000, -1.000000000000000000 ) ) ;
#855 = DIRECTION ( 'NONE',  ( 0.000000000000000000, 0.000000000000000000, -1.000000000000000000 ) ) ;
#856 =( GEOMETRIC_REPRESENTATION_CONTEXT ( 3 ) GLOBAL_UNCERTAINTY_ASSIGNED_CONTEXT ( ( #657 ) ) GLOBAL_UNIT_ASSIGNED_CONTEXT ( ( #40, #1205, #116 ) ) REPRESENTATION_CONTEXT ( 'NONE', 'WORKASPACE' ) );
#857 = EDGE_CURVE ( 'NONE', #975, #884, #196, .T. ) ;
#858 =( REPRESENTATION_RELATIONSHIP ('NONE','NONE', #462, #58 ) REPRESENTATION_RELATIONSHIP_WITH_TRANSFORMATION ( #254 )SHAPE_REPRESENTATION_RELATIONSHIP( ) );
#859 = ORIENTED_EDGE ( 'NONE', *, *, #78, .F. ) ;
#860 = DIRECTION ( 'NONE',  ( 0.000000000000000000, 0.000000000000000000, 1.000000000000000000 ) ) ;
#861 = CARTESIAN_POINT ( 'NONE',  ( 14.00000000000000000, 7.599999999999999645, 0.000000000000000000 ) ) ;
#862 =( LENGTH_UNIT ( ) NAMED_UNIT ( * ) SI_UNIT ( .MILLI., .METRE. ) );
#863 = PLANE ( 'NONE',  #369 ) ;
#864 = ORIENTED_EDGE ( 'NONE', *, *, #1292, .T. ) ;
#865 = VERTEX_POINT ( 'NONE', #1073 ) ;
#866 = LINE ( 'NONE', #1184, #641 ) ;
#867 = EDGE_CURVE ( 'NONE', #414, #711, #1202, .T. ) ;
#868 = DIRECTION ( 'NONE',  ( 1.000000000000000078E-15, 1.000000000000000000, 0.000000000000000000 ) ) ;
#869 = DIRECTION ( 'NONE',  ( 1.000000000000000000, 0.000000000000000000, -6.761853492224720163E-18 ) ) ;
#870 = AXIS2_PLACEMENT_3D ( 'NONE', #93, #1387, #424 ) ;
#871 = CIRCLE ( 'NONE', #984, 0.2500000000000000000 ) ;
#872 = VECTOR ( 'NONE', #335, 1000.000000000000000 ) ;
#873 = LINE ( 'NONE', #209, #621 ) ;
#874 = CARTESIAN_POINT ( 'NONE',  ( 0.5000000000000000000, 6.850000000000000533, 10.30000000000000071 ) ) ;
#875 = FILL_AREA_STYLE_COLOUR ( '', #37 ) ;
#876 = ORIENTED_EDGE ( 'NONE', *, *, #1095, .T. ) ;
#877 = CARTESIAN_POINT ( 'NONE',  ( 13.25000000000000000, 0.7500000000000000000, 10.30000000000000071 ) ) ;
#878 = ITEM_DEFINED_TRANSFORMATION ( 'NONE', 'NONE', #268,  #626 ) ;
#879 = PRESENTATION_STYLE_ASSIGNMENT (( #639 ) ) ;
#880 = CARTESIAN_POINT ( 'NONE',  ( 0.000000000000000000, -4.599999999999999645, 0.6400000000000000133 ) ) ;
#881 = DIRECTION ( 'NONE',  ( 0.000000000000000000, 0.000000000000000000, 1.000000000000000000 ) ) ;
#882 = FACE_OUTER_BOUND ( 'NONE', #210, .T. ) ;
#883 = CIRCLE ( 'NONE', #266, 0.7500000000000006661 ) ;
#884 = VERTEX_POINT ( 'NONE', #396 ) ;
#885 =( GEOMETRIC_REPRESENTATION_CONTEXT ( 3 ) GLOBAL_UNCERTAINTY_ASSIGNED_CONTEXT ( ( #1043 ) ) GLOBAL_UNIT_ASSIGNED_CONTEXT ( ( #1344, #1332, #182 ) ) REPRESENTATION_CONTEXT ( 'NONE', 'WORKASPACE' ) );
#886 = CARTESIAN_POINT ( 'NONE',  ( 13.50000000000000000, 0.04289321881345250359, 10.80000000000000071 ) ) ;
#887 = CIRCLE ( 'NONE', #951, 0.2500000000000002220 ) ;
#888 = CARTESIAN_POINT ( 'NONE',  ( 13.25000000000000000, 7.100000000000000533, 10.30000000000000071 ) ) ;
#889 = ADVANCED_FACE ( 'NONE', ( #1272 ), #410, .F. ) ;
#890 = ORIENTED_EDGE ( 'NONE', *, *, #18, .T. ) ;
#891 = APPLICATION_CONTEXT ( 'automotive_design' ) ;
#892 = VERTEX_POINT ( 'NONE', #1255 ) ;
#893 = DIRECTION ( 'NONE',  ( 1.141265444721579813E-16, 1.000000000000000000, 0.000000000000000000 ) ) ;
#894 = CARTESIAN_POINT ( 'NONE',  ( 0.2500000000000000000, 0.2500000000000000000, 0.000000000000000000 ) ) ;
#895 = PRESENTATION_STYLE_ASSIGNMENT (( #593 ) ) ;
#896 = AXIS2_PLACEMENT_3D ( 'NONE', #613, #1045, #602 ) ;
#897 = ADVANCED_FACE ( 'NONE', ( #607 ), #618, .T. ) ;
#898 = ORIENTED_EDGE ( 'NONE', *, *, #287, .F. ) ;
#899 = VECTOR ( 'NONE', #520, 1000.000000000000000 ) ;
#900 = PRODUCT_CONTEXT ( 'NONE', #1140, 'mechanical' ) ;
#901 = CARTESIAN_POINT ( 'NONE',  ( 14.00000000000000000, 6.850000000000000533, 10.80000000000000071 ) ) ;
#902 = DIRECTION ( 'NONE',  ( 1.000000000000000000, 0.000000000000000000, 0.000000000000000000 ) ) ;
#903 = ORIENTED_EDGE ( 'NONE', *, *, #1250, .T. ) ;
#904 = ADVANCED_FACE ( 'NONE', ( #1057 ), #307, .T. ) ;
#905 = EDGE_CURVE ( 'NONE', #156, #225, #190, .T. ) ;
#906 = PRODUCT_CONTEXT ( 'NONE', #1185, 'mechanical' ) ;
#907 =( REPRESENTATION_RELATIONSHIP ('NONE','NONE', #462, #58 ) REPRESENTATION_RELATIONSHIP_WITH_TRANSFORMATION ( #878 )SHAPE_REPRESENTATION_RELATIONSHIP( ) );
#908 = DIRECTION ( 'NONE',  ( 0.000000000000000000, 0.000000000000000000, 1.000000000000000000 ) ) ;
#909 = DIRECTION ( 'NONE',  ( 0.000000000000000000, 1.000000000000000000, 0.000000000000000000 ) ) ;
#910 = ORIENTED_EDGE ( 'NONE', *, *, #684, .T. ) ;
#911 = CARTESIAN_POINT ( 'NONE',  ( -4.898587196589420471E-17, 6.599999999999999645, 0.000000000000000000 ) ) ;
#912 = LINE ( 'NONE', #361, #262 ) ;
#913 = CARTESIAN_POINT ( 'NONE',  ( 0.7500000000000000000, 7.100000000000000533, 0.5000000000000000000 ) ) ;
#914 = ORIENTED_EDGE ( 'NONE', *, *, #941, .T. ) ;
#915 = AXIS2_PLACEMENT_3D ( 'NONE', #343, #869, #1171 ) ;
#916 = PRODUCT_RELATED_PRODUCT_CATEGORY ( 'part', '', ( #668 ) ) ;
#917 = CARTESIAN_POINT ( 'NONE',  ( 13.50000000000000000, 0.7500000000000000000, 0.5000000000000000000 ) ) ;
#918 = VECTOR ( 'NONE', #1098, 1000.000000000000000 ) ;
#919 = ORIENTED_EDGE ( 'NONE', *, *, #1088, .T. ) ;
#920 = MANIFOLD_SOLID_BREP ( 'TSR 3-2412N.stp<1>', #171 ) ;
#921 = CIRCLE ( 'NONE', #92, 0.7500000000000000000 ) ;
#922 = AXIS2_PLACEMENT_3D ( 'NONE', #530, #603, #637 ) ;
#923 = CARTESIAN_POINT ( 'NONE',  ( 13.25000000000000000, 6.850000000000000533, 10.80000000000000071 ) ) ;
#924 = DIRECTION ( 'NONE',  ( -1.000000000000000000, 0.000000000000000000, 0.000000000000000000 ) ) ;
#925 = VECTOR ( 'NONE', #402, 1000.000000000000000 ) ;
#926 = ADVANCED_FACE ( 'NONE', ( #1148 ), #285, .F. ) ;
#927 = VERTEX_POINT ( 'NONE', #9 ) ;
#928 = CARTESIAN_POINT ( 'NONE',  ( 13.25000000000000000, 6.850000000000000533, 10.80000000000000071 ) ) ;
#929 = DIRECTION ( 'NONE',  ( 1.000000000000000000, -0.000000000000000000, 0.000000000000000000 ) ) ;
#930 = ORIENTED_EDGE ( 'NONE', *, *, #1163, .F. ) ;
#931 = DIRECTION ( 'NONE',  ( -1.000000000000000000, 0.000000000000000000, 0.000000000000000000 ) ) ;
#932 = EDGE_CURVE ( 'NONE', #555, #433, #1169, .T. ) ;
#933 = AXIS2_PLACEMENT_3D ( 'NONE', #1366, #99, #937 ) ;
#934 = DIRECTION ( 'NONE',  ( 6.445509469196589502E-18, -1.000000000000000000, 0.000000000000000000 ) ) ;
#935 = AXIS2_PLACEMENT_3D ( 'NONE', #894, #427, #39 ) ;
#936 = CARTESIAN_POINT ( 'NONE',  ( 13.50000000000000000, 0.000000000000000000, 0.5000000000000000000 ) ) ;
#937 = DIRECTION ( 'NONE',  ( 1.000000000000000000, 0.000000000000000000, 0.000000000000000000 ) ) ;
#938 = EDGE_LOOP ( 'NONE', ( #1133, #562, #533, #118, #542, #206 ) ) ;
#939 =( LENGTH_UNIT ( ) NAMED_UNIT ( * ) SI_UNIT ( .MILLI., .METRE. ) );
#940 = VECTOR ( 'NONE', #893, 1000.000000000000000 ) ;
#941 = EDGE_CURVE ( 'NONE', #1182, #79, #205, .T. ) ;
#942 = PLANE ( 'NONE',  #612 ) ;
#943 = PLANE ( 'NONE',  #783 ) ;
#944 = CARTESIAN_POINT ( 'NONE',  ( 14.00000000000000000, 7.100000000000000533, 10.30000000000000071 ) ) ;
#945 = CARTESIAN_POINT ( 'NONE',  ( 12.75000000000000000, 0.000000000000000000, 0.5000000000000000000 ) ) ;
#946 = PRESENTATION_LAYER_ASSIGNMENT (  '', '', ( #1121 ) ) ;
#947 = ORIENTED_EDGE ( 'NONE', *, *, #356, .F. ) ;
#948 = DIRECTION ( 'NONE',  ( 4.565061778886339960E-16, -1.000000000000000000, 0.000000000000000000 ) ) ;
#949 = ORIENTED_EDGE ( 'NONE', *, *, #768, .T. ) ;
#950 = CYLINDRICAL_SURFACE ( 'NONE', #1224, 0.7500000000000000000 ) ;
#951 = AXIS2_PLACEMENT_3D ( 'NONE', #1216, #250, #1191 ) ;
#952 = EDGE_CURVE ( 'NONE', #313, #1047, #628, .T. ) ;
#953 = DIRECTION ( 'NONE',  ( 0.000000000000000000, 0.000000000000000000, -1.000000000000000000 ) ) ;
#954 = CARTESIAN_POINT ( 'NONE',  ( 0.5000000000000000000, 0.04289321881345219828, 10.30000000000000071 ) ) ;
#955 = ORIENTED_EDGE ( 'NONE', *, *, #1031, .F. ) ;
#956 =( REPRESENTATION_RELATIONSHIP ('NONE','NONE', #462, #58 ) REPRESENTATION_RELATIONSHIP_WITH_TRANSFORMATION ( #1221 )SHAPE_REPRESENTATION_RELATIONSHIP( ) );
#957 = LINE ( 'NONE', #1, #872 ) ;
#958 = DIRECTION ( 'NONE',  ( 0.000000000000000000, 0.000000000000000000, 1.000000000000000000 ) ) ;
#959 = AXIS2_PLACEMENT_3D ( 'NONE', #312, #741, #1046 ) ;
#960 = VECTOR ( 'NONE', #972, 1000.000000000000000 ) ;
#961 = CARTESIAN_POINT ( 'NONE',  ( 13.00000000000000000, 6.599999999999999645, 0.000000000000000000 ) ) ;
#962 = LINE ( 'NONE', #491, #1134 ) ;
#963 = PRODUCT ( 'CASE-00.stp', 'CASE-00.stp', '', ( #349 ) ) ;
#964 = ORIENTED_EDGE ( 'NONE', *, *, #1146, .T. ) ;
#965 = DIRECTION ( 'NONE',  ( 1.000000000000000000, 0.000000000000000000, 0.000000000000000000 ) ) ;
#966 = DIRECTION ( 'NONE',  ( -6.445509469196589502E-18, 1.000000000000000000, 0.000000000000000000 ) ) ;
#967 = CARTESIAN_POINT ( 'NONE',  ( 0.5000000000000000000, 0.7500000000000000000, 10.30000000000000071 ) ) ;
#968 = ORIENTED_EDGE ( 'NONE', *, *, #585, .F. ) ;
#969 = LINE ( 'NONE', #16, #557 ) ;
#970 =( GEOMETRIC_REPRESENTATION_CONTEXT ( 3 ) GLOBAL_UNCERTAINTY_ASSIGNED_CONTEXT ( ( #507 ) ) GLOBAL_UNIT_ASSIGNED_CONTEXT ( ( #569, #252, #691 ) ) REPRESENTATION_CONTEXT ( 'NONE', 'WORKASPACE' ) );
#971 = EDGE_CURVE ( 'NONE', #253, #362, #1360, .T. ) ;
#972 = DIRECTION ( 'NONE',  ( 0.000000000000000000, 0.000000000000000000, -1.000000000000000000 ) ) ;
#973 = DIRECTION ( 'NONE',  ( 1.000000000000000000, -1.000000000000000078E-15, 1.000000000000000078E-15 ) ) ;
#974 = SURFACE_SIDE_STYLE ('',( #982 ) ) ;
#975 = VERTEX_POINT ( 'NONE', #377 ) ;
#976 = CARTESIAN_POINT ( 'NONE',  ( 13.50000000000000000, 7.557106781186550215, 10.80000000000000071 ) ) ;
#977 = ORIENTED_EDGE ( 'NONE', *, *, #585, .T. ) ;
#978 = EDGE_CURVE ( 'NONE', #144, #85, #1226, .T. ) ;
#979 = PLANE ( 'NONE',  #478 ) ;
#980 = PRODUCT_DEFINITION_CONTEXT ( 'detailed design', #1024, 'design' ) ;
#981 = DIRECTION ( 'NONE',  ( 1.000000000000000000, 0.000000000000000000, 0.000000000000000000 ) ) ;
#982 = SURFACE_STYLE_FILL_AREA ( #666 ) ;
#983 = VECTOR ( 'NONE', #811, 1000.000000000000000 ) ;
#984 = AXIS2_PLACEMENT_3D ( 'NONE', #816, #72, #1230 ) ;
#985 = ORIENTED_EDGE ( 'NONE', *, *, #1018, .F. ) ;
#986 = CARTESIAN_POINT ( 'NONE',  ( 0.000000000000000000, 0.000000000000000000, 0.5000000000000000000 ) ) ;
#987 = VECTOR ( 'NONE', #136, 1000.000000000000000 ) ;
#988 = ORIENTED_EDGE ( 'NONE', *, *, #1049, .T. ) ;
#989 = CONTEXT_DEPENDENT_SHAPE_REPRESENTATION ( #907, #1069 ) ;
#990 = EDGE_CURVE ( 'NONE', #754, #1357, #272, .T. ) ;
#991 = CARTESIAN_POINT ( 'NONE',  ( 0.6400000000000000133, -4.599999999999999645, 0.000000000000000000 ) ) ;
#992 = DIRECTION ( 'NONE',  ( 0.000000000000000000, 0.000000000000000000, 1.000000000000000000 ) ) ;
#993 = ORIENTED_EDGE ( 'NONE', *, *, #524, .F. ) ;
#994 = ORIENTED_EDGE ( 'NONE', *, *, #114, .T. ) ;
#995 = PRESENTATION_LAYER_ASSIGNMENT (  '', '', ( #1285 ) ) ;
#996 = DIRECTION ( 'NONE',  ( -1.000000000000000000, -1.334402673828309888E-16, 0.000000000000000000 ) ) ;
#997 = AXIS2_PLACEMENT_3D ( 'NONE', #117, #1266, #744 ) ;
#998 = APPLICATION_PROTOCOL_DEFINITION ( 'draft international standard', 'automotive_design', 1998, #1185 ) ;
#999 = EDGE_CURVE ( 'NONE', #510, #608, #707, .T. ) ;
#1000 = CYLINDRICAL_SURFACE ( 'NONE', #309, 0.2500000000000000000 ) ;
#1001 = ORIENTED_EDGE ( 'NONE', *, *, #7, .T. ) ;
#1002 = SURFACE_SIDE_STYLE ('',( #1317 ) ) ;
#1003 = ORIENTED_EDGE ( 'NONE', *, *, #775, .F. ) ;
#1004 = DIRECTION ( 'NONE',  ( 0.000000000000000000, 0.000000000000000000, 1.000000000000000000 ) ) ;
#1005 = VECTOR ( 'NONE', #1053, 1000.000000000000000 ) ;
#1006 = ORIENTED_EDGE ( 'NONE', *, *, #180, .F. ) ;
#1007 = DIRECTION ( 'NONE',  ( -1.000000000000000000, -1.239088197126289831E-16, 0.000000000000000000 ) ) ;
#1008 = AXIS2_PLACEMENT_3D ( 'NONE', #417, #1263, #718 ) ;
#1009 = ORIENTED_EDGE ( 'NONE', *, *, #829, .T. ) ;
#1010 = CARTESIAN_POINT ( 'NONE',  ( 0.000000000000000000, 0.000000000000000000, 0.5000000000000000000 ) ) ;
#1011 = EDGE_LOOP ( 'NONE', ( #124, #160, #517, #802 ) ) ;
#1012 = ADVANCED_FACE ( 'NONE', ( #594 ), #148, .T. ) ;
#1013 = DIRECTION ( 'NONE',  ( 1.000000000000000000, 0.000000000000000000, 0.000000000000000000 ) ) ;
#1014 = CARTESIAN_POINT ( 'NONE',  ( 0.000000000000000000, 0.000000000000000000, 10.80000000000000071 ) ) ;
#1015 = DIRECTION ( 'NONE',  ( 0.000000000000000000, 0.000000000000000000, 1.000000000000000000 ) ) ;
#1016 = AXIS2_PLACEMENT_3D ( 'NONE', #1116, #1004, #1342 ) ;
#1017 = ORIENTED_EDGE ( 'NONE', *, *, #798, .F. ) ;
#1018 = EDGE_CURVE ( 'NONE', #246, #85, #1232, .T. ) ;
#1019 = CARTESIAN_POINT ( 'NONE',  ( 0.7500000000000000000, 0.7500000000000000000, 10.80000000000000071 ) ) ;
#1020 = CARTESIAN_POINT ( 'NONE',  ( -4.713034651264060152E-17, 6.349999999999999645, 0.5000000000000000000 ) ) ;
#1021 = ORIENTED_EDGE ( 'NONE', *, *, #123, .T. ) ;
#1022 = AXIS2_PLACEMENT_3D ( 'NONE', #738, #529, #748 ) ;
#1023 = VECTOR ( 'NONE', #96, 1000.000000000000000 ) ;
#1024 = APPLICATION_CONTEXT ( 'automotive_design' ) ;
#1025 = EDGE_CURVE ( 'NONE', #608, #156, #157, .T. ) ;
#1026 = CARTESIAN_POINT ( 'NONE',  ( 0.6400000000000000133, 0.000000000000000000, 0.000000000000000000 ) ) ;
#1027 = DIRECTION ( 'NONE',  ( 0.000000000000000000, 0.000000000000000000, 1.000000000000000000 ) ) ;
#1028 =( NAMED_UNIT ( * ) SI_UNIT ( $, .STERADIAN. ) SOLID_ANGLE_UNIT ( ) );
#1029 = ORIENTED_EDGE ( 'NONE', *, *, #274, .T. ) ;
#1030 = STYLED_ITEM ( 'NONE', ( #1183 ), #1388 ) ;
#1031 = EDGE_CURVE ( 'NONE', #100, #73, #464, .T. ) ;
#1032 = LINE ( 'NONE', #400, #1245 ) ;
#1033 =( LENGTH_UNIT ( ) NAMED_UNIT ( * ) SI_UNIT ( .MILLI., .METRE. ) );
#1034 = FACE_OUTER_BOUND ( 'NONE', #1338, .T. ) ;
#1035 = ORIENTED_EDGE ( 'NONE', *, *, #1322, .F. ) ;
#1036 = VERTEX_POINT ( 'NONE', #1080 ) ;
#1037 = DIRECTION ( 'NONE',  ( 0.000000000000000000, 0.000000000000000000, -1.000000000000000000 ) ) ;
#1038 = PLANE ( 'NONE',  #959 ) ;
#1039 = ORIENTED_EDGE ( 'NONE', *, *, #514, .F. ) ;
#1040 = SURFACE_SIDE_STYLE ('',( #625 ) ) ;
#1041 = ORIENTED_EDGE ( 'NONE', *, *, #1215, .T. ) ;
#1042 = DIRECTION ( 'NONE',  ( 0.000000000000000000, 0.000000000000000000, 1.000000000000000000 ) ) ;
#1043 = UNCERTAINTY_MEASURE_WITH_UNIT (LENGTH_MEASURE( 1.000000000000000082E-05 ), #1344, 'distance_accuracy_value', 'NONE');
#1044 = VECTOR ( 'NONE', #669, 1000.000000000000000 ) ;
#1045 = DIRECTION ( 'NONE',  ( 0.000000000000000000, 0.000000000000000000, 1.000000000000000000 ) ) ;
#1046 = DIRECTION ( 'NONE',  ( 1.000000000000000000, 0.000000000000000000, 0.000000000000000000 ) ) ;
#1047 = VERTEX_POINT ( 'NONE', #1085 ) ;
#1048 = DIRECTION ( 'NONE',  ( 0.000000000000000000, -1.000000000000000000, 0.000000000000000000 ) ) ;
#1049 = EDGE_CURVE ( 'NONE', #555, #1036, #1377, .T. ) ;
#1050 = DIRECTION ( 'NONE',  ( 1.000000000000000000, 0.000000000000000000, 0.000000000000000000 ) ) ;
#1051 = CIRCLE ( 'NONE', #1016, 0.2500000000000002220 ) ;
#1052 =( GEOMETRIC_REPRESENTATION_CONTEXT ( 3 ) GLOBAL_UNCERTAINTY_ASSIGNED_CONTEXT ( ( #1276 ) ) GLOBAL_UNIT_ASSIGNED_CONTEXT ( ( #862, #383, #486 ) ) REPRESENTATION_CONTEXT ( 'NONE', 'WORKASPACE' ) );
#1053 = DIRECTION ( 'NONE',  ( 0.000000000000000000, 0.000000000000000000, -1.000000000000000000 ) ) ;
#1054 = CYLINDRICAL_SURFACE ( 'NONE', #256, 0.2500000000000002220 ) ;
#1055 = ORIENTED_EDGE ( 'NONE', *, *, #1370, .T. ) ;
#1056 = AXIS2_PLACEMENT_3D ( 'NONE', #645, #1126, #1219 ) ;
#1057 = FACE_OUTER_BOUND ( 'NONE', #643, .T. ) ;
#1058 = EDGE_LOOP ( 'NONE', ( #141, #308, #702, #1003 ) ) ;
#1059 = CARTESIAN_POINT ( 'NONE',  ( -4.415173986399660311E-17, 6.850000000000000533, 10.80000000000000071 ) ) ;
#1060 = DIRECTION ( 'NONE',  ( 1.239088197126289831E-16, -1.000000000000000000, 0.000000000000000000 ) ) ;
#1061 = ORIENTED_EDGE ( 'NONE', *, *, #1258, .T. ) ;
#1062 = DIRECTION ( 'NONE',  ( 0.000000000000000000, 0.000000000000000000, 1.000000000000000000 ) ) ;
#1063 = DIRECTION ( 'NONE',  ( 0.000000000000000000, 0.000000000000000000, 1.000000000000000000 ) ) ;
#1064 = LINE ( 'NONE', #186, #408 ) ;
#1065 = DIRECTION ( 'NONE',  ( 1.000000000000000000, 0.000000000000000000, 1.000000000000000078E-15 ) ) ;
#1066 = VECTOR ( 'NONE', #106, 1000.000000000000000 ) ;
#1067 = AXIS2_PLACEMENT_3D ( 'NONE', #1154, #849, #314 ) ;
#1068 = EDGE_CURVE ( 'NONE', #79, #519, #739, .T. ) ;
#1069 = PRODUCT_DEFINITION_SHAPE ( 'NONE', 'NONE',  #1394 ) ;
#1070 = CARTESIAN_POINT ( 'NONE',  ( 0.7500000000000000000, 6.850000000000000533, 10.30000000000000071 ) ) ;
#1071 = ORIENTED_EDGE ( 'NONE', *, *, #390, .F. ) ;
#1072 = FACE_OUTER_BOUND ( 'NONE', #571, .T. ) ;
#1073 = CARTESIAN_POINT ( 'NONE',  ( 0.5000000000000000000, 6.850000000000000533, 10.30000000000000071 ) ) ;
#1074 = VERTEX_POINT ( 'NONE', #781 ) ;
#1075 = CARTESIAN_POINT ( 'NONE',  ( 14.00000000000000000, 6.850000000000000533, 0.000000000000000000 ) ) ;
#1076 = CARTESIAN_POINT ( 'NONE',  ( 0.5000000000000000000, 0.7500000000000000000, 0.5000000000000000000 ) ) ;
#1077 = PRODUCT_DEFINITION_CONTEXT ( 'detailed design', #86, 'design' ) ;
#1078 =( NAMED_UNIT ( * ) SI_UNIT ( $, .STERADIAN. ) SOLID_ANGLE_UNIT ( ) );
#1079 = EDGE_CURVE ( 'NONE', #975, #550, #352, .T. ) ;
#1080 = CARTESIAN_POINT ( 'NONE',  ( 13.25000000000000000, 0.5000000000000000000, 10.30000000000000071 ) ) ;
#1081 = DIRECTION ( 'NONE',  ( 1.000000000000000000, 0.000000000000000000, 0.000000000000000000 ) ) ;
#1082 = LINE ( 'NONE', #122, #1257 ) ;
#1083 = ORIENTED_EDGE ( 'NONE', *, *, #703, .F. ) ;
#1084 = LINE ( 'NONE', #227, #300 ) ;
#1085 = CARTESIAN_POINT ( 'NONE',  ( 13.25000000000000000, 0.000000000000000000, 0.000000000000000000 ) ) ;
#1086 = DIRECTION ( 'NONE',  ( 1.000000000000000000, 0.000000000000000000, 0.000000000000000000 ) ) ;
#1087 = CARTESIAN_POINT ( 'NONE',  ( 0.7500000000000000000, 0.000000000000000000, 10.30000000000000071 ) ) ;
#1088 = EDGE_CURVE ( 'NONE', #115, #555, #561, .T. ) ;
#1089 = ORIENTED_EDGE ( 'NONE', *, *, #1199, .T. ) ;
#1090 = DIRECTION ( 'NONE',  ( 0.000000000000000000, 0.000000000000000000, -1.000000000000000000 ) ) ;
#1091 = VECTOR ( 'NONE', #208, 1000.000000000000000 ) ;
#1092 = DIRECTION ( 'NONE',  ( 0.000000000000000000, 0.000000000000000000, -1.000000000000000000 ) ) ;
#1093 = CARTESIAN_POINT ( 'NONE',  ( 0.5000000000000000000, 0.000000000000000000, 10.30000000000000071 ) ) ;
#1094 = ORIENTED_EDGE ( 'NONE', *, *, #952, .T. ) ;
#1095 = EDGE_CURVE ( 'NONE', #865, #1182, #1196, .T. ) ;
#1096 =( NAMED_UNIT ( * ) PLANE_ANGLE_UNIT ( ) SI_UNIT ( $, .RADIAN. ) );
#1097 = CARTESIAN_POINT ( 'NONE',  ( 0.5000000000000000000, 0.04289321881345230236, 10.80000000000000071 ) ) ;
#1098 = DIRECTION ( 'NONE',  ( 1.000000000000000000, 0.000000000000000000, 0.000000000000000000 ) ) ;
#1099 = DIRECTION ( 'NONE',  ( 0.000000000000000000, 0.000000000000000000, -1.000000000000000000 ) ) ;
#1100 = DIRECTION ( 'NONE',  ( 1.334402673828309888E-16, -1.000000000000000000, 0.000000000000000000 ) ) ;
#1101 = ORIENTED_EDGE ( 'NONE', *, *, #999, .F. ) ;
#1102 = AXIS2_PLACEMENT_3D ( 'NONE', #1137, #490, #929 ) ;
#1103 = CARTESIAN_POINT ( 'NONE',  ( 0.000000000000000000, 0.000000000000000000, 0.000000000000000000 ) ) ;
#1104 = EDGE_CURVE ( 'NONE', #433, #471, #873, .T. ) ;
#1105 = CARTESIAN_POINT ( 'NONE',  ( 12.75000000000000000, 0.000000000000000000, 0.5000000000000000000 ) ) ;
#1106 = CARTESIAN_POINT ( 'NONE',  ( 0.000000000000000000, 0.000000000000000000, 0.000000000000000000 ) ) ;
#1107 =( NAMED_UNIT ( * ) PLANE_ANGLE_UNIT ( ) SI_UNIT ( $, .RADIAN. ) );
#1108 = ORIENTED_EDGE ( 'NONE', *, *, #1079, .F. ) ;
#1109 = VERTEX_POINT ( 'NONE', #432 ) ;
#1110 = APPLICATION_PROTOCOL_DEFINITION ( 'draft international standard', 'automotive_design', 1998, #350 ) ;
#1111 =( GEOMETRIC_REPRESENTATION_CONTEXT ( 3 ) GLOBAL_UNCERTAINTY_ASSIGNED_CONTEXT ( ( #342 ) ) GLOBAL_UNIT_ASSIGNED_CONTEXT ( ( #21, #447, #1078 ) ) REPRESENTATION_CONTEXT ( 'NONE', 'WORKASPACE' ) );
#1112 = CARTESIAN_POINT ( 'NONE',  ( -4.415173986399660311E-17, 6.850000000000000533, 0.000000000000000000 ) ) ;
#1113 = SURFACE_STYLE_USAGE ( .BOTH. , #1131 ) ;
#1114 = VERTEX_POINT ( 'NONE', #38 ) ;
#1115 = CIRCLE ( 'NONE', #1310, 0.7500000000000000000 ) ;
#1116 = CARTESIAN_POINT ( 'NONE',  ( 13.25000000000000000, 0.7500000000000000000, 0.5000000000000000000 ) ) ;
#1117 = CARTESIAN_POINT ( 'NONE',  ( 0.6400000000000000133, 0.000000000000000000, 0.6400000000000000133 ) ) ;
#1118 = DIRECTION ( 'NONE',  ( 1.000000000000000000, 0.000000000000000000, 0.000000000000000000 ) ) ;
#1119 = EDGE_CURVE ( 'NONE', #204, #1109, #1115, .T. ) ;
#1120 = ORIENTED_EDGE ( 'NONE', *, *, #798, .T. ) ;
#1121 = STYLED_ITEM ( 'NONE', ( #658 ), #1277 ) ;
#1122 = MECHANICAL_DESIGN_GEOMETRIC_PRESENTATION_REPRESENTATION (  '', ( #1121 ), #140 ) ;
#1123 = ORIENTED_EDGE ( 'NONE', *, *, #1146, .F. ) ;
#1124 = DIRECTION ( 'NONE',  ( 0.000000000000000000, 0.000000000000000000, -1.000000000000000000 ) ) ;
#1125 =( LENGTH_UNIT ( ) NAMED_UNIT ( * ) SI_UNIT ( .MILLI., .METRE. ) );
#1126 = DIRECTION ( 'NONE',  ( 0.000000000000000000, 0.000000000000000000, -1.000000000000000000 ) ) ;
#1127 = VECTOR ( 'NONE', #482, 1000.000000000000000 ) ;
#1128 = ORIENTED_EDGE ( 'NONE', *, *, #1322, .T. ) ;
#1129 = DIRECTION ( 'NONE',  ( 1.000000000000000000, 0.000000000000000000, 0.000000000000000000 ) ) ;
#1130 = CYLINDRICAL_SURFACE ( 'NONE', #351, 0.7500000000000006661 ) ;
#1131 = SURFACE_SIDE_STYLE ('',( #354 ) ) ;
#1132 = CARTESIAN_POINT ( 'NONE',  ( 13.50000000000000000, 0.000000000000000000, 10.30000000000000071 ) ) ;
#1133 = ORIENTED_EDGE ( 'NONE', *, *, #791, .F. ) ;
#1134 = VECTOR ( 'NONE', #509, 1000.000000000000000 ) ;
#1135 = EDGE_CURVE ( 'NONE', #246, #1383, #218, .T. ) ;
#1136 = CARTESIAN_POINT ( 'NONE',  ( 0.5000000000000000000, 7.599999999999999645, 0.5000000000000000000 ) ) ;
#1137 = CARTESIAN_POINT ( 'NONE',  ( -6.999999999999999112, 10.80000000000000071, -3.800000000000000711 ) ) ;
#1138 = FACE_OUTER_BOUND ( 'NONE', #1227, .T. ) ;
#1139 = ORIENTED_EDGE ( 'NONE', *, *, #999, .T. ) ;
#1140 = APPLICATION_CONTEXT ( 'automotive_design' ) ;
#1141 = VERTEX_POINT ( 'NONE', #1188 ) ;
#1142 = COLOUR_RGB ( '',0.8705882352941176627, 0.6313725490196078205, 0.1725490196078431349 ) ;
#1143 = PRODUCT_DEFINITION ( 'UNKNOWN', '', #746, #94 ) ;
#1144 = PLANE ( 'NONE',  #760 ) ;
#1145 = PLANE ( 'NONE',  #323 ) ;
#1146 = EDGE_CURVE ( 'NONE', #711, #1114, #642, .T. ) ;
#1147 = ORIENTED_EDGE ( 'NONE', *, *, #1222, .T. ) ;
#1148 = FACE_OUTER_BOUND ( 'NONE', #720, .T. ) ;
#1149 = CARTESIAN_POINT ( 'NONE',  ( 13.50000000000000000, 6.850000000000000533, 10.30000000000000071 ) ) ;
#1150 = DIRECTION ( 'NONE',  ( -1.000000000000000000, 0.000000000000000000, 0.000000000000000000 ) ) ;
#1151 = SURFACE_STYLE_USAGE ( .BOTH. , #832 ) ;
#1152 = EDGE_CURVE ( 'NONE', #219, #395, #128, .T. ) ;
#1153 = ORIENTED_EDGE ( 'NONE', *, *, #1314, .F. ) ;
#1154 = CARTESIAN_POINT ( 'NONE',  ( 0.000000000000000000, 0.000000000000000000, 0.000000000000000000 ) ) ;
#1155 = VECTOR ( 'NONE', #545, 1000.000000000000000 ) ;
#1156 = VECTOR ( 'NONE', #598, 1000.000000000000000 ) ;
#1157 = CARTESIAN_POINT ( 'NONE',  ( -4.713034651264060152E-17, 6.349999999999999645, 0.000000000000000000 ) ) ;
#1158 = PRODUCT_DEFINITION_SHAPE ( 'NONE', 'NONE',  #1391 ) ;
#1159 = LINE ( 'NONE', #193, #1005 ) ;
#1160 = DIRECTION ( 'NONE',  ( 0.000000000000000000, 0.000000000000000000, -1.000000000000000000 ) ) ;
#1161 = EDGE_LOOP ( 'NONE', ( #635, #819, #682, #839, #488, #341, #1190, #1094 ) ) ;
#1162 = FILL_AREA_STYLE_COLOUR ( '', #512 ) ;
#1163 = EDGE_CURVE ( 'NONE', #892, #1182, #921, .T. ) ;
#1164 = LINE ( 'NONE', #403, #322 ) ;
#1165 = FACE_OUTER_BOUND ( 'NONE', #121, .T. ) ;
#1166 =( REPRESENTATION_RELATIONSHIP ('NONE','NONE', #462, #425 ) REPRESENTATION_RELATIONSHIP_WITH_TRANSFORMATION ( #363 )SHAPE_REPRESENTATION_RELATIONSHIP( ) );
#1167 = ORIENTED_EDGE ( 'NONE', *, *, #1068, .T. ) ;
#1168 = MECHANICAL_DESIGN_GEOMETRIC_PRESENTATION_REPRESENTATION (  '', ( #1318 ), #1235 ) ;
#1169 = LINE ( 'NONE', #185, #381 ) ;
#1170 = ORIENTED_EDGE ( 'NONE', *, *, #941, .F. ) ;
#1171 = DIRECTION ( 'NONE',  ( -6.761853492224720163E-18, 0.000000000000000000, -1.000000000000000000 ) ) ;
#1172 = LINE ( 'NONE', #734, #640 ) ;
#1173 = CARTESIAN_POINT ( 'NONE',  ( 0.000000000000000000, -4.599999999999999645, 0.000000000000000000 ) ) ;
#1174 = ORIENTED_EDGE ( 'NONE', *, *, #932, .F. ) ;
#1175 = DIRECTION ( 'NONE',  ( -0.000000000000000000, 1.000000000000000000, 0.000000000000000000 ) ) ;
#1176 = DIRECTION ( 'NONE',  ( 0.000000000000000000, 0.000000000000000000, -1.000000000000000000 ) ) ;
#1177 = VERTEX_POINT ( 'NONE', #880 ) ;
#1178 = LINE ( 'NONE', #1193, #133 ) ;
#1179 = CARTESIAN_POINT ( 'NONE',  ( 0.7500000000000000000, 6.850000000000000533, 10.80000000000000071 ) ) ;
#1180 = VECTOR ( 'NONE', #552, 1000.000000000000000 ) ;
#1181 = FILL_AREA_STYLE_COLOUR ( '', #459 ) ;
#1182 = VERTEX_POINT ( 'NONE', #344 ) ;
#1183 = PRESENTATION_STYLE_ASSIGNMENT (( #333 ) ) ;
#1184 = CARTESIAN_POINT ( 'NONE',  ( 0.5000000000000000000, 7.599999999999999645, 10.30000000000000071 ) ) ;
#1185 = APPLICATION_CONTEXT ( 'automotive_design' ) ;
#1186 = PRODUCT_DEFINITION ( 'UNKNOWN', '', #1209, #1077 ) ;
#1187 = CARTESIAN_POINT ( 'NONE',  ( 0.7500000000000000000, 0.7500000000000000000, 0.5000000000000000000 ) ) ;
#1188 = CARTESIAN_POINT ( 'NONE',  ( 13.25000000000000000, 7.599999999999999645, 10.30000000000000071 ) ) ;
#1189 = ADVANCED_FACE ( 'NONE', ( #1203 ), #1000, .F. ) ;
#1190 = ORIENTED_EDGE ( 'NONE', *, *, #123, .F. ) ;
#1191 = DIRECTION ( 'NONE',  ( -1.000000000000000000, 0.000000000000000000, 0.000000000000000000 ) ) ;
#1192 = ORIENTED_EDGE ( 'NONE', *, *, #799, .T. ) ;
#1193 = CARTESIAN_POINT ( 'NONE',  ( -4.834132101897439815E-18, 0.7500000000000000000, 10.80000000000000071 ) ) ;
#1194 = VECTOR ( 'NONE', #211, 1000.000000000000000 ) ;
#1195 = LINE ( 'NONE', #991, #50 ) ;
#1196 = LINE ( 'NONE', #553, #940 ) ;
#1197 = CARTESIAN_POINT ( 'NONE',  ( 13.25000000000000000, 0.000000000000000000, 10.80000000000000071 ) ) ;
#1198 =( NAMED_UNIT ( * ) SI_UNIT ( $, .STERADIAN. ) SOLID_ANGLE_UNIT ( ) );
#1199 = EDGE_CURVE ( 'NONE', #1357, #204, #63, .T. ) ;
#1200 = ORIENTED_EDGE ( 'NONE', *, *, #990, .T. ) ;
#1201 = CIRCLE ( 'NONE', #670, 0.7500000000000006661 ) ;
#1202 = CIRCLE ( 'NONE', #279, 0.2500000000000000000 ) ;
#1203 = FACE_OUTER_BOUND ( 'NONE', #1385, .T. ) ;
#1204 = CARTESIAN_POINT ( 'NONE',  ( 0.000000000000000000, 0.000000000000000000, 0.000000000000000000 ) ) ;
#1205 =( NAMED_UNIT ( * ) PLANE_ANGLE_UNIT ( ) SI_UNIT ( $, .RADIAN. ) );
#1206 = ORIENTED_EDGE ( 'NONE', *, *, #155, .F. ) ;
#1207 = APPLICATION_PROTOCOL_DEFINITION ( 'draft international standard', 'automotive_design', 1998, #86 ) ;
#1208 = AXIS2_PLACEMENT_3D ( 'NONE', #54, #577, #902 ) ;
#1209 = PRODUCT_DEFINITION_FORMATION_WITH_SPECIFIED_SOURCE ( 'ANY', '', #963, .NOT_KNOWN. ) ;
#1210 = DIRECTION ( 'NONE',  ( 1.000000000000000000, 0.000000000000000000, 0.000000000000000000 ) ) ;
#1211 = EDGE_LOOP ( 'NONE', ( #1346, #1139, #1061, #375 ) ) ;
#1212 = FILL_AREA_STYLE_COLOUR ( '', #1315 ) ;
#1213 = ORIENTED_EDGE ( 'NONE', *, *, #829, .F. ) ;
#1214 = PRODUCT ( 'TSR 3-2412N.stp', 'TSR 3-2412N.stp', '', ( #460 ) ) ;
#1215 = EDGE_CURVE ( 'NONE', #606, #680, #146, .T. ) ;
#1216 = CARTESIAN_POINT ( 'NONE',  ( 13.25000000000000000, 6.850000000000000533, 10.30000000000000071 ) ) ;
#1217 = DIRECTION ( 'NONE',  ( 1.000000000000000000, 0.000000000000000000, 0.000000000000000000 ) ) ;
#1218 = SHAPE_REPRESENTATION_RELATIONSHIP ( 'NONE' , 'NONE' ,  #568, #178 ) ;
#1219 = DIRECTION ( 'NONE',  ( 1.000000000000000000, 0.000000000000000000, 0.000000000000000000 ) ) ;
#1220 = ORIENTED_EDGE ( 'NONE', *, *, #217, .F. ) ;
#1221 = ITEM_DEFINED_TRANSFORMATION ( 'NONE', 'NONE', #792,  #626 ) ;
#1222 = EDGE_CURVE ( 'NONE', #204, #1047, #1349, .T. ) ;
#1223 = FACE_OUTER_BOUND ( 'NONE', #1324, .T. ) ;
#1224 = AXIS2_PLACEMENT_3D ( 'NONE', #1179, #610, #619 ) ;
#1225 = CARTESIAN_POINT ( 'NONE',  ( 0.7500000000000000000, 0.5000000000000000000, 0.5000000000000000000 ) ) ;
#1226 = LINE ( 'NONE', #913, #449 ) ;
#1227 = EDGE_LOOP ( 'NONE', ( #284, #80, #131, #1017 ) ) ;
#1228 = VECTOR ( 'NONE', #224, 1000.000000000000000 ) ;
#1229 = EDGE_CURVE ( 'NONE', #241, #1306, #883, .T. ) ;
#1230 = DIRECTION ( 'NONE',  ( -1.000000000000000000, 0.000000000000000000, 0.000000000000000000 ) ) ;
#1231 = FILL_AREA_STYLE_COLOUR ( '', #1358 ) ;
#1232 = LINE ( 'NONE', #570, #337 ) ;
#1233 = EDGE_LOOP ( 'NONE', ( #695, #231, #25, #45, #1325, #1326, #368, #910 ) ) ;
#1234 = VECTOR ( 'NONE', #1129, 1000.000000000000000 ) ;
#1235 =( GEOMETRIC_REPRESENTATION_CONTEXT ( 3 ) GLOBAL_UNCERTAINTY_ASSIGNED_CONTEXT ( ( #672 ) ) GLOBAL_UNIT_ASSIGNED_CONTEXT ( ( #939, #101, #518 ) ) REPRESENTATION_CONTEXT ( 'NONE', 'WORKASPACE' ) );
#1236 = CARTESIAN_POINT ( 'NONE',  ( 13.50000000000000000, 6.850000000000000533, 0.5000000000000000000 ) ) ;
#1237 =( NAMED_UNIT ( * ) SI_UNIT ( $, .STERADIAN. ) SOLID_ANGLE_UNIT ( ) );
#1238 = VECTOR ( 'NONE', #566, 1000.000000000000000 ) ;
#1239 = ORIENTED_EDGE ( 'NONE', *, *, #318, .T. ) ;
#1240 = APPLICATION_CONTEXT ( 'automotive_design' ) ;
#1241 = EDGE_CURVE ( 'NONE', #465, #115, #1051, .T. ) ;
#1242 = ORIENTED_EDGE ( 'NONE', *, *, #1314, .T. ) ;
#1243 = DIRECTION ( 'NONE',  ( 0.000000000000000000, 0.000000000000000000, -1.000000000000000000 ) ) ;
#1244 = SHAPE_REPRESENTATION_RELATIONSHIP ( 'NONE' , 'NONE' ,  #58, #1277 ) ;
#1245 = VECTOR ( 'NONE', #996, 1000.000000000000000 ) ;
#1246 = ORIENTED_EDGE ( 'NONE', *, *, #813, .F. ) ;
#1247 = VECTOR ( 'NONE', #406, 1000.000000000000000 ) ;
#1248 = ADVANCED_FACE ( 'NONE', ( #1223 ), #257, .T. ) ;
#1249 = CIRCLE ( 'NONE', #1371, 0.7500000000000000000 ) ;
#1250 = EDGE_CURVE ( 'NONE', #1306, #275, #810, .T. ) ;
#1251 = LINE ( 'NONE', #944, #1091 ) ;
#1252 = DIRECTION ( 'NONE',  ( 2.000000000000000155E-15, 1.000000000000000000, 0.000000000000000000 ) ) ;
#1253 = DIRECTION ( 'NONE',  ( 1.000000000000000000, 0.000000000000000000, 0.000000000000000000 ) ) ;
#1254 = ORIENTED_EDGE ( 'NONE', *, *, #978, .T. ) ;
#1255 = CARTESIAN_POINT ( 'NONE',  ( 0.7500000000000000000, 7.599999999999999645, 10.30000000000000071 ) ) ;
#1256 = LINE ( 'NONE', #828, #1350 ) ;
#1257 = VECTOR ( 'NONE', #24, 1000.000000000000000 ) ;
#1258 = EDGE_CURVE ( 'NONE', #608, #927, #591, .T. ) ;
#1259 = APPLICATION_CONTEXT ( 'automotive_design' ) ;
#1260 = VERTEX_POINT ( 'NONE', #1026 ) ;
#1261 = DIRECTION ( 'NONE',  ( 1.000000000000000000, 0.000000000000000000, 0.000000000000000000 ) ) ;
#1262 = CARTESIAN_POINT ( 'NONE',  ( 0.5000000000000000000, 7.100000000000000533, 10.30000000000000071 ) ) ;
#1263 = DIRECTION ( 'NONE',  ( 0.000000000000000000, 0.000000000000000000, -1.000000000000000000 ) ) ;
#1264 = PRODUCT_DEFINITION_SHAPE ( 'NONE', 'NONE',  #650 ) ;
#1265 = ORIENTED_EDGE ( 'NONE', *, *, #1095, .F. ) ;
#1266 = DIRECTION ( 'NONE',  ( 1.694065894508599939E-16, 0.000000000000000000, -1.000000000000000000 ) ) ;
#1267 = ORIENTED_EDGE ( 'NONE', *, *, #867, .T. ) ;
#1268 = DIRECTION ( 'NONE',  ( -1.000000000000000000, 0.000000000000000000, 0.000000000000000000 ) ) ;
#1269 = EDGE_CURVE ( 'NONE', #395, #884, #52, .T. ) ;
#1270 = DIRECTION ( 'NONE',  ( 0.000000000000000000, 0.000000000000000000, 1.000000000000000000 ) ) ;
#1271 = ORIENTED_EDGE ( 'NONE', *, *, #448, .F. ) ;
#1272 = FACE_OUTER_BOUND ( 'NONE', #43, .T. ) ;
#1273 = ORIENTED_EDGE ( 'NONE', *, *, #7, .F. ) ;
#1274 = CIRCLE ( 'NONE', #255, 0.2500000000000002220 ) ;
#1275 = CARTESIAN_POINT ( 'NONE',  ( 13.50000000000000000, 0.7500000000000000000, 10.30000000000000071 ) ) ;
#1276 = UNCERTAINTY_MEASURE_WITH_UNIT (LENGTH_MEASURE( 1.000000000000000082E-05 ), #862, 'distance_accuracy_value', 'NONE');
#1277 = ADVANCED_BREP_SHAPE_REPRESENTATION ( '', ( #1388, #626 ), #885 ) ;
#1278 = PRODUCT_DEFINITION_SHAPE ( 'NONE', 'NONE',  #1389 ) ;
#1279 = LINE ( 'NONE', #961, #212 ) ;
#1280 = ORIENTED_EDGE ( 'NONE', *, *, #768, .F. ) ;
#1281 = DIRECTION ( 'NONE',  ( 0.000000000000000000, 0.000000000000000000, -1.000000000000000000 ) ) ;
#1282 = EDGE_CURVE ( 'NONE', #166, #1109, #71, .T. ) ;
#1283 = EDGE_LOOP ( 'NONE', ( #762, #444, #1273, #1123 ) ) ;
#1284 = CARTESIAN_POINT ( 'NONE',  ( 14.00000000000000000, 6.850000000000000533, 10.80000000000000071 ) ) ;
#1285 = STYLED_ITEM ( 'NONE', ( #154 ), #565 ) ;
#1286 = CARTESIAN_POINT ( 'NONE',  ( 14.00000000000000000, 0.7500000000000000000, 0.000000000000000000 ) ) ;
#1287 = DIRECTION ( 'NONE',  ( 0.000000000000000000, 0.000000000000000000, 1.000000000000000000 ) ) ;
#1288 = ORIENTED_EDGE ( 'NONE', *, *, #1292, .F. ) ;
#1289 = FILL_AREA_STYLE ('',( #875 ) ) ;
#1290 = DIRECTION ( 'NONE',  ( 1.000000000000000000, 0.000000000000000000, 0.000000000000000000 ) ) ;
#1291 = PRODUCT_DEFINITION_SHAPE ( 'NONE', 'NONE',  #1390 ) ;
#1292 = EDGE_CURVE ( 'NONE', #1177, #975, #67, .T. ) ;
#1293 = CARTESIAN_POINT ( 'NONE',  ( 13.25000000000000000, 0.5000000000000000000, 0.5000000000000000000 ) ) ;
#1294 = LINE ( 'NONE', #1284, #235 ) ;
#1295 = UNCERTAINTY_MEASURE_WITH_UNIT (LENGTH_MEASURE( 1.000000000000000082E-05 ), #467, 'distance_accuracy_value', 'NONE');
#1296 = CARTESIAN_POINT ( 'NONE',  ( 0.000000000000000000, 0.000000000000000000, 0.6400000000000000133 ) ) ;
#1297 = DIRECTION ( 'NONE',  ( 0.000000000000000000, 0.000000000000000000, 1.000000000000000000 ) ) ;
#1298 = VERTEX_POINT ( 'NONE', #794 ) ;
#1299 = PLANE ( 'NONE',  #527 ) ;
#1300 = VECTOR ( 'NONE', #934, 1000.000000000000000 ) ;
#1301 = SURFACE_STYLE_FILL_AREA ( #1376 ) ;
#1302 = EDGE_CURVE ( 'NONE', #1383, #564, #887, .T. ) ;
#1303 = VECTOR ( 'NONE', #1081, 1000.000000000000000 ) ;
#1304 = PLANE ( 'NONE',  #168 ) ;
#1305 = VECTOR ( 'NONE', #64, 1000.000000000000000 ) ;
#1306 = VERTEX_POINT ( 'NONE', #976 ) ;
#1307 =( LENGTH_UNIT ( ) NAMED_UNIT ( * ) SI_UNIT ( .MILLI., .METRE. ) );
#1308 = ORIENTED_EDGE ( 'NONE', *, *, #558, .F. ) ;
#1309 = ORIENTED_EDGE ( 'NONE', *, *, #758, .F. ) ;
#1310 = AXIS2_PLACEMENT_3D ( 'NONE', #338, #113, #761 ) ;
#1311 = FACE_OUTER_BOUND ( 'NONE', #1283, .T. ) ;
#1312 = UNCERTAINTY_MEASURE_WITH_UNIT (LENGTH_MEASURE( 1.000000000000000082E-05 ), #1033, 'distance_accuracy_value', 'NONE');
#1313 = CARTESIAN_POINT ( 'NONE',  ( 0.000000000000000000, 0.000000000000000000, 0.000000000000000000 ) ) ;
#1314 = EDGE_CURVE ( 'NONE', #727, #475, #142, .T. ) ;
#1315 = COLOUR_RGB ( '',0.000000000000000000, 0.000000000000000000, 0.000000000000000000 ) ;
#1316 = EDGE_LOOP ( 'NONE', ( #890, #1354, #1108, #540 ) ) ;
#1317 = SURFACE_STYLE_FILL_AREA ( #1289 ) ;
#1318 = STYLED_ITEM ( 'NONE', ( #721 ), #920 ) ;
#1319 = ORIENTED_EDGE ( 'NONE', *, *, #799, .F. ) ;
#1320 = APPLICATION_PROTOCOL_DEFINITION ( 'draft international standard', 'automotive_design', 1998, #1240 ) ;
#1321 = PLANE ( 'NONE',  #915 ) ;
#1322 = EDGE_CURVE ( 'NONE', #711, #680, #321, .T. ) ;
#1323 = CARTESIAN_POINT ( 'NONE',  ( 0.2500000000000000000, 0.000000000000000000, 0.5000000000000000000 ) ) ;
#1324 = EDGE_LOOP ( 'NONE', ( #1009, #177, #1353, #149, #1331, #1267, #1128, #579 ) ) ;
#1325 = ORIENTED_EDGE ( 'NONE', *, *, #328, .T. ) ;
#1326 = ORIENTED_EDGE ( 'NONE', *, *, #596, .T. ) ;
#1327 = PRODUCT_CONTEXT ( 'NONE', #350, 'mechanical' ) ;
#1328 = AXIS2_PLACEMENT_3D ( 'NONE', #89, #176, #600 ) ;
#1329 = AXIS2_PLACEMENT_3D ( 'NONE', #877, #528, #214 ) ;
#1330 = DIRECTION ( 'NONE',  ( 1.000000000000000000, 0.000000000000000000, 0.000000000000000000 ) ) ;
#1331 = ORIENTED_EDGE ( 'NONE', *, *, #531, .T. ) ;
#1332 =( NAMED_UNIT ( * ) PLANE_ANGLE_UNIT ( ) SI_UNIT ( $, .RADIAN. ) );
#1333 = ORIENTED_EDGE ( 'NONE', *, *, #61, .F. ) ;
#1334 = EDGE_LOOP ( 'NONE', ( #1242, #814, #1220, #401, #876, #914, #815, #664 ) ) ;
#1335 = ADVANCED_FACE ( 'NONE', ( #882 ), #644, .T. ) ;
#1336 = DIRECTION ( 'NONE',  ( 0.000000000000000000, 0.000000000000000000, -1.000000000000000000 ) ) ;
#1337 = CARTESIAN_POINT ( 'NONE',  ( 14.00000000000000000, 0.000000000000000000, 0.000000000000000000 ) ) ;
#1338 = EDGE_LOOP ( 'NONE', ( #853, #955, #848, #1309 ) ) ;
#1339 = MECHANICAL_DESIGN_GEOMETRIC_PRESENTATION_REPRESENTATION (  '', ( #1285 ), #970 ) ;
#1340 = ADVANCED_FACE ( 'NONE', ( #752 ), #541, .T. ) ;
#1341 = SHAPE_DEFINITION_REPRESENTATION ( #573, #326 ) ;
#1342 = DIRECTION ( 'NONE',  ( 1.000000000000000000, 0.000000000000000000, 0.000000000000000000 ) ) ;
#1343 = CARTESIAN_POINT ( 'NONE',  ( 0.7500000000000000000, 7.100000000000000533, 0.5000000000000000000 ) ) ;
#1344 =( LENGTH_UNIT ( ) NAMED_UNIT ( * ) SI_UNIT ( .MILLI., .METRE. ) );
#1345 =( REPRESENTATION_RELATIONSHIP ('NONE','NONE', #462, #568 ) REPRESENTATION_RELATIONSHIP_WITH_TRANSFORMATION ( #683 )SHAPE_REPRESENTATION_RELATIONSHIP( ) );
#1346 = ORIENTED_EDGE ( 'NONE', *, *, #531, .F. ) ;
#1347 = EDGE_CURVE ( 'NONE', #275, #564, #969, .T. ) ;
#1348 = ORIENTED_EDGE ( 'NONE', *, *, #287, .T. ) ;
#1349 = LINE ( 'NONE', #152, #1234 ) ;
#1350 = VECTOR ( 'NONE', #629, 1000.000000000000000 ) ;
#1351 = LINE ( 'NONE', #1356, #1305 ) ;
#1352 = CIRCLE ( 'NONE', #733, 0.2500000000000000000 ) ;
#1353 = ORIENTED_EDGE ( 'NONE', *, *, #281, .T. ) ;
#1354 = ORIENTED_EDGE ( 'NONE', *, *, #438, .F. ) ;
#1355 = ADVANCED_FACE ( 'NONE', ( #1072 ), #434, .F. ) ;
#1356 = CARTESIAN_POINT ( 'NONE',  ( 13.00000000000000000, 6.349999999999999645, 0.5000000000000000000 ) ) ;
#1357 = VERTEX_POINT ( 'NONE', #1087 ) ;
#1358 = COLOUR_RGB ( '',0.2000000000000000111, 0.2000000000000000111, 0.2000000000000000111 ) ;
#1359 = AXIS2_PLACEMENT_3D ( 'NONE', #1103, #773, #981 ) ;
#1360 = CIRCLE ( 'NONE', #1056, 0.2500000000000002220 ) ;
#1361 = DIRECTION ( 'NONE',  ( -6.761853492224720163E-18, 0.000000000000000000, -1.000000000000000000 ) ) ;
#1362 = DIRECTION ( 'NONE',  ( -1.000000000000000000, 0.000000000000000000, 0.000000000000000000 ) ) ;
#1363 = VERTEX_POINT ( 'NONE', #130 ) ;
#1364 = DIRECTION ( 'NONE',  ( -1.000000000000000000, -1.334402673828309888E-16, 0.000000000000000000 ) ) ;
#1365 = DIRECTION ( 'NONE',  ( 1.000000000000000078E-15, 0.000000000000000000, -1.000000000000000000 ) ) ;
#1366 = CARTESIAN_POINT ( 'NONE',  ( 0.7500000000000000000, 0.7500000000000000000, 10.80000000000000071 ) ) ;
#1367 = ORIENTED_EDGE ( 'NONE', *, *, #1269, .F. ) ;
#1368 = CARTESIAN_POINT ( 'NONE',  ( 0.2500000000000000000, 6.599999999999999645, 0.5000000000000000000 ) ) ;
#1369 = AXIS2_PLACEMENT_3D ( 'NONE', #305, #825, #838 ) ;
#1370 = EDGE_CURVE ( 'NONE', #687, #1177, #1082, .T. ) ;
#1371 = AXIS2_PLACEMENT_3D ( 'NONE', #586, #685, #474 ) ;
#1372 = VECTOR ( 'NONE', #345, 1000.000000000000000 ) ;
#1373 = CARTESIAN_POINT ( 'NONE',  ( -4.713034651264060152E-17, 6.349999999999999645, 0.5000000000000000000 ) ) ;
#1374 = ORIENTED_EDGE ( 'NONE', *, *, #1370, .F. ) ;
#1375 = CARTESIAN_POINT ( 'NONE',  ( 0.000000000000000000, -4.599999999999999645, 0.000000000000000000 ) ) ;
#1376 = FILL_AREA_STYLE ('',( #20 ) ) ;
#1377 = CIRCLE ( 'NONE', #766, 0.2500000000000002220 ) ;
#1378 = ORIENTED_EDGE ( 'NONE', *, *, #328, .F. ) ;
#1379 = ORIENTED_EDGE ( 'NONE', *, *, #1135, .F. ) ;
#1380 = DIRECTION ( 'NONE',  ( -1.000000000000000000, -1.239088197126289831E-16, 0.000000000000000000 ) ) ;
#1381 = FACE_OUTER_BOUND ( 'NONE', #108, .T. ) ;
#1382 = DIRECTION ( 'NONE',  ( 0.000000000000000000, 0.000000000000000000, 1.000000000000000000 ) ) ;
#1383 = VERTEX_POINT ( 'NONE', #548 ) ;
#1384 = VECTOR ( 'NONE', #163, 1000.000000000000000 ) ;
#1385 = EDGE_LOOP ( 'NONE', ( #620, #624, #334, #601 ) ) ;
#1386 = DIRECTION ( 'NONE',  ( 0.000000000000000000, -1.000000000000000000, 0.000000000000000000 ) ) ;
#1387 = DIRECTION ( 'NONE',  ( 0.000000000000000000, 0.000000000000000000, 1.000000000000000000 ) ) ;
#1388 = MANIFOLD_SOLID_BREP ( 'TSR 3-2412N.stp<1>', #325 ) ;
#1389 = NEXT_ASSEMBLY_USAGE_OCCURRENCE ( 'NAUO1', ' ', ' ', #405, #584, $ ) ;
#1390 = NEXT_ASSEMBLY_USAGE_OCCURRENCE ( 'NAUO2', ' ', ' ', #584, #1186, $ ) ;
#1391 = NEXT_ASSEMBLY_USAGE_OCCURRENCE ( 'NAUO3', ' ', ' ', #584, #650, $ ) ;
#1392 = NEXT_ASSEMBLY_USAGE_OCCURRENCE ( 'NAUO4', ' ', ' ', #584, #1143, $ ) ;
#1393 = NEXT_ASSEMBLY_USAGE_OCCURRENCE ( 'NAUO5', ' ', ' ', #584, #1143, $ ) ;
#1394 = NEXT_ASSEMBLY_USAGE_OCCURRENCE ( 'NAUO6', ' ', ' ', #584, #1143, $ ) ;
ENDSEC;
END-ISO-10303-21;
